txn_id,account_id,customer_id,txn_date,value_date,txn_timestamp,dr_cr,amount_inr,balance_after_txn_inr,channel,instrument_no,description,counterparty_id,counterparty_name,counterparty_type,category_lvl1,category_lvl2,gst_invoice_flag,gst_invoice_no,invoice_due_date,is_cash,is_related_party,is_return,return_reason,loan_facility_id,source_system,classification_confidence,anomaly_tag,notes
TXN-B-20250401-0001,ACC-CTB-002-SB1,CTB-RTL-002,2025-04-01,2025-04-01,2025-04-01T16:03:55,CR,101430.0,139430.0,NEFT,,NEFT CR Business inflow / Salary draw,CP-B-INC,Business inflow / Salary draw,Buyer,Income,Salary credit,N,,,N,N,N,NA,,CBS_SYNTH,0.93,None,
TXN-B-20250401-0002,ACC-CTB-002-SB1,CTB-RTL-002,2025-04-01,2025-04-01,2025-04-01T17:47:40,DR,2193.87,137236.13,Card,,Card DR Reliance Trends,CP-B-SHOP,Reliance Trends,Supplier,Card spend,Retail purchase,N,,,N,N,N,NA,,CBS_SYNTH,0.98,None,
TXN-B-20250401-0003,ACC-CTB-002-SB1,CTB-RTL-002,2025-04-01,2025-04-01,2025-04-01T19:42:38,DR,1723.15,135512.98,Card,,Card DR Zomato,CP-B-FOOD,Zomato,Supplier,Card spend,Retail purchase,N,,,N,N,N,NA,,CBS_SYNTH,0.95,None,
TXN-B-20250403-0004,ACC-CTB-002-SB1,CTB-RTL-002,2025-04-03,2025-04-03,2025-04-03T18:24:52,DR,1834.38,133678.6,Card,,Card DR GlobalMart Online,CP-B-GM,GlobalMart Online,Supplier,Card spend,Retail purchase,N,,,N,N,N,NA,,CBS_SYNTH,0.95,None,
TXN-B-20250404-0005,ACC-CTB-002-SB1,CTB-RTL-002,2025-04-04,2025-04-04,2025-04-04T15:18:40,DR,1770.1,131908.5,UPI,,UPI DR ATM cash withdrawal,CP-B-ATM,ATM cash withdrawal,Supplier,Card spend,Retail purchase,N,,,N,N,N,NA,,CBS_SYNTH,0.99,None,
TXN-B-20250404-0006,ACC-CTB-002-SB1,CTB-RTL-002,2025-04-04,2025-04-04,2025-04-04T17:06:50,DR,891.9,131016.6,Card,,Card DR Indian Oil Fuel,CP-B-FUEL,Indian Oil Fuel,Supplier,Card spend,Retail purchase,N,,,N,N,N,NA,,CBS_SYNTH,0.96,None,
TXN-B-20250405-0007,ACC-CTB-002-SB1,CTB-RTL-002,2025-04-05,2025-04-05,2025-04-05T09:16:56,DR,1101.47,129915.13,Card,,Card DR MSEDCL / Utilities,CP-B-UTIL,MSEDCL / Utilities,Supplier,Card spend,Retail purchase,N,,,N,N,N,NA,,CBS_SYNTH,0.97,None,
TXN-B-20250405-0008,ACC-CTB-002-SB1,CTB-RTL-002,2025-04-05,2025-04-05,2025-04-05T12:13:36,DR,1221.46,128693.67,Card,,Card DR Indian Oil Fuel,CP-B-FUEL,Indian Oil Fuel,Supplier,Card spend,Retail purchase,N,,,N,N,N,NA,,CBS_SYNTH,0.92,None,
TXN-B-20250405-0009,ACC-CTB-002-SB1,CTB-RTL-002,2025-04-05,2025-04-05,2025-04-05T18:31:09,DR,2000.81,126692.86,UPI,,UPI DR MSEDCL / Utilities,CP-B-UTIL,MSEDCL / Utilities,Supplier,Card spend,Retail purchase,N,,,N,N,N,NA,,CBS_SYNTH,0.98,None,
TXN-B-20250407-0010,ACC-CTB-002-SB1,CTB-RTL-002,2025-04-07,2025-04-07,2025-04-07T19:04:53,DR,18900.0,107792.86,AutoDebit,,AutoDebit DR Loan EMI,CP-B-BANK,Contoso Bank (Loan EMI),Bank,EMI,Loan EMI,N,,,N,N,N,NA,FAC-B-PL-001,CBS_SYNTH,0.98,None,
TXN-B-20250408-0011,ACC-CTB-002-SB1,CTB-RTL-002,2025-04-08,2025-04-08,2025-04-08T09:45:49,DR,1401.42,106391.44,Card,,Card DR Reliance Trends,CP-B-SHOP,Reliance Trends,Supplier,Card spend,Retail purchase,N,,,N,N,N,NA,,CBS_SYNTH,0.95,None,
TXN-B-20250408-0012,ACC-CTB-002-SB1,CTB-RTL-002,2025-04-08,2025-04-08,2025-04-08T15:49:59,DR,960.12,105431.32,UPI,,UPI DR Indian Oil Fuel,CP-B-FUEL,Indian Oil Fuel,Supplier,Card spend,Retail purchase,N,,,N,N,N,NA,,CBS_SYNTH,0.93,None,
TXN-B-20250408-0013,ACC-CTB-002-SB1,CTB-RTL-002,2025-04-08,2025-04-08,2025-04-08T16:52:24,DR,1808.93,103622.39,UPI,,UPI DR GlobalMart Online,CP-B-GM,GlobalMart Online,Supplier,Card spend,Retail purchase,N,,,N,N,N,NA,,CBS_SYNTH,0.93,None,
TXN-B-20250408-0014,ACC-CTB-002-SB1,CTB-RTL-002,2025-04-08,2025-04-08,2025-04-08T20:15:53,DR,1369.57,102252.82,UPI,,UPI DR MSEDCL / Utilities,CP-B-UTIL,MSEDCL / Utilities,Supplier,Card spend,Retail purchase,N,,,N,N,N,NA,,CBS_SYNTH,0.94,None,
TXN-B-20250409-0015,ACC-CTB-002-SB1,CTB-RTL-002,2025-04-09,2025-04-09,2025-04-09T10:17:57,DR,1226.54,101026.28,Card,,Card DR MSEDCL / Utilities,CP-B-UTIL,MSEDCL / Utilities,Supplier,Card spend,Retail purchase,N,,,N,N,N,NA,,CBS_SYNTH,0.91,None,
TXN-B-20250409-0016,ACC-CTB-002-SB1,CTB-RTL-002,2025-04-09,2025-04-09,2025-04-09T13:07:57,DR,2003.68,99022.6,Card,,Card DR Reliance Trends,CP-B-SHOP,Reliance Trends,Supplier,Card spend,Retail purchase,N,,,N,N,N,NA,,CBS_SYNTH,0.9,None,
TXN-B-20250409-0017,ACC-CTB-002-SB1,CTB-RTL-002,2025-04-09,2025-04-09,2025-04-09T14:37:41,DR,1774.69,97247.91,UPI,,UPI DR Reliance Trends,CP-B-SHOP,Reliance Trends,Supplier,Card spend,Retail purchase,N,,,N,N,N,NA,,CBS_SYNTH,0.93,None,
TXN-B-20250409-0018,ACC-CTB-002-SB1,CTB-RTL-002,2025-04-09,2025-04-09,2025-04-09T17:46:00,DR,8820.0,88427.91,AutoDebit,,AutoDebit DR ATM cash withdrawal,CP-B-ATM,ATM cash withdrawal,Supplier,Utilities,Bill payment,N,,,N,N,N,NA,,CBS_SYNTH,0.92,None,
TXN-B-20250410-0019,ACC-CTB-002-SB1,CTB-RTL-002,2025-04-10,2025-04-10,2025-04-10T13:51:27,DR,1746.51,86681.4,Card,,Card DR Reliance Trends,CP-B-SHOP,Reliance Trends,Supplier,Card spend,Retail purchase,N,,,N,N,N,NA,,CBS_SYNTH,0.98,None,
TXN-B-20250411-0020,ACC-CTB-002-SB1,CTB-RTL-002,2025-04-11,2025-04-11,2025-04-11T09:48:19,DR,1325.2,85356.2,Card,,Card DR GlobalMart Online,CP-B-GM,GlobalMart Online,Supplier,Card spend,Retail purchase,N,,,N,N,N,NA,,CBS_SYNTH,0.98,None,
TXN-B-20250411-0021,ACC-CTB-002-SB1,CTB-RTL-002,2025-04-11,2025-04-11,2025-04-11T18:30:22,DR,8820.0,76536.2,Cash,,Cash DR ATM withdrawal,CP-B-ATM,ATM cash withdrawal,Supplier,Cash,ATM withdrawal,N,,,Y,N,N,NA,,CBS_SYNTH,0.98,None,
TXN-B-20250412-0022,ACC-CTB-002-SB1,CTB-RTL-002,2025-04-12,2025-04-12,2025-04-12T10:21:42,DR,1150.46,75385.74,Card,,Card DR Zomato,CP-B-FOOD,Zomato,Supplier,Card spend,Retail purchase,N,,,N,N,N,NA,,CBS_SYNTH,0.96,None,
TXN-B-20250412-0023,ACC-CTB-002-SB1,CTB-RTL-002,2025-04-12,2025-04-12,2025-04-12T10:42:39,DR,1969.65,73416.09,Card,,Card DR Reliance Trends,CP-B-SHOP,Reliance Trends,Supplier,Card spend,Retail purchase,N,,,N,N,N,NA,,CBS_SYNTH,0.96,None,
TXN-B-20250412-0024,ACC-CTB-002-SB1,CTB-RTL-002,2025-04-12,2025-04-12,2025-04-12T20:33:31,DR,1829.02,71587.07,Card,,Card DR Reliance Trends,CP-B-SHOP,Reliance Trends,Supplier,Card spend,Retail purchase,N,,,N,N,N,NA,,CBS_SYNTH,0.97,None,
TXN-B-20250412-0025,ACC-CTB-002-SB1,CTB-RTL-002,2025-04-12,2025-04-12,2025-04-12T21:23:55,DR,8820.0,62767.07,Cash,,Cash DR ATM withdrawal,CP-B-ATM,ATM cash withdrawal,Supplier,Cash,ATM withdrawal,N,,,Y,N,N,NA,,CBS_SYNTH,0.97,None,
TXN-B-20250414-0026,ACC-CTB-002-SB1,CTB-RTL-002,2025-04-14,2025-04-14,2025-04-14T15:02:15,DR,1438.58,61328.49,Card,,Card DR ATM cash withdrawal,CP-B-ATM,ATM cash withdrawal,Supplier,Card spend,Retail purchase,N,,,N,N,N,NA,,CBS_SYNTH,0.92,None,
TXN-B-20250415-0027,ACC-CTB-002-SB1,CTB-RTL-002,2025-04-15,2025-04-15,2025-04-15T14:31:16,DR,659.25,60669.24,UPI,,UPI DR Reliance Trends,CP-B-SHOP,Reliance Trends,Supplier,Card spend,Retail purchase,N,,,N,N,N,NA,,CBS_SYNTH,0.93,None,
TXN-B-20250415-0028,ACC-CTB-002-SB1,CTB-RTL-002,2025-04-15,2025-04-15,2025-04-15T17:57:45,DR,1595.82,59073.42,UPI,,UPI DR GlobalMart Online,CP-B-GM,GlobalMart Online,Supplier,Card spend,Retail purchase,N,,,N,N,N,NA,,CBS_SYNTH,0.98,None,
TXN-B-20250416-0029,ACC-CTB-002-SB1,CTB-RTL-002,2025-04-16,2025-04-16,2025-04-16T21:22:44,DR,2208.03,56865.39,UPI,,UPI DR Zomato,CP-B-FOOD,Zomato,Supplier,Card spend,Retail purchase,N,,,N,N,N,NA,,CBS_SYNTH,0.95,None,
TXN-B-20250417-0030,ACC-CTB-002-SB1,CTB-RTL-002,2025-04-17,2025-04-17,2025-04-17T12:04:02,DR,1422.89,55442.5,Card,,Card DR Zomato,CP-B-FOOD,Zomato,Supplier,Card spend,Retail purchase,N,,,N,N,N,NA,,CBS_SYNTH,0.94,None,
TXN-B-20250417-0031,ACC-CTB-002-SB1,CTB-RTL-002,2025-04-17,2025-04-17,2025-04-17T17:29:37,DR,1870.13,53572.37,UPI,,UPI DR MSEDCL / Utilities,CP-B-UTIL,MSEDCL / Utilities,Supplier,Card spend,Retail purchase,N,,,N,N,N,NA,,CBS_SYNTH,0.92,None,
TXN-B-20250421-0032,ACC-CTB-002-SB1,CTB-RTL-002,2025-04-21,2025-04-21,2025-04-21T09:26:37,DR,1228.38,52343.99,UPI,,UPI DR Indian Oil Fuel,CP-B-FUEL,Indian Oil Fuel,Supplier,Card spend,Retail purchase,N,,,N,N,N,NA,,CBS_SYNTH,0.96,None,
TXN-B-20250424-0033,ACC-CTB-002-SB1,CTB-RTL-002,2025-04-24,2025-04-24,2025-04-24T18:58:16,DR,1594.15,50749.84,UPI,,UPI DR Reliance Trends,CP-B-SHOP,Reliance Trends,Supplier,Card spend,Retail purchase,N,,,N,N,N,NA,,CBS_SYNTH,0.94,None,
TXN-B-20250425-0034,ACC-CTB-002-SB1,CTB-RTL-002,2025-04-25,2025-04-25,2025-04-25T14:35:16,DR,1038.0,49711.84,Card,,Card DR Reliance Trends,CP-B-SHOP,Reliance Trends,Supplier,Card spend,Retail purchase,N,,,N,N,N,NA,,CBS_SYNTH,0.9,None,
TXN-B-20250425-0035,ACC-CTB-002-SB1,CTB-RTL-002,2025-04-25,2025-04-25,2025-04-25T20:45:12,DR,691.22,49020.62,UPI,,UPI DR ATM cash withdrawal,CP-B-ATM,ATM cash withdrawal,Supplier,Card spend,Retail purchase,N,,,N,N,N,NA,,CBS_SYNTH,0.92,None,
TXN-B-20250426-0036,ACC-CTB-002-SB1,CTB-RTL-002,2025-04-26,2025-04-26,2025-04-26T08:13:17,DR,1618.2,47402.42,Card,,Card DR MSEDCL / Utilities,CP-B-UTIL,MSEDCL / Utilities,Supplier,Card spend,Retail purchase,N,,,N,N,N,NA,,CBS_SYNTH,0.92,None,
TXN-B-20250428-0037,ACC-CTB-002-SB1,CTB-RTL-002,2025-04-28,2025-04-28,2025-04-28T18:01:05,DR,15435.0,31967.42,NetBanking,,NetBanking DR Credit card bill,CP-B-BANK,Contoso Bank,Bank,Card bill,Credit card payment,N,,,N,N,N,NA,FAC-B-CC-001,CBS_SYNTH,0.99,None,
TXN-B-20250429-0038,ACC-CTB-002-SB1,CTB-RTL-002,2025-04-29,2025-04-29,2025-04-29T10:30:20,DR,1261.48,30705.94,Card,,Card DR Zomato,CP-B-FOOD,Zomato,Supplier,Card spend,Retail purchase,N,,,N,N,N,NA,,CBS_SYNTH,0.95,None,
TXN-B-20250430-0039,ACC-CTB-002-SB1,CTB-RTL-002,2025-04-30,2025-04-30,2025-04-30T09:46:11,DR,1917.0,28788.94,Card,,Card DR Indian Oil Fuel,CP-B-FUEL,Indian Oil Fuel,Supplier,Card spend,Retail purchase,N,,,N,N,N,NA,,CBS_SYNTH,0.97,None,
TXN-B-20250501-0040,ACC-CTB-002-SB1,CTB-RTL-002,2025-05-01,2025-05-01,2025-05-01T16:40:35,DR,1149.09,27639.85,UPI,,UPI DR Reliance Trends,CP-B-SHOP,Reliance Trends,Supplier,Card spend,Retail purchase,N,,,N,N,N,NA,,CBS_SYNTH,0.9,None,
TXN-B-20250501-0041,ACC-CTB-002-SB1,CTB-RTL-002,2025-05-01,2025-05-01,2025-05-01T19:29:07,CR,96600.0,124239.85,NEFT,,NEFT CR Business inflow / Salary draw,CP-B-INC,Business inflow / Salary draw,Buyer,Income,Salary credit,N,,,N,N,N,NA,,CBS_SYNTH,0.91,None,
TXN-B-20250502-0042,ACC-CTB-002-SB1,CTB-RTL-002,2025-05-02,2025-05-02,2025-05-02T11:22:29,DR,1406.64,122833.21,Card,,Card DR Indian Oil Fuel,CP-B-FUEL,Indian Oil Fuel,Supplier,Card spend,Retail purchase,N,,,N,N,N,NA,,CBS_SYNTH,0.95,None,
TXN-B-20250503-0043,ACC-CTB-002-SB1,CTB-RTL-002,2025-05-03,2025-05-03,2025-05-03T18:50:59,DR,693.81,122139.4,UPI,,UPI DR MSEDCL / Utilities,CP-B-UTIL,MSEDCL / Utilities,Supplier,Card spend,Retail purchase,N,,,N,N,N,NA,,CBS_SYNTH,0.94,None,
TXN-B-20250505-0044,ACC-CTB-002-SB1,CTB-RTL-002,2025-05-05,2025-05-05,2025-05-05T09:49:40,DR,8400.0,113739.4,AutoDebit,,AutoDebit DR ATM cash withdrawal,CP-B-ATM,ATM cash withdrawal,Supplier,Utilities,Bill payment,N,,,N,N,N,NA,,CBS_SYNTH,0.91,None,
TXN-B-20250505-0045,ACC-CTB-002-SB1,CTB-RTL-002,2025-05-05,2025-05-05,2025-05-05T16:22:37,DR,1486.22,112253.18,UPI,,UPI DR GlobalMart Online,CP-B-GM,GlobalMart Online,Supplier,Card spend,Retail purchase,N,,,N,N,N,NA,,CBS_SYNTH,0.92,None,
TXN-B-20250505-0046,ACC-CTB-002-SB1,CTB-RTL-002,2025-05-05,2025-05-05,2025-05-05T21:08:07,DR,1537.63,110715.55,Card,,Card DR Indian Oil Fuel,CP-B-FUEL,Indian Oil Fuel,Supplier,Card spend,Retail purchase,N,,,N,N,N,NA,,CBS_SYNTH,0.97,None,
TXN-B-20250506-0047,ACC-CTB-002-SB1,CTB-RTL-002,2025-05-06,2025-05-06,2025-05-06T21:50:55,DR,1510.95,109204.6,Card,,Card DR ATM cash withdrawal,CP-B-ATM,ATM cash withdrawal,Supplier,Card spend,Retail purchase,N,,,N,N,N,NA,,CBS_SYNTH,0.96,None,
TXN-B-20250507-0048,ACC-CTB-002-SB1,CTB-RTL-002,2025-05-07,2025-05-07,2025-05-07T13:49:32,DR,620.35,108584.25,Card,,Card DR Indian Oil Fuel,CP-B-FUEL,Indian Oil Fuel,Supplier,Card spend,Retail purchase,N,,,N,N,N,NA,,CBS_SYNTH,0.9,None,
TXN-B-20250507-0049,ACC-CTB-002-SB1,CTB-RTL-002,2025-05-07,2025-05-07,2025-05-07T17:48:16,DR,18900.0,89684.25,AutoDebit,,AutoDebit DR Loan EMI,CP-B-BANK,Contoso Bank (Loan EMI),Bank,EMI,Loan EMI,N,,,N,N,N,NA,FAC-B-PL-001,CBS_SYNTH,0.93,None,
TXN-B-20250508-0050,ACC-CTB-002-SB1,CTB-RTL-002,2025-05-08,2025-05-08,2025-05-08T12:40:13,DR,1140.15,88544.1,UPI,,UPI DR Indian Oil Fuel,CP-B-FUEL,Indian Oil Fuel,Supplier,Card spend,Retail purchase,N,,,N,N,N,NA,,CBS_SYNTH,0.95,None,
TXN-B-20250508-0051,ACC-CTB-002-SB1,CTB-RTL-002,2025-05-08,2025-05-08,2025-05-08T13:31:05,DR,864.35,87679.75,UPI,,UPI DR Reliance Trends,CP-B-SHOP,Reliance Trends,Supplier,Card spend,Retail purchase,N,,,N,N,N,NA,,CBS_SYNTH,0.96,None,
TXN-B-20250508-0052,ACC-CTB-002-SB1,CTB-RTL-002,2025-05-08,2025-05-08,2025-05-08T15:28:26,DR,847.43,86832.32,Card,,Card DR MSEDCL / Utilities,CP-B-UTIL,MSEDCL / Utilities,Supplier,Card spend,Retail purchase,N,,,N,N,N,NA,,CBS_SYNTH,0.97,None,
TXN-B-20250509-0053,ACC-CTB-002-SB1,CTB-RTL-002,2025-05-09,2025-05-09,2025-05-09T13:42:44,DR,1255.1,85577.22,UPI,,UPI DR MSEDCL / Utilities,CP-B-UTIL,MSEDCL / Utilities,Supplier,Card spend,Retail purchase,N,,,N,N,N,NA,,CBS_SYNTH,0.91,None,
TXN-B-20250510-0054,ACC-CTB-002-SB1,CTB-RTL-002,2025-05-10,2025-05-10,2025-05-10T09:47:02,DR,642.62,84934.6,Card,,Card DR Zomato,CP-B-FOOD,Zomato,Supplier,Card spend,Retail purchase,N,,,N,N,N,NA,,CBS_SYNTH,0.94,None,
TXN-B-20250510-0055,ACC-CTB-002-SB1,CTB-RTL-002,2025-05-10,2025-05-10,2025-05-10T20:14:49,DR,625.07,84309.53,UPI,,UPI DR MSEDCL / Utilities,CP-B-UTIL,MSEDCL / Utilities,Supplier,Card spend,Retail purchase,N,,,N,N,N,NA,,CBS_SYNTH,0.94,None,
TXN-B-20250510-0056,ACC-CTB-002-SB1,CTB-RTL-002,2025-05-10,2025-05-10,2025-05-10T21:21:50,DR,545.25,83764.28,Card,,Card DR Reliance Trends,CP-B-SHOP,Reliance Trends,Supplier,Card spend,Retail purchase,N,,,N,N,N,NA,,CBS_SYNTH,0.93,None,
TXN-B-20250512-0057,ACC-CTB-002-SB1,CTB-RTL-002,2025-05-12,2025-05-12,2025-05-12T20:36:58,DR,5600.0,78164.28,Cash,,Cash DR ATM withdrawal,CP-B-ATM,ATM cash withdrawal,Supplier,Cash,ATM withdrawal,N,,,Y,N,N,NA,,CBS_SYNTH,0.95,None,
TXN-B-20250513-0058,ACC-CTB-002-SB1,CTB-RTL-002,2025-05-13,2025-05-13,2025-05-13T17:14:00,DR,1343.53,76820.75,Card,,Card DR ATM cash withdrawal,CP-B-ATM,ATM cash withdrawal,Supplier,Card spend,Retail purchase,N,,,N,N,N,NA,,CBS_SYNTH,0.95,None,
TXN-B-20250513-0059,ACC-CTB-002-SB1,CTB-RTL-002,2025-05-13,2025-05-13,2025-05-13T17:56:40,DR,1553.14,75267.61,Card,,Card DR MSEDCL / Utilities,CP-B-UTIL,MSEDCL / Utilities,Supplier,Card spend,Retail purchase,N,,,N,N,N,NA,,CBS_SYNTH,0.92,None,
TXN-B-20250514-0060,ACC-CTB-002-SB1,CTB-RTL-002,2025-05-14,2025-05-14,2025-05-14T09:40:26,DR,738.33,74529.28,Card,,Card DR Zomato,CP-B-FOOD,Zomato,Supplier,Card spend,Retail purchase,N,,,N,N,N,NA,,CBS_SYNTH,0.99,None,
TXN-B-20250514-0061,ACC-CTB-002-SB1,CTB-RTL-002,2025-05-14,2025-05-14,2025-05-14T10:55:47,DR,526.85,74002.43,Card,,Card DR ATM cash withdrawal,CP-B-ATM,ATM cash withdrawal,Supplier,Card spend,Retail purchase,N,,,N,N,N,NA,,CBS_SYNTH,0.93,None,
TXN-B-20250514-0062,ACC-CTB-002-SB1,CTB-RTL-002,2025-05-14,2025-05-14,2025-05-14T13:36:20,DR,546.02,73456.41,Card,,Card DR ATM cash withdrawal,CP-B-ATM,ATM cash withdrawal,Supplier,Card spend,Retail purchase,N,,,N,N,N,NA,,CBS_SYNTH,0.97,None,
TXN-B-20250514-0063,ACC-CTB-002-SB1,CTB-RTL-002,2025-05-14,2025-05-14,2025-05-14T14:39:08,DR,999.3,72457.11,Card,,Card DR Reliance Trends,CP-B-SHOP,Reliance Trends,Supplier,Card spend,Retail purchase,N,,,N,N,N,NA,,CBS_SYNTH,0.91,None,
TXN-B-20250514-0064,ACC-CTB-002-SB1,CTB-RTL-002,2025-05-14,2025-05-14,2025-05-14T17:07:39,DR,986.73,71470.38,UPI,,UPI DR MSEDCL / Utilities,CP-B-UTIL,MSEDCL / Utilities,Supplier,Card spend,Retail purchase,N,,,N,N,N,NA,,CBS_SYNTH,0.91,None,
TXN-B-20250514-0065,ACC-CTB-002-SB1,CTB-RTL-002,2025-05-14,2025-05-14,2025-05-14T21:33:14,DR,641.21,70829.17,UPI,,UPI DR Indian Oil Fuel,CP-B-FUEL,Indian Oil Fuel,Supplier,Card spend,Retail purchase,N,,,N,N,N,NA,,CBS_SYNTH,0.94,None,
TXN-B-20250514-0066,ACC-CTB-002-SB1,CTB-RTL-002,2025-05-14,2025-05-14,2025-05-14T21:48:08,DR,1559.95,69269.22,Card,,Card DR Zomato,CP-B-FOOD,Zomato,Supplier,Card spend,Retail purchase,N,,,N,N,N,NA,,CBS_SYNTH,0.92,None,
TXN-B-20250515-0067,ACC-CTB-002-SB1,CTB-RTL-002,2025-05-15,2025-05-15,2025-05-15T08:47:51,DR,842.19,68427.03,UPI,,UPI DR Reliance Trends,CP-B-SHOP,Reliance Trends,Supplier,Card spend,Retail purchase,N,,,N,N,N,NA,,CBS_SYNTH,0.97,None,
TXN-B-20250515-0068,ACC-CTB-002-SB1,CTB-RTL-002,2025-05-15,2025-05-15,2025-05-15T20:18:53,DR,1537.49,66889.54,UPI,,UPI DR Indian Oil Fuel,CP-B-FUEL,Indian Oil Fuel,Supplier,Card spend,Retail purchase,N,,,N,N,N,NA,,CBS_SYNTH,0.96,None,
TXN-B-20250516-0069,ACC-CTB-002-SB1,CTB-RTL-002,2025-05-16,2025-05-16,2025-05-16T17:17:23,DR,774.8,66114.74,UPI,,UPI DR Reliance Trends,CP-B-SHOP,Reliance Trends,Supplier,Card spend,Retail purchase,N,,,N,N,N,NA,,CBS_SYNTH,0.92,None,
TXN-B-20250516-0070,ACC-CTB-002-SB1,CTB-RTL-002,2025-05-16,2025-05-16,2025-05-16T18:56:55,DR,653.05,65461.69,UPI,,UPI DR Indian Oil Fuel,CP-B-FUEL,Indian Oil Fuel,Supplier,Card spend,Retail purchase,N,,,N,N,N,NA,,CBS_SYNTH,0.94,None,
TXN-B-20250517-0071,ACC-CTB-002-SB1,CTB-RTL-002,2025-05-17,2025-05-17,2025-05-17T10:52:09,DR,1101.0,64360.69,UPI,,UPI DR ATM cash withdrawal,CP-B-ATM,ATM cash withdrawal,Supplier,Card spend,Retail purchase,N,,,N,N,N,NA,,CBS_SYNTH,0.92,None,
TXN-B-20250517-0072,ACC-CTB-002-SB1,CTB-RTL-002,2025-05-17,2025-05-17,2025-05-17T11:56:25,DR,1166.04,63194.65,UPI,,UPI DR GlobalMart Online,CP-B-GM,GlobalMart Online,Supplier,Card spend,Retail purchase,N,,,N,N,N,NA,,CBS_SYNTH,0.95,None,
TXN-B-20250519-0073,ACC-CTB-002-SB1,CTB-RTL-002,2025-05-19,2025-05-19,2025-05-19T11:49:54,DR,937.77,62256.88,Card,,Card DR Indian Oil Fuel,CP-B-FUEL,Indian Oil Fuel,Supplier,Card spend,Retail purchase,N,,,N,N,N,NA,,CBS_SYNTH,0.95,None,
TXN-B-20250519-0074,ACC-CTB-002-SB1,CTB-RTL-002,2025-05-19,2025-05-19,2025-05-19T20:07:05,DR,943.69,61313.19,Card,,Card DR MSEDCL / Utilities,CP-B-UTIL,MSEDCL / Utilities,Supplier,Card spend,Retail purchase,N,,,N,N,N,NA,,CBS_SYNTH,0.97,None,
TXN-B-20250520-0075,ACC-CTB-002-SB1,CTB-RTL-002,2025-05-20,2025-05-20,2025-05-20T14:17:28,DR,1073.52,60239.67,Card,,Card DR MSEDCL / Utilities,CP-B-UTIL,MSEDCL / Utilities,Supplier,Card spend,Retail purchase,N,,,N,N,N,NA,,CBS_SYNTH,0.96,None,
TXN-B-20250520-0076,ACC-CTB-002-SB1,CTB-RTL-002,2025-05-20,2025-05-20,2025-05-20T17:27:13,DR,1288.64,58951.03,Card,,Card DR Zomato,CP-B-FOOD,Zomato,Supplier,Card spend,Retail purchase,N,,,N,N,N,NA,,CBS_SYNTH,0.96,None,
TXN-B-20250520-0077,ACC-CTB-002-SB1,CTB-RTL-002,2025-05-20,2025-05-20,2025-05-20T18:07:58,DR,762.27,58188.76,Card,,Card DR ATM cash withdrawal,CP-B-ATM,ATM cash withdrawal,Supplier,Card spend,Retail purchase,N,,,N,N,N,NA,,CBS_SYNTH,0.96,None,
TXN-B-20250521-0078,ACC-CTB-002-SB1,CTB-RTL-002,2025-05-21,2025-05-21,2025-05-21T12:00:22,DR,1363.1,56825.66,UPI,,UPI DR Reliance Trends,CP-B-SHOP,Reliance Trends,Supplier,Card spend,Retail purchase,N,,,N,N,N,NA,,CBS_SYNTH,0.92,None,
TXN-B-20250522-0079,ACC-CTB-002-SB1,CTB-RTL-002,2025-05-22,2025-05-22,2025-05-22T19:20:19,DR,1413.08,55412.58,Card,,Card DR Indian Oil Fuel,CP-B-FUEL,Indian Oil Fuel,Supplier,Card spend,Retail purchase,N,,,N,N,N,NA,,CBS_SYNTH,0.94,None,
TXN-B-20250523-0080,ACC-CTB-002-SB1,CTB-RTL-002,2025-05-23,2025-05-23,2025-05-23T19:04:14,DR,713.96,54698.62,Card,,Card DR GlobalMart Online,CP-B-GM,GlobalMart Online,Supplier,Card spend,Retail purchase,N,,,N,N,N,NA,,CBS_SYNTH,0.95,None,
TXN-B-20250524-0081,ACC-CTB-002-SB1,CTB-RTL-002,2025-05-24,2025-05-24,2025-05-24T10:33:36,DR,705.74,53992.88,Card,,Card DR GlobalMart Online,CP-B-GM,GlobalMart Online,Supplier,Card spend,Retail purchase,N,,,N,N,N,NA,,CBS_SYNTH,0.95,None,
TXN-B-20250527-0082,ACC-CTB-002-SB1,CTB-RTL-002,2025-05-27,2025-05-27,2025-05-27T08:03:07,DR,914.17,53078.71,Card,,Card DR Indian Oil Fuel,CP-B-FUEL,Indian Oil Fuel,Supplier,Card spend,Retail purchase,N,,,N,N,N,NA,,CBS_SYNTH,0.96,None,
TXN-B-20250527-0083,ACC-CTB-002-SB1,CTB-RTL-002,2025-05-27,2025-05-27,2025-05-27T11:17:51,DR,1140.26,51938.45,Card,,Card DR MSEDCL / Utilities,CP-B-UTIL,MSEDCL / Utilities,Supplier,Card spend,Retail purchase,N,,,N,N,N,NA,,CBS_SYNTH,0.9,None,
TXN-B-20250527-0084,ACC-CTB-002-SB1,CTB-RTL-002,2025-05-27,2025-05-27,2025-05-27T14:05:00,DR,1177.15,50761.3,Card,,Card DR Reliance Trends,CP-B-SHOP,Reliance Trends,Supplier,Card spend,Retail purchase,N,,,N,N,N,NA,,CBS_SYNTH,0.97,None,
TXN-B-20250527-0085,ACC-CTB-002-SB1,CTB-RTL-002,2025-05-27,2025-05-27,2025-05-27T21:27:37,DR,569.39,50191.91,UPI,,UPI DR Reliance Trends,CP-B-SHOP,Reliance Trends,Supplier,Card spend,Retail purchase,N,,,N,N,N,NA,,CBS_SYNTH,0.91,None,
TXN-B-20250529-0086,ACC-CTB-002-SB1,CTB-RTL-002,2025-05-29,2025-05-29,2025-05-29T11:52:00,DR,1339.69,48852.22,Card,,Card DR ATM cash withdrawal,CP-B-ATM,ATM cash withdrawal,Supplier,Card spend,Retail purchase,N,,,N,N,N,NA,,CBS_SYNTH,0.93,None,
TXN-B-20250529-0087,ACC-CTB-002-SB1,CTB-RTL-002,2025-05-29,2025-05-29,2025-05-29T12:59:47,DR,1585.0,47267.22,UPI,,UPI DR Indian Oil Fuel,CP-B-FUEL,Indian Oil Fuel,Supplier,Card spend,Retail purchase,N,,,N,N,N,NA,,CBS_SYNTH,0.94,None,
TXN-B-20250529-0088,ACC-CTB-002-SB1,CTB-RTL-002,2025-05-29,2025-05-29,2025-05-29T16:56:23,DR,5600.0,41667.22,Cash,,Cash DR ATM withdrawal,CP-B-ATM,ATM cash withdrawal,Supplier,Cash,ATM withdrawal,N,,,Y,N,N,NA,,CBS_SYNTH,0.95,None,
TXN-B-20250529-0089,ACC-CTB-002-SB1,CTB-RTL-002,2025-05-29,2025-05-29,2025-05-29T19:12:54,DR,14700.0,26967.22,NetBanking,,NetBanking DR Credit card bill,CP-B-BANK,Contoso Bank,Bank,Card bill,Credit card payment,N,,,N,N,N,NA,FAC-B-CC-001,CBS_SYNTH,0.93,None,
TXN-B-20250530-0090,ACC-CTB-002-SB1,CTB-RTL-002,2025-05-30,2025-05-30,2025-05-30T11:56:09,DR,5600.0,21367.22,Cash,,Cash DR ATM withdrawal,CP-B-ATM,ATM cash withdrawal,Supplier,Cash,ATM withdrawal,N,,,Y,N,N,NA,,CBS_SYNTH,0.98,None,
TXN-B-20250531-0091,ACC-CTB-002-SB1,CTB-RTL-002,2025-05-31,2025-05-31,2025-05-31T15:05:26,DR,1235.08,20132.14,UPI,,UPI DR Reliance Trends,CP-B-SHOP,Reliance Trends,Supplier,Card spend,Retail purchase,N,,,N,N,N,NA,,CBS_SYNTH,0.9,None,
TXN-B-20250601-0092,ACC-CTB-002-SB1,CTB-RTL-002,2025-06-01,2025-06-01,2025-06-01T20:05:02,CR,91770.0,111902.14,NEFT,,NEFT CR Business inflow / Salary draw,CP-B-INC,Business inflow / Salary draw,Buyer,Income,Salary credit,N,,,N,N,N,NA,,CBS_SYNTH,0.93,None,
TXN-B-20250602-0093,ACC-CTB-002-SB1,CTB-RTL-002,2025-06-02,2025-06-02,2025-06-02T08:06:48,DR,819.45,111082.69,Card,,Card DR ATM cash withdrawal,CP-B-ATM,ATM cash withdrawal,Supplier,Card spend,Retail purchase,N,,,N,N,N,NA,,CBS_SYNTH,0.98,None,
TXN-B-20250602-0094,ACC-CTB-002-SB1,CTB-RTL-002,2025-06-02,2025-06-02,2025-06-02T12:48:27,DR,2087.3,108995.39,Card,,Card DR Zomato,CP-B-FOOD,Zomato,Supplier,Card spend,Retail purchase,N,,,N,N,N,NA,,CBS_SYNTH,0.91,None,
TXN-B-20250603-0095,ACC-CTB-002-SB1,CTB-RTL-002,2025-06-03,2025-06-03,2025-06-03T17:51:10,DR,1370.07,107625.32,UPI,,UPI DR Reliance Trends,CP-B-SHOP,Reliance Trends,Supplier,Card spend,Retail purchase,N,,,N,N,N,NA,,CBS_SYNTH,0.96,None,
TXN-B-20250605-0096,ACC-CTB-002-SB1,CTB-RTL-002,2025-06-05,2025-06-05,2025-06-05T08:03:42,DR,1055.49,106569.83,Card,,Card DR Zomato,CP-B-FOOD,Zomato,Supplier,Card spend,Retail purchase,N,,,N,N,N,NA,,CBS_SYNTH,0.91,None,
TXN-B-20250606-0097,ACC-CTB-002-SB1,CTB-RTL-002,2025-06-06,2025-06-06,2025-06-06T20:07:56,DR,1115.75,105454.08,UPI,,UPI DR ATM cash withdrawal,CP-B-ATM,ATM cash withdrawal,Supplier,Card spend,Retail purchase,N,,,N,N,N,NA,,CBS_SYNTH,0.94,None,
TXN-B-20250607-0098,ACC-CTB-002-SB1,CTB-RTL-002,2025-06-07,2025-06-07,2025-06-07T13:53:34,DR,18900.0,86554.08,AutoDebit,,AutoDebit DR Loan EMI,CP-B-BANK,Contoso Bank (Loan EMI),Bank,EMI,Loan EMI,N,,,N,N,N,NA,FAC-B-PL-001,CBS_SYNTH,0.9,None,
TXN-B-20250607-0099,ACC-CTB-002-SB1,CTB-RTL-002,2025-06-07,2025-06-07,2025-06-07T14:24:31,DR,1895.78,84658.3,UPI,,UPI DR Zomato,CP-B-FOOD,Zomato,Supplier,Card spend,Retail purchase,N,,,N,N,N,NA,,CBS_SYNTH,0.93,None,
TXN-B-20250610-0100,ACC-CTB-002-SB1,CTB-RTL-002,2025-06-10,2025-06-10,2025-06-10T08:47:07,DR,859.71,83798.59,UPI,,UPI DR ATM cash withdrawal,CP-B-ATM,ATM cash withdrawal,Supplier,Card spend,Retail purchase,N,,,N,N,N,NA,,CBS_SYNTH,0.94,None,
TXN-B-20250610-0101,ACC-CTB-002-SB1,CTB-RTL-002,2025-06-10,2025-06-10,2025-06-10T19:27:56,DR,1315.12,82483.47,Card,,Card DR ATM cash withdrawal,CP-B-ATM,ATM cash withdrawal,Supplier,Card spend,Retail purchase,N,,,N,N,N,NA,,CBS_SYNTH,0.97,None,
TXN-B-20250611-0102,ACC-CTB-002-SB1,CTB-RTL-002,2025-06-11,2025-06-11,2025-06-11T11:21:11,DR,767.8,81715.67,UPI,,UPI DR Zomato,CP-B-FOOD,Zomato,Supplier,Card spend,Retail purchase,N,,,N,N,N,NA,,CBS_SYNTH,0.96,None,
TXN-B-20250612-0103,ACC-CTB-002-SB1,CTB-RTL-002,2025-06-12,2025-06-12,2025-06-12T08:32:31,DR,1233.57,80482.1,Card,,Card DR Indian Oil Fuel,CP-B-FUEL,Indian Oil Fuel,Supplier,Card spend,Retail purchase,N,,,N,N,N,NA,,CBS_SYNTH,0.99,None,
TXN-B-20250612-0104,ACC-CTB-002-SB1,CTB-RTL-002,2025-06-12,2025-06-12,2025-06-12T08:37:14,DR,1127.45,79354.65,UPI,,UPI DR GlobalMart Online,CP-B-GM,GlobalMart Online,Supplier,Card spend,Retail purchase,N,,,N,N,N,NA,,CBS_SYNTH,0.94,None,
TXN-B-20250612-0105,ACC-CTB-002-SB1,CTB-RTL-002,2025-06-12,2025-06-12,2025-06-12T20:29:57,DR,680.19,78674.46,Card,,Card DR MSEDCL / Utilities,CP-B-UTIL,MSEDCL / Utilities,Supplier,Card spend,Retail purchase,N,,,N,N,N,NA,,CBS_SYNTH,0.96,None,
TXN-B-20250613-0106,ACC-CTB-002-SB1,CTB-RTL-002,2025-06-13,2025-06-13,2025-06-13T09:50:04,DR,1057.55,77616.91,Card,,Card DR Indian Oil Fuel,CP-B-FUEL,Indian Oil Fuel,Supplier,Card spend,Retail purchase,N,,,N,N,N,NA,,CBS_SYNTH,0.91,None,
TXN-B-20250613-0107,ACC-CTB-002-SB1,CTB-RTL-002,2025-06-13,2025-06-13,2025-06-13T17:38:49,DR,1313.38,76303.53,Card,,Card DR Reliance Trends,CP-B-SHOP,Reliance Trends,Supplier,Card spend,Retail purchase,N,,,N,N,N,NA,,CBS_SYNTH,0.91,None,
TXN-B-20250614-0108,ACC-CTB-002-SB1,CTB-RTL-002,2025-06-14,2025-06-14,2025-06-14T11:47:51,DR,9576.0,66727.53,Cash,,Cash DR ATM withdrawal,CP-B-ATM,ATM cash withdrawal,Supplier,Cash,ATM withdrawal,N,,,Y,N,N,NA,,CBS_SYNTH,0.92,CashSpike,
TXN-B-20250614-0109,ACC-CTB-002-SB1,CTB-RTL-002,2025-06-14,2025-06-14,2025-06-14T18:00:14,DR,1526.01,65201.52,Card,,Card DR ATM cash withdrawal,CP-B-ATM,ATM cash withdrawal,Supplier,Card spend,Retail purchase,N,,,N,N,N,NA,,CBS_SYNTH,0.93,None,
TXN-B-20250618-0110,ACC-CTB-002-SB1,CTB-RTL-002,2025-06-18,2025-06-18,2025-06-18T14:52:54,DR,1330.29,63871.23,Card,,Card DR ATM cash withdrawal,CP-B-ATM,ATM cash withdrawal,Supplier,Card spend,Retail purchase,N,,,N,N,N,NA,,CBS_SYNTH,0.97,None,
TXN-B-20250619-0111,ACC-CTB-002-SB1,CTB-RTL-002,2025-06-19,2025-06-19,2025-06-19T16:35:32,DR,1924.93,61946.3,UPI,,UPI DR GlobalMart Online,CP-B-GM,GlobalMart Online,Supplier,Card spend,Retail purchase,N,,,N,N,N,NA,,CBS_SYNTH,0.95,None,
TXN-B-20250621-0112,ACC-CTB-002-SB1,CTB-RTL-002,2025-06-21,2025-06-21,2025-06-21T10:52:18,DR,999.46,60946.84,UPI,,UPI DR Indian Oil Fuel,CP-B-FUEL,Indian Oil Fuel,Supplier,Card spend,Retail purchase,N,,,N,N,N,NA,,CBS_SYNTH,0.93,None,
TXN-B-20250621-0113,ACC-CTB-002-SB1,CTB-RTL-002,2025-06-21,2025-06-21,2025-06-21T15:16:43,DR,1395.01,59551.83,UPI,,UPI DR GlobalMart Online,CP-B-GM,GlobalMart Online,Supplier,Card spend,Retail purchase,N,,,N,N,N,NA,,CBS_SYNTH,0.94,None,
TXN-B-20250623-0114,ACC-CTB-002-SB1,CTB-RTL-002,2025-06-23,2025-06-23,2025-06-23T09:27:47,DR,1405.07,58146.76,Card,,Card DR Indian Oil Fuel,CP-B-FUEL,Indian Oil Fuel,Supplier,Card spend,Retail purchase,N,,,N,N,N,NA,,CBS_SYNTH,0.91,None,
TXN-B-20250623-0115,ACC-CTB-002-SB1,CTB-RTL-002,2025-06-23,2025-06-23,2025-06-23T17:44:24,DR,1292.25,56854.51,UPI,,UPI DR GlobalMart Online,CP-B-GM,GlobalMart Online,Supplier,Card spend,Retail purchase,N,,,N,N,N,NA,,CBS_SYNTH,0.98,None,
TXN-B-20250624-0116,ACC-CTB-002-SB1,CTB-RTL-002,2025-06-24,2025-06-24,2025-06-24T08:14:27,DR,2047.16,54807.35,Card,,Card DR MSEDCL / Utilities,CP-B-UTIL,MSEDCL / Utilities,Supplier,Card spend,Retail purchase,N,,,N,N,N,NA,,CBS_SYNTH,0.9,None,
TXN-B-20250624-0117,ACC-CTB-002-SB1,CTB-RTL-002,2025-06-24,2025-06-24,2025-06-24T10:11:29,DR,912.92,53894.43,Card,,Card DR Indian Oil Fuel,CP-B-FUEL,Indian Oil Fuel,Supplier,Card spend,Retail purchase,N,,,N,N,N,NA,,CBS_SYNTH,0.98,None,
TXN-B-20250624-0118,ACC-CTB-002-SB1,CTB-RTL-002,2025-06-24,2025-06-24,2025-06-24T12:08:12,DR,1813.55,52080.88,Card,,Card DR ATM cash withdrawal,CP-B-ATM,ATM cash withdrawal,Supplier,Card spend,Retail purchase,N,,,N,N,N,NA,,CBS_SYNTH,0.9,None,
TXN-B-20250624-0119,ACC-CTB-002-SB1,CTB-RTL-002,2025-06-24,2025-06-24,2025-06-24T15:05:48,DR,1586.57,50494.31,Card,,Card DR Indian Oil Fuel,CP-B-FUEL,Indian Oil Fuel,Supplier,Card spend,Retail purchase,N,,,N,N,N,NA,,CBS_SYNTH,0.94,None,
TXN-B-20250625-0120,ACC-CTB-002-SB1,CTB-RTL-002,2025-06-25,2025-06-25,2025-06-25T12:12:24,DR,691.17,49803.14,Card,,Card DR ATM cash withdrawal,CP-B-ATM,ATM cash withdrawal,Supplier,Card spend,Retail purchase,N,,,N,N,N,NA,,CBS_SYNTH,0.98,None,
TXN-B-20250625-0121,ACC-CTB-002-SB1,CTB-RTL-002,2025-06-25,2025-06-25,2025-06-25T12:19:01,DR,786.36,49016.78,Card,,Card DR GlobalMart Online,CP-B-GM,GlobalMart Online,Supplier,Card spend,Retail purchase,N,,,N,N,N,NA,,CBS_SYNTH,0.91,None,
TXN-B-20250625-0122,ACC-CTB-002-SB1,CTB-RTL-002,2025-06-25,2025-06-25,2025-06-25T12:55:57,DR,957.46,48059.32,UPI,,UPI DR GlobalMart Online,CP-B-GM,GlobalMart Online,Supplier,Card spend,Retail purchase,N,,,N,N,N,NA,,CBS_SYNTH,0.96,None,
TXN-B-20250626-0123,ACC-CTB-002-SB1,CTB-RTL-002,2025-06-26,2025-06-26,2025-06-26T11:20:25,DR,1691.43,46367.89,UPI,,UPI DR GlobalMart Online,CP-B-GM,GlobalMart Online,Supplier,Card spend,Retail purchase,N,,,N,N,N,NA,,CBS_SYNTH,0.95,None,
TXN-B-20250626-0124,ACC-CTB-002-SB1,CTB-RTL-002,2025-06-26,2025-06-26,2025-06-26T15:52:23,DR,1450.94,44916.95,UPI,,UPI DR Reliance Trends,CP-B-SHOP,Reliance Trends,Supplier,Card spend,Retail purchase,N,,,N,N,N,NA,,CBS_SYNTH,0.96,None,
TXN-B-20250626-0125,ACC-CTB-002-SB1,CTB-RTL-002,2025-06-26,2025-06-26,2025-06-26T18:39:57,DR,9576.0,35340.95,Cash,,Cash DR ATM withdrawal,CP-B-ATM,ATM cash withdrawal,Supplier,Cash,ATM withdrawal,N,,,Y,N,N,NA,,CBS_SYNTH,0.91,CashSpike,
TXN-B-20250627-0126,ACC-CTB-002-SB1,CTB-RTL-002,2025-06-27,2025-06-27,2025-06-27T08:01:25,DR,1560.35,33780.6,UPI,,UPI DR GlobalMart Online,CP-B-GM,GlobalMart Online,Supplier,Card spend,Retail purchase,N,,,N,N,N,NA,,CBS_SYNTH,0.96,None,
TXN-B-20250628-0127,ACC-CTB-002-SB1,CTB-RTL-002,2025-06-28,2025-06-28,2025-06-28T17:11:59,DR,7980.0,25800.6,AutoDebit,,AutoDebit DR ATM cash withdrawal,CP-B-ATM,ATM cash withdrawal,Supplier,Utilities,Bill payment,N,,,N,N,N,NA,,CBS_SYNTH,0.93,None,
TXN-B-20250628-0128,ACC-CTB-002-SB1,CTB-RTL-002,2025-06-28,2025-06-28,2025-06-28T20:37:41,DR,935.08,24865.52,Card,,Card DR GlobalMart Online,CP-B-GM,GlobalMart Online,Supplier,Card spend,Retail purchase,N,,,N,N,N,NA,,CBS_SYNTH,0.95,None,
TXN-B-20250628-0129,ACC-CTB-002-SB1,CTB-RTL-002,2025-06-28,2025-06-28,2025-06-28T21:54:18,DR,13965.0,10900.52,NetBanking,,NetBanking DR Credit card bill,CP-B-BANK,Contoso Bank,Bank,Card bill,Credit card payment,N,,,N,N,N,NA,FAC-B-CC-001,CBS_SYNTH,0.98,None,
TXN-B-20250630-0130,ACC-CTB-002-SB1,CTB-RTL-002,2025-06-30,2025-06-30,2025-06-30T12:54:38,DR,9576.0,1324.52,Cash,,Cash DR ATM withdrawal,CP-B-ATM,ATM cash withdrawal,Supplier,Cash,ATM withdrawal,N,,,Y,N,N,NA,,CBS_SYNTH,0.94,CashSpike,
TXN-B-20250630-0131,ACC-CTB-002-SB1,CTB-RTL-002,2025-06-30,2025-06-30,2025-06-30T15:00:13,CR,959.8,2284.32,Internal,,Internal CR Savings interest,CP-B-BANK,Contoso Bank,Bank,Income,Savings interest,N,,,N,N,N,NA,,CBS_SYNTH,0.97,None,
TXN-B-20250701-0132,ACC-CTB-002-SB1,CTB-RTL-002,2025-07-01,2025-07-01,2025-07-01T11:59:31,CR,86940.0,89224.32,NEFT,,NEFT CR Business inflow / Salary draw,CP-B-INC,Business inflow / Salary draw,Buyer,Income,Salary credit,N,,,N,N,N,NA,,CBS_SYNTH,0.93,None,
TXN-B-20250702-0133,ACC-CTB-002-SB1,CTB-RTL-002,2025-07-02,2025-07-02,2025-07-02T19:01:13,DR,858.59,88365.73,Card,,Card DR GlobalMart Online,CP-B-GM,GlobalMart Online,Supplier,Card spend,Retail purchase,N,,,N,N,N,NA,,CBS_SYNTH,0.94,None,
TXN-B-20250703-0134,ACC-CTB-002-SB1,CTB-RTL-002,2025-07-03,2025-07-03,2025-07-03T09:03:41,DR,583.22,87782.51,Card,,Card DR Reliance Trends,CP-B-SHOP,Reliance Trends,Supplier,Card spend,Retail purchase,N,,,N,N,N,NA,,CBS_SYNTH,0.93,None,
TXN-B-20250703-0135,ACC-CTB-002-SB1,CTB-RTL-002,2025-07-03,2025-07-03,2025-07-03T10:00:14,DR,1621.64,86160.87,Card,,Card DR Indian Oil Fuel,CP-B-FUEL,Indian Oil Fuel,Supplier,Card spend,Retail purchase,N,,,N,N,N,NA,,CBS_SYNTH,0.97,None,
TXN-B-20250704-0136,ACC-CTB-002-SB1,CTB-RTL-002,2025-07-04,2025-07-04,2025-07-04T08:24:32,DR,1087.29,85073.58,UPI,,UPI DR MSEDCL / Utilities,CP-B-UTIL,MSEDCL / Utilities,Supplier,Card spend,Retail purchase,N,,,N,N,N,NA,,CBS_SYNTH,0.97,None,
TXN-B-20250704-0137,ACC-CTB-002-SB1,CTB-RTL-002,2025-07-04,2025-07-04,2025-07-04T19:16:59,DR,1074.57,83999.01,Card,,Card DR Reliance Trends,CP-B-SHOP,Reliance Trends,Supplier,Card spend,Retail purchase,N,,,N,N,N,NA,,CBS_SYNTH,0.97,None,
TXN-B-20250705-0138,ACC-CTB-002-SB1,CTB-RTL-002,2025-07-05,2025-07-05,2025-07-05T10:23:32,DR,1090.45,82908.56,Card,,Card DR ATM cash withdrawal,CP-B-ATM,ATM cash withdrawal,Supplier,Card spend,Retail purchase,N,,,N,N,N,NA,,CBS_SYNTH,0.96,None,
TXN-B-20250705-0139,ACC-CTB-002-SB1,CTB-RTL-002,2025-07-05,2025-07-05,2025-07-05T20:54:12,DR,1181.07,81727.49,UPI,,UPI DR MSEDCL / Utilities,CP-B-UTIL,MSEDCL / Utilities,Supplier,Card spend,Retail purchase,N,,,N,N,N,NA,,CBS_SYNTH,0.9,None,
TXN-B-20250708-0141,ACC-CTB-002-SB1,CTB-RTL-002,2025-07-08,2025-07-08,2025-07-08T15:34:33,DR,598.62,81128.87,Card,,Card DR Reliance Trends,CP-B-SHOP,Reliance Trends,Supplier,Card spend,Retail purchase,N,,,N,N,N,NA,,CBS_SYNTH,0.94,None,
TXN-B-20250708-0142,ACC-CTB-002-SB1,CTB-RTL-002,2025-07-08,2025-07-08,2025-07-08T21:02:16,DR,7560.0,73568.87,AutoDebit,,AutoDebit DR ATM cash withdrawal,CP-B-ATM,ATM cash withdrawal,Supplier,Utilities,Bill payment,N,,,N,N,N,NA,,CBS_SYNTH,0.97,None,
TXN-B-20250709-0143,ACC-CTB-002-SB1,CTB-RTL-002,2025-07-09,2025-07-09,2025-07-09T10:11:55,DR,1018.15,72550.72,Card,,Card DR MSEDCL / Utilities,CP-B-UTIL,MSEDCL / Utilities,Supplier,Card spend,Retail purchase,N,,,N,N,N,NA,,CBS_SYNTH,0.96,None,
TXN-B-20250709-0144,ACC-CTB-002-SB1,CTB-RTL-002,2025-07-09,2025-07-09,2025-07-09T17:48:42,DR,1447.44,71103.28,Card,,Card DR Reliance Trends,CP-B-SHOP,Reliance Trends,Supplier,Card spend,Retail purchase,N,,,N,N,N,NA,,CBS_SYNTH,0.91,None,
TXN-B-20250709-0145,ACC-CTB-002-SB1,CTB-RTL-002,2025-07-09,2025-07-09,2025-07-09T20:07:01,DR,7560.0,63543.28,Cash,,Cash DR ATM withdrawal,CP-B-ATM,ATM cash withdrawal,Supplier,Cash,ATM withdrawal,N,,,Y,N,N,NA,,CBS_SYNTH,0.91,None,
TXN-B-20250710-0146,ACC-CTB-002-SB1,CTB-RTL-002,2025-07-10,2025-07-10,2025-07-10T21:23:59,DR,1222.71,62320.57,UPI,,UPI DR GlobalMart Online,CP-B-GM,GlobalMart Online,Supplier,Card spend,Retail purchase,N,,,N,N,N,NA,,CBS_SYNTH,0.93,None,
TXN-B-20250711-0147,ACC-CTB-002-SB1,CTB-RTL-002,2025-07-11,2025-07-11,2025-07-11T08:38:02,DR,1180.78,61139.79,Card,,Card DR Zomato,CP-B-FOOD,Zomato,Supplier,Card spend,Retail purchase,N,,,N,N,N,NA,,CBS_SYNTH,0.96,None,
TXN-B-20250711-0148,ACC-CTB-002-SB1,CTB-RTL-002,2025-07-11,2025-07-11,2025-07-11T13:42:33,DR,1145.36,59994.43,Card,,Card DR MSEDCL / Utilities,CP-B-UTIL,MSEDCL / Utilities,Supplier,Card spend,Retail purchase,N,,,N,N,N,NA,,CBS_SYNTH,0.95,None,
TXN-B-20250711-0149,ACC-CTB-002-SB1,CTB-RTL-002,2025-07-11,2025-07-11,2025-07-11T15:44:22,DR,1734.92,58259.51,UPI,,UPI DR GlobalMart Online,CP-B-GM,GlobalMart Online,Supplier,Card spend,Retail purchase,N,,,N,N,N,NA,,CBS_SYNTH,0.95,None,
TXN-B-20250712-0150,ACC-CTB-002-SB1,CTB-RTL-002,2025-07-12,2025-07-12,2025-07-12T11:15:13,DR,732.78,57526.73,Card,,Card DR Indian Oil Fuel,CP-B-FUEL,Indian Oil Fuel,Supplier,Card spend,Retail purchase,N,,,N,N,N,NA,,CBS_SYNTH,0.93,None,
TXN-B-20250714-0151,ACC-CTB-002-SB1,CTB-RTL-002,2025-07-14,2025-07-14,2025-07-14T13:14:44,DR,970.64,56556.09,UPI,,UPI DR Zomato,CP-B-FOOD,Zomato,Supplier,Card spend,Retail purchase,N,,,N,N,N,NA,,CBS_SYNTH,0.98,None,
TXN-B-20250715-0152,ACC-CTB-002-SB1,CTB-RTL-002,2025-07-15,2025-07-15,2025-07-15T21:55:59,DR,561.61,55994.48,Card,,Card DR MSEDCL / Utilities,CP-B-UTIL,MSEDCL / Utilities,Supplier,Card spend,Retail purchase,N,,,N,N,N,NA,,CBS_SYNTH,0.94,None,
TXN-B-20250716-0153,ACC-CTB-002-SB1,CTB-RTL-002,2025-07-16,2025-07-16,2025-07-16T14:23:53,DR,494.97,55499.51,Card,,Card DR Reliance Trends,CP-B-SHOP,Reliance Trends,Supplier,Card spend,Retail purchase,N,,,N,N,N,NA,,CBS_SYNTH,0.92,None,
TXN-B-20250716-0154,ACC-CTB-002-SB1,CTB-RTL-002,2025-07-16,2025-07-16,2025-07-16T18:29:53,DR,707.08,54792.43,Card,,Card DR Reliance Trends,CP-B-SHOP,Reliance Trends,Supplier,Card spend,Retail purchase,N,,,N,N,N,NA,,CBS_SYNTH,0.94,None,
TXN-B-20250717-0155,ACC-CTB-002-SB1,CTB-RTL-002,2025-07-17,2025-07-17,2025-07-17T09:21:02,DR,1120.24,53672.19,Card,,Card DR Reliance Trends,CP-B-SHOP,Reliance Trends,Supplier,Card spend,Retail purchase,N,,,N,N,N,NA,,CBS_SYNTH,0.9,None,
TXN-B-20250718-0156,ACC-CTB-002-SB1,CTB-RTL-002,2025-07-18,2025-07-18,2025-07-18T17:00:53,DR,684.26,52987.93,Card,,Card DR Reliance Trends,CP-B-SHOP,Reliance Trends,Supplier,Card spend,Retail purchase,N,,,N,N,N,NA,,CBS_SYNTH,0.95,None,
TXN-B-20250719-0157,ACC-CTB-002-SB1,CTB-RTL-002,2025-07-19,2025-07-19,2025-07-19T10:41:36,DR,7560.0,45427.93,Cash,,Cash DR ATM withdrawal,CP-B-ATM,ATM cash withdrawal,Supplier,Cash,ATM withdrawal,N,,,Y,N,N,NA,,CBS_SYNTH,0.91,None,
TXN-B-20250719-0158,ACC-CTB-002-SB1,CTB-RTL-002,2025-07-19,2025-07-19,2025-07-19T10:55:12,DR,1317.71,44110.22,UPI,,UPI DR GlobalMart Online,CP-B-GM,GlobalMart Online,Supplier,Card spend,Retail purchase,N,,,N,N,N,NA,,CBS_SYNTH,0.98,None,
TXN-B-20250719-0159,ACC-CTB-002-SB1,CTB-RTL-002,2025-07-19,2025-07-19,2025-07-19T10:58:37,DR,670.54,43439.68,Card,,Card DR GlobalMart Online,CP-B-GM,GlobalMart Online,Supplier,Card spend,Retail purchase,N,,,N,N,N,NA,,CBS_SYNTH,0.97,None,
TXN-B-20250721-0160,ACC-CTB-002-SB1,CTB-RTL-002,2025-07-21,2025-07-21,2025-07-21T13:07:52,DR,1734.09,41705.59,Card,,Card DR ATM cash withdrawal,CP-B-ATM,ATM cash withdrawal,Supplier,Card spend,Retail purchase,N,,,N,N,N,NA,,CBS_SYNTH,0.92,None,
TXN-B-20250723-0161,ACC-CTB-002-SB1,CTB-RTL-002,2025-07-23,2025-07-23,2025-07-23T11:23:36,DR,803.22,40902.37,Card,,Card DR ATM cash withdrawal,CP-B-ATM,ATM cash withdrawal,Supplier,Card spend,Retail purchase,N,,,N,N,N,NA,,CBS_SYNTH,0.98,None,
TXN-B-20250723-0162,ACC-CTB-002-SB1,CTB-RTL-002,2025-07-23,2025-07-23,2025-07-23T13:24:59,DR,1143.99,39758.38,Card,,Card DR Zomato,CP-B-FOOD,Zomato,Supplier,Card spend,Retail purchase,N,,,N,N,N,NA,,CBS_SYNTH,0.91,None,
TXN-B-20250723-0163,ACC-CTB-002-SB1,CTB-RTL-002,2025-07-23,2025-07-23,2025-07-23T21:53:04,DR,1642.09,38116.29,UPI,,UPI DR Reliance Trends,CP-B-SHOP,Reliance Trends,Supplier,Card spend,Retail purchase,N,,,N,N,N,NA,,CBS_SYNTH,0.9,None,
TXN-B-20250724-0164,ACC-CTB-002-SB1,CTB-RTL-002,2025-07-24,2025-07-24,2025-07-24T08:32:03,DR,712.84,37403.45,Card,,Card DR GlobalMart Online,CP-B-GM,GlobalMart Online,Supplier,Card spend,Retail purchase,N,,,N,N,N,NA,,CBS_SYNTH,0.96,None,
TXN-B-20250724-0165,ACC-CTB-002-SB1,CTB-RTL-002,2025-07-24,2025-07-24,2025-07-24T10:59:38,DR,1752.58,35650.87,UPI,,UPI DR Indian Oil Fuel,CP-B-FUEL,Indian Oil Fuel,Supplier,Card spend,Retail purchase,N,,,N,N,N,NA,,CBS_SYNTH,0.98,None,
TXN-B-20250724-0166,ACC-CTB-002-SB1,CTB-RTL-002,2025-07-24,2025-07-24,2025-07-24T21:54:49,DR,742.14,34908.73,Card,,Card DR GlobalMart Online,CP-B-GM,GlobalMart Online,Supplier,Card spend,Retail purchase,N,,,N,N,N,NA,,CBS_SYNTH,0.93,None,
TXN-B-20250725-0167,ACC-CTB-002-SB1,CTB-RTL-002,2025-07-25,2025-07-25,2025-07-25T13:39:49,DR,850.88,34057.85,Card,,Card DR MSEDCL / Utilities,CP-B-UTIL,MSEDCL / Utilities,Supplier,Card spend,Retail purchase,N,,,N,N,N,NA,,CBS_SYNTH,0.9,None,
TXN-B-20250728-0168,ACC-CTB-002-SB1,CTB-RTL-002,2025-07-28,2025-07-28,2025-07-28T18:03:12,DR,1782.08,32275.77,UPI,,UPI DR MSEDCL / Utilities,CP-B-UTIL,MSEDCL / Utilities,Supplier,Card spend,Retail purchase,N,,,N,N,N,NA,,CBS_SYNTH,0.98,None,
TXN-B-20250729-0169,ACC-CTB-002-SB1,CTB-RTL-002,2025-07-29,2025-07-29,2025-07-29T08:10:10,DR,1218.67,31057.1,UPI,,UPI DR GlobalMart Online,CP-B-GM,GlobalMart Online,Supplier,Card spend,Retail purchase,N,,,N,N,N,NA,,CBS_SYNTH,0.97,None,
TXN-B-20250729-0170,ACC-CTB-002-SB1,CTB-RTL-002,2025-07-29,2025-07-29,2025-07-29T08:55:23,DR,13230.0,17827.1,NetBanking,,NetBanking DR Credit card bill,CP-B-BANK,Contoso Bank,Bank,Card bill,Credit card payment,N,,,N,N,N,NA,FAC-B-CC-001,CBS_SYNTH,0.98,None,
TXN-B-20250729-0171,ACC-CTB-002-SB1,CTB-RTL-002,2025-07-29,2025-07-29,2025-07-29T11:14:52,DR,506.24,17320.86,UPI,,UPI DR Reliance Trends,CP-B-SHOP,Reliance Trends,Supplier,Card spend,Retail purchase,N,,,N,N,N,NA,,CBS_SYNTH,0.91,None,
TXN-B-20250730-0172,ACC-CTB-002-SB1,CTB-RTL-002,2025-07-30,2025-07-30,2025-07-30T11:36:30,DR,677.43,16643.43,UPI,,UPI DR Reliance Trends,CP-B-SHOP,Reliance Trends,Supplier,Card spend,Retail purchase,N,,,N,N,N,NA,,CBS_SYNTH,0.9,None,
TXN-B-20250731-0173,ACC-CTB-002-SB1,CTB-RTL-002,2025-07-31,2025-07-31,2025-07-31T10:19:33,DR,1021.42,15622.01,Card,,Card DR Reliance Trends,CP-B-SHOP,Reliance Trends,Supplier,Card spend,Retail purchase,N,,,N,N,N,NA,,CBS_SYNTH,0.97,None,
TXN-B-20250801-0174,ACC-CTB-002-SB1,CTB-RTL-002,2025-08-01,2025-08-01,2025-08-01T10:50:51,DR,865.07,14756.94,UPI,,UPI DR ATM cash withdrawal,CP-B-ATM,ATM cash withdrawal,Supplier,Card spend,Retail purchase,N,,,N,N,N,NA,,CBS_SYNTH,0.95,None,
TXN-B-20250801-0175,ACC-CTB-002-SB1,CTB-RTL-002,2025-08-01,2025-08-01,2025-08-01T18:52:21,CR,85008.0,99764.94,NEFT,,NEFT CR Business inflow / Salary draw,CP-B-INC,Business inflow / Salary draw,Buyer,Income,Salary credit,N,,,N,N,N,NA,,CBS_SYNTH,0.95,None,
TXN-B-20250802-0176,ACC-CTB-002-SB1,CTB-RTL-002,2025-08-02,2025-08-02,2025-08-02T13:18:37,DR,716.09,99048.85,Card,,Card DR ATM cash withdrawal,CP-B-ATM,ATM cash withdrawal,Supplier,Card spend,Retail purchase,N,,,N,N,N,NA,,CBS_SYNTH,0.93,None,
TXN-B-20250802-0177,ACC-CTB-002-SB1,CTB-RTL-002,2025-08-02,2025-08-02,2025-08-02T21:05:12,DR,398.14,98650.71,Card,,Card DR Indian Oil Fuel,CP-B-FUEL,Indian Oil Fuel,Supplier,Card spend,Retail purchase,N,,,N,N,N,NA,,CBS_SYNTH,0.95,None,
TXN-B-20250804-0178,ACC-CTB-002-SB1,CTB-RTL-002,2025-08-04,2025-08-04,2025-08-04T12:53:53,DR,1319.34,97331.37,Card,,Card DR GlobalMart Online,CP-B-GM,GlobalMart Online,Supplier,Card spend,Retail purchase,N,,,N,N,N,NA,,CBS_SYNTH,0.94,None,
TXN-B-20250806-0179,ACC-CTB-002-SB1,CTB-RTL-002,2025-08-06,2025-08-06,2025-08-06T18:06:22,DR,6652.8,90678.57,Cash,,Cash DR ATM withdrawal,CP-B-ATM,ATM cash withdrawal,Supplier,Cash,ATM withdrawal,N,,,Y,N,N,NA,,CBS_SYNTH,0.96,CashSpike,
TXN-B-20250806-0180,ACC-CTB-002-SB1,CTB-RTL-002,2025-08-06,2025-08-06,2025-08-06T19:47:29,DR,596.13,90082.44,Card,,Card DR ATM cash withdrawal,CP-B-ATM,ATM cash withdrawal,Supplier,Card spend,Retail purchase,N,,,N,N,N,NA,,CBS_SYNTH,0.97,None,
TXN-B-20250807-0181,ACC-CTB-002-SB1,CTB-RTL-002,2025-08-07,2025-08-07,2025-08-07T12:37:59,DR,1098.45,88983.99,UPI,,UPI DR GlobalMart Online,CP-B-GM,GlobalMart Online,Supplier,Card spend,Retail purchase,N,,,N,N,N,NA,,CBS_SYNTH,0.94,None,
TXN-B-20250807-0182,ACC-CTB-002-SB1,CTB-RTL-002,2025-08-07,2025-08-07,2025-08-07T14:46:29,DR,1005.96,87978.03,Card,,Card DR Reliance Trends,CP-B-SHOP,Reliance Trends,Supplier,Card spend,Retail purchase,N,,,N,N,N,NA,,CBS_SYNTH,0.96,None,
TXN-B-20250807-0183,ACC-CTB-002-SB1,CTB-RTL-002,2025-08-07,2025-08-07,2025-08-07T15:08:20,DR,18900.0,69078.03,AutoDebit,,AutoDebit DR Loan EMI,CP-B-BANK,Contoso Bank (Loan EMI),Bank,EMI,Loan EMI,N,,,N,N,N,NA,FAC-B-PL-001,CBS_SYNTH,0.97,None,
TXN-B-20250808-0184,ACC-CTB-002-SB1,CTB-RTL-002,2025-08-08,2025-08-08,2025-08-08T08:09:52,DR,1237.38,67840.65,Card,,Card DR ATM cash withdrawal,CP-B-ATM,ATM cash withdrawal,Supplier,Card spend,Retail purchase,N,,,N,N,N,NA,,CBS_SYNTH,0.91,None,
TXN-B-20250808-0185,ACC-CTB-002-SB1,CTB-RTL-002,2025-08-08,2025-08-08,2025-08-08T20:36:26,DR,1260.95,66579.7,UPI,,UPI DR Zomato,CP-B-FOOD,Zomato,Supplier,Card spend,Retail purchase,N,,,N,N,N,NA,,CBS_SYNTH,0.94,None,
TXN-B-20250811-0186,ACC-CTB-002-SB1,CTB-RTL-002,2025-08-11,2025-08-11,2025-08-11T12:22:16,DR,1261.93,65317.77,Card,,Card DR GlobalMart Online,CP-B-GM,GlobalMart Online,Supplier,Card spend,Retail purchase,N,,,N,N,N,NA,,CBS_SYNTH,0.91,None,
TXN-B-20250811-0187,ACC-CTB-002-SB1,CTB-RTL-002,2025-08-11,2025-08-11,2025-08-11T17:57:36,DR,1001.53,64316.24,UPI,,UPI DR GlobalMart Online,CP-B-GM,GlobalMart Online,Supplier,Card spend,Retail purchase,N,,,N,N,N,NA,,CBS_SYNTH,0.91,None,
TXN-B-20250814-0188,ACC-CTB-002-SB1,CTB-RTL-002,2025-08-14,2025-08-14,2025-08-14T08:07:49,DR,1312.78,63003.46,UPI,,UPI DR GlobalMart Online,CP-B-GM,GlobalMart Online,Supplier,Card spend,Retail purchase,N,,,N,N,N,NA,,CBS_SYNTH,0.96,None,
TXN-B-20250814-0189,ACC-CTB-002-SB1,CTB-RTL-002,2025-08-14,2025-08-14,2025-08-14T10:01:44,DR,677.12,62326.34,Card,,Card DR GlobalMart Online,CP-B-GM,GlobalMart Online,Supplier,Card spend,Retail purchase,N,,,N,N,N,NA,,CBS_SYNTH,0.96,None,
TXN-B-20250814-0190,ACC-CTB-002-SB1,CTB-RTL-002,2025-08-14,2025-08-14,2025-08-14T13:18:19,DR,455.21,61871.13,Card,,Card DR Reliance Trends,CP-B-SHOP,Reliance Trends,Supplier,Card spend,Retail purchase,N,,,N,N,N,NA,,CBS_SYNTH,0.91,None,
TXN-B-20250814-0191,ACC-CTB-002-SB1,CTB-RTL-002,2025-08-14,2025-08-14,2025-08-14T18:32:16,DR,6652.8,55218.33,Cash,,Cash DR ATM withdrawal,CP-B-ATM,ATM cash withdrawal,Supplier,Cash,ATM withdrawal,N,,,Y,N,N,NA,,CBS_SYNTH,0.97,CashSpike,
TXN-B-20250814-0192,ACC-CTB-002-SB1,CTB-RTL-002,2025-08-14,2025-08-14,2025-08-14T19:57:33,DR,841.12,54377.21,Card,,Card DR Reliance Trends,CP-B-SHOP,Reliance Trends,Supplier,Card spend,Retail purchase,N,,,N,N,N,NA,,CBS_SYNTH,0.95,None,
TXN-B-20250816-0193,ACC-CTB-002-SB1,CTB-RTL-002,2025-08-16,2025-08-16,2025-08-16T09:18:46,DR,567.8,53809.41,Card,,Card DR Zomato,CP-B-FOOD,Zomato,Supplier,Card spend,Retail purchase,N,,,N,N,N,NA,,CBS_SYNTH,0.98,None,
TXN-B-20250816-0194,ACC-CTB-002-SB1,CTB-RTL-002,2025-08-16,2025-08-16,2025-08-16T11:51:35,DR,808.1,53001.31,UPI,,UPI DR MSEDCL / Utilities,CP-B-UTIL,MSEDCL / Utilities,Supplier,Card spend,Retail purchase,N,,,N,N,N,NA,,CBS_SYNTH,0.98,None,
TXN-B-20250816-0195,ACC-CTB-002-SB1,CTB-RTL-002,2025-08-16,2025-08-16,2025-08-16T18:35:54,DR,612.66,52388.65,Card,,Card DR ATM cash withdrawal,CP-B-ATM,ATM cash withdrawal,Supplier,Card spend,Retail purchase,N,,,N,N,N,NA,,CBS_SYNTH,0.93,None,
TXN-B-20250816-0196,ACC-CTB-002-SB1,CTB-RTL-002,2025-08-16,2025-08-16,2025-08-16T19:16:42,DR,6652.8,45735.85,Cash,,Cash DR ATM withdrawal,CP-B-ATM,ATM cash withdrawal,Supplier,Cash,ATM withdrawal,N,,,Y,N,N,NA,,CBS_SYNTH,0.93,CashSpike,
TXN-B-20250816-0197,ACC-CTB-002-SB1,CTB-RTL-002,2025-08-16,2025-08-16,2025-08-16T20:00:11,DR,972.6,44763.25,UPI,,UPI DR Reliance Trends,CP-B-SHOP,Reliance Trends,Supplier,Card spend,Retail purchase,N,,,N,N,N,NA,,CBS_SYNTH,0.97,None,
TXN-B-20250818-0198,ACC-CTB-002-SB1,CTB-RTL-002,2025-08-18,2025-08-18,2025-08-18T17:56:49,DR,1264.01,43499.24,UPI,,UPI DR GlobalMart Online,CP-B-GM,GlobalMart Online,Supplier,Card spend,Retail purchase,N,,,N,N,N,NA,,CBS_SYNTH,0.95,None,
TXN-B-20250819-0199,ACC-CTB-002-SB1,CTB-RTL-002,2025-08-19,2025-08-19,2025-08-19T08:19:10,DR,1459.89,42039.35,UPI,,UPI DR Indian Oil Fuel,CP-B-FUEL,Indian Oil Fuel,Supplier,Card spend,Retail purchase,N,,,N,N,N,NA,,CBS_SYNTH,0.9,None,
TXN-B-20250819-0200,ACC-CTB-002-SB1,CTB-RTL-002,2025-08-19,2025-08-19,2025-08-19T20:30:43,DR,914.39,41124.96,Card,,Card DR Indian Oil Fuel,CP-B-FUEL,Indian Oil Fuel,Supplier,Card spend,Retail purchase,N,,,N,N,N,NA,,CBS_SYNTH,0.98,None,
TXN-B-20250820-0201,ACC-CTB-002-SB1,CTB-RTL-002,2025-08-20,2025-08-20,2025-08-20T10:34:37,DR,7392.0,33732.96,AutoDebit,,AutoDebit DR ATM cash withdrawal,CP-B-ATM,ATM cash withdrawal,Supplier,Utilities,Bill payment,N,,,N,N,N,NA,,CBS_SYNTH,0.9,None,
TXN-B-20250821-0202,ACC-CTB-002-SB1,CTB-RTL-002,2025-08-21,2025-08-21,2025-08-21T08:27:48,DR,1068.19,32664.77,Card,,Card DR Zomato,CP-B-FOOD,Zomato,Supplier,Card spend,Retail purchase,N,,,N,N,N,NA,,CBS_SYNTH,0.95,None,
TXN-B-20250821-0203,ACC-CTB-002-SB1,CTB-RTL-002,2025-08-21,2025-08-21,2025-08-21T10:58:30,DR,1072.72,31592.05,Card,,Card DR Indian Oil Fuel,CP-B-FUEL,Indian Oil Fuel,Supplier,Card spend,Retail purchase,N,,,N,N,N,NA,,CBS_SYNTH,0.9,None,
TXN-B-20250822-0204,ACC-CTB-002-SB1,CTB-RTL-002,2025-08-22,2025-08-22,2025-08-22T14:21:04,DR,964.24,30627.81,UPI,,UPI DR Indian Oil Fuel,CP-B-FUEL,Indian Oil Fuel,Supplier,Card spend,Retail purchase,N,,,N,N,N,NA,,CBS_SYNTH,0.92,None,
TXN-B-20250822-0205,ACC-CTB-002-SB1,CTB-RTL-002,2025-08-22,2025-08-22,2025-08-22T14:58:13,DR,1257.03,29370.78,Card,,Card DR Zomato,CP-B-FOOD,Zomato,Supplier,Card spend,Retail purchase,N,,,N,N,N,NA,,CBS_SYNTH,0.95,None,
TXN-B-20250822-0206,ACC-CTB-002-SB1,CTB-RTL-002,2025-08-22,2025-08-22,2025-08-22T16:54:30,DR,834.12,28536.66,UPI,,UPI DR Zomato,CP-B-FOOD,Zomato,Supplier,Card spend,Retail purchase,N,,,N,N,N,NA,,CBS_SYNTH,0.97,None,
TXN-B-20250823-0207,ACC-CTB-002-SB1,CTB-RTL-002,2025-08-23,2025-08-23,2025-08-23T16:33:35,DR,1316.73,27219.93,UPI,,UPI DR GlobalMart Online,CP-B-GM,GlobalMart Online,Supplier,Card spend,Retail purchase,N,,,N,N,N,NA,,CBS_SYNTH,0.93,None,
TXN-B-20250823-0208,ACC-CTB-002-SB1,CTB-RTL-002,2025-08-23,2025-08-23,2025-08-23T18:46:08,DR,969.6,26250.33,Card,,Card DR Indian Oil Fuel,CP-B-FUEL,Indian Oil Fuel,Supplier,Card spend,Retail purchase,N,,,N,N,N,NA,,CBS_SYNTH,0.97,None,
TXN-B-20250825-0209,ACC-CTB-002-SB1,CTB-RTL-002,2025-08-25,2025-08-25,2025-08-25T12:35:18,DR,929.55,25320.78,UPI,,UPI DR Indian Oil Fuel,CP-B-FUEL,Indian Oil Fuel,Supplier,Card spend,Retail purchase,N,,,N,N,N,NA,,CBS_SYNTH,0.97,None,
TXN-B-20250825-0210,ACC-CTB-002-SB1,CTB-RTL-002,2025-08-25,2025-08-25,2025-08-25T16:12:45,DR,820.14,24500.64,Card,,Card DR Reliance Trends,CP-B-SHOP,Reliance Trends,Supplier,Card spend,Retail purchase,N,,,N,N,N,NA,,CBS_SYNTH,0.96,None,
TXN-B-20250825-0211,ACC-CTB-002-SB1,CTB-RTL-002,2025-08-25,2025-08-25,2025-08-25T19:52:20,DR,507.36,23993.28,Card,,Card DR Reliance Trends,CP-B-SHOP,Reliance Trends,Supplier,Card spend,Retail purchase,N,,,N,N,N,NA,,CBS_SYNTH,0.98,None,
TXN-B-20250826-0212,ACC-CTB-002-SB1,CTB-RTL-002,2025-08-26,2025-08-26,2025-08-26T08:20:05,DR,628.05,23365.23,UPI,,UPI DR Reliance Trends,CP-B-SHOP,Reliance Trends,Supplier,Card spend,Retail purchase,N,,,N,N,N,NA,,CBS_SYNTH,0.98,None,
TXN-B-20250826-0213,ACC-CTB-002-SB1,CTB-RTL-002,2025-08-26,2025-08-26,2025-08-26T18:47:59,DR,1209.94,22155.29,UPI,,UPI DR GlobalMart Online,CP-B-GM,GlobalMart Online,Supplier,Card spend,Retail purchase,N,,,N,N,N,NA,,CBS_SYNTH,0.97,None,
TXN-B-20250826-0214,ACC-CTB-002-SB1,CTB-RTL-002,2025-08-26,2025-08-26,2025-08-26T20:28:37,DR,6652.8,15502.49,Cash,,Cash DR ATM withdrawal,CP-B-ATM,ATM cash withdrawal,Supplier,Cash,ATM withdrawal,N,,,Y,N,N,NA,,CBS_SYNTH,0.9,CashSpike,
TXN-B-20250827-0215,ACC-CTB-002-SB1,CTB-RTL-002,2025-08-27,2025-08-27,2025-08-27T10:49:26,DR,524.7,14977.79,Card,,Card DR ATM cash withdrawal,CP-B-ATM,ATM cash withdrawal,Supplier,Card spend,Retail purchase,N,,,N,N,N,NA,,CBS_SYNTH,0.92,None,
TXN-B-20250827-0216,ACC-CTB-002-SB1,CTB-RTL-002,2025-08-27,2025-08-27,2025-08-27T10:56:16,DR,518.79,14459.0,Card,,Card DR Zomato,CP-B-FOOD,Zomato,Supplier,Card spend,Retail purchase,N,,,N,N,N,NA,,CBS_SYNTH,0.96,None,
TXN-B-20250827-0217,ACC-CTB-002-SB1,CTB-RTL-002,2025-08-27,2025-08-27,2025-08-27T12:53:25,DR,928.55,13530.45,UPI,,UPI DR ATM cash withdrawal,CP-B-ATM,ATM cash withdrawal,Supplier,Card spend,Retail purchase,N,,,N,N,N,NA,,CBS_SYNTH,0.95,None,
TXN-B-20250827-0218,ACC-CTB-002-SB1,CTB-RTL-002,2025-08-27,2025-08-27,2025-08-27T18:31:55,DR,637.96,12892.49,UPI,,UPI DR Reliance Trends,CP-B-SHOP,Reliance Trends,Supplier,Card spend,Retail purchase,N,,,N,N,N,NA,,CBS_SYNTH,0.95,None,
TXN-B-20250828-0219,ACC-CTB-002-SB1,CTB-RTL-002,2025-08-28,2025-08-28,2025-08-28T09:17:39,DR,963.71,11928.78,UPI,,UPI DR MSEDCL / Utilities,CP-B-UTIL,MSEDCL / Utilities,Supplier,Card spend,Retail purchase,N,,,N,N,N,NA,,CBS_SYNTH,0.96,None,
TXN-B-20250829-0220,ACC-CTB-002-SB1,CTB-RTL-002,2025-08-29,2025-08-29,2025-08-29T10:31:14,DR,12936.0,-1007.22,NetBanking,,NetBanking DR Credit card bill,CP-B-BANK,Contoso Bank,Bank,Card bill,Credit card payment,N,,,N,N,N,NA,FAC-B-CC-001,CBS_SYNTH,0.91,None,
TXN-B-20250829-0221,ACC-CTB-002-SB1,CTB-RTL-002,2025-08-29,2025-08-29,2025-08-29T18:42:07,DR,459.4,-1466.62,UPI,,UPI DR Reliance Trends,CP-B-SHOP,Reliance Trends,Supplier,Card spend,Retail purchase,N,,,N,N,N,NA,,CBS_SYNTH,0.94,None,
TXN-B-20250829-0222,ACC-CTB-002-SB1,CTB-RTL-002,2025-08-29,2025-08-29,2025-08-29T21:34:09,DR,640.95,-2107.57,Card,,Card DR GlobalMart Online,CP-B-GM,GlobalMart Online,Supplier,Card spend,Retail purchase,N,,,N,N,N,NA,,CBS_SYNTH,0.97,None,
TXN-B-20250830-0223,ACC-CTB-002-SB1,CTB-RTL-002,2025-08-30,2025-08-30,2025-08-30T08:59:16,DR,1100.86,-3208.43,UPI,,UPI DR Reliance Trends,CP-B-SHOP,Reliance Trends,Supplier,Card spend,Retail purchase,N,,,N,N,N,NA,,CBS_SYNTH,0.97,None,
TXN-B-20250901-0224,ACC-CTB-002-SB1,CTB-RTL-002,2025-09-01,2025-09-01,2025-09-01T10:21:08,CR,82110.0,78901.57,NEFT,,NEFT CR Business inflow / Salary draw,CP-B-INC,Business inflow / Salary draw,Buyer,Income,Salary credit,N,,,N,N,N,NA,,CBS_SYNTH,0.93,None,
TXN-B-20250902-0225,ACC-CTB-002-SB1,CTB-RTL-002,2025-09-02,2025-09-02,2025-09-02T08:05:23,DR,590.68,78310.89,UPI,,UPI DR Indian Oil Fuel,CP-B-FUEL,Indian Oil Fuel,Supplier,Card spend,Retail purchase,N,,,N,N,N,NA,,CBS_SYNTH,0.94,None,
TXN-B-20250904-0226,ACC-CTB-002-SB1,CTB-RTL-002,2025-09-04,2025-09-04,2025-09-04T10:28:50,DR,2015.76,76295.13,Card,,Card DR Zomato,CP-B-FOOD,Zomato,Supplier,Card spend,Retail purchase,N,,,N,N,N,NA,,CBS_SYNTH,0.96,None,
TXN-B-20250904-0227,ACC-CTB-002-SB1,CTB-RTL-002,2025-09-04,2025-09-04,2025-09-04T11:39:35,DR,1037.99,75257.14,UPI,,UPI DR GlobalMart Online,CP-B-GM,GlobalMart Online,Supplier,Card spend,Retail purchase,N,,,N,N,N,NA,,CBS_SYNTH,0.99,None,
TXN-B-20250905-0228,ACC-CTB-002-SB1,CTB-RTL-002,2025-09-05,2025-09-05,2025-09-05T16:22:17,DR,1278.99,73978.15,UPI,,UPI DR Zomato,CP-B-FOOD,Zomato,Supplier,Card spend,Retail purchase,N,,,N,N,N,NA,,CBS_SYNTH,0.95,None,
TXN-B-20250906-0229,ACC-CTB-002-SB1,CTB-RTL-002,2025-09-06,2025-09-06,2025-09-06T11:48:28,DR,708.86,73269.29,Card,,Card DR MSEDCL / Utilities,CP-B-UTIL,MSEDCL / Utilities,Supplier,Card spend,Retail purchase,N,,,N,N,N,NA,,CBS_SYNTH,0.95,None,
TXN-B-20250907-0230,ACC-CTB-002-SB1,CTB-RTL-002,2025-09-07,2025-09-07,2025-09-07T17:21:30,DR,18900.0,54369.29,AutoDebit,,AutoDebit DR Loan EMI,CP-B-BANK,Contoso Bank (Loan EMI),Bank,EMI,Loan EMI,N,,,N,N,N,NA,FAC-B-PL-001,CBS_SYNTH,0.94,None,
TXN-B-20250908-0231,ACC-CTB-002-SB1,CTB-RTL-002,2025-09-08,2025-09-08,2025-09-08T08:59:08,DR,14280.0,40089.29,Cash,,Cash DR ATM withdrawal,CP-B-ATM,ATM cash withdrawal,Supplier,Cash,ATM withdrawal,N,,,Y,N,N,NA,,CBS_SYNTH,0.97,None,
TXN-B-20250908-0232,ACC-CTB-002-SB1,CTB-RTL-002,2025-09-08,2025-09-08,2025-09-08T12:46:32,DR,1378.71,38710.58,Card,,Card DR Zomato,CP-B-FOOD,Zomato,Supplier,Card spend,Retail purchase,N,,,N,N,N,NA,,CBS_SYNTH,0.96,None,
TXN-B-20250908-0233,ACC-CTB-002-SB1,CTB-RTL-002,2025-09-08,2025-09-08,2025-09-08T13:40:10,DR,1481.41,37229.17,UPI,,UPI DR Zomato,CP-B-FOOD,Zomato,Supplier,Card spend,Retail purchase,N,,,N,N,N,NA,,CBS_SYNTH,0.92,None,
TXN-B-20250909-0234,ACC-CTB-002-SB1,CTB-RTL-002,2025-09-09,2025-09-09,2025-09-09T16:42:14,DR,1886.94,35342.23,Card,,Card DR Zomato,CP-B-FOOD,Zomato,Supplier,Card spend,Retail purchase,N,,,N,N,N,NA,,CBS_SYNTH,0.92,None,
TXN-B-20250910-0235,ACC-CTB-002-SB1,CTB-RTL-002,2025-09-10,2025-09-10,2025-09-10T13:24:36,DR,899.27,34442.96,UPI,,UPI DR Zomato,CP-B-FOOD,Zomato,Supplier,Card spend,Retail purchase,N,,,N,N,N,NA,,CBS_SYNTH,0.93,None,
TXN-B-20250910-0236,ACC-CTB-002-SB1,CTB-RTL-002,2025-09-10,2025-09-10,2025-09-10T14:28:04,DR,1950.1,32492.86,Card,,Card DR Indian Oil Fuel,CP-B-FUEL,Indian Oil Fuel,Supplier,Card spend,Retail purchase,N,,,N,N,N,NA,,CBS_SYNTH,0.94,None,
TXN-B-20250910-0237,ACC-CTB-002-SB1,CTB-RTL-002,2025-09-10,2025-09-10,2025-09-10T19:53:04,DR,1618.28,30874.58,UPI,,UPI DR GlobalMart Online,CP-B-GM,GlobalMart Online,Supplier,Card spend,Retail purchase,N,,,N,N,N,NA,,CBS_SYNTH,0.93,None,
TXN-B-20250911-0238,ACC-CTB-002-SB1,CTB-RTL-002,2025-09-11,2025-09-11,2025-09-11T12:46:14,DR,1212.79,29661.79,UPI,,UPI DR GlobalMart Online,CP-B-GM,GlobalMart Online,Supplier,Card spend,Retail purchase,N,,,N,N,N,NA,,CBS_SYNTH,0.99,None,
TXN-B-20250911-0239,ACC-CTB-002-SB1,CTB-RTL-002,2025-09-11,2025-09-11,2025-09-11T18:39:19,DR,1515.47,28146.32,Card,,Card DR ATM cash withdrawal,CP-B-ATM,ATM cash withdrawal,Supplier,Card spend,Retail purchase,N,,,N,N,N,NA,,CBS_SYNTH,0.98,None,
TXN-B-20250913-0240,ACC-CTB-002-SB1,CTB-RTL-002,2025-09-13,2025-09-13,2025-09-13T11:23:06,DR,919.94,27226.38,UPI,,UPI DR ATM cash withdrawal,CP-B-ATM,ATM cash withdrawal,Supplier,Card spend,Retail purchase,N,,,N,N,N,NA,,CBS_SYNTH,0.94,None,
TXN-B-20250913-0241,ACC-CTB-002-SB1,CTB-RTL-002,2025-09-13,2025-09-13,2025-09-13T17:58:42,CR,2532.19,29758.57,UPI,,UPI CR Refund GlobalMart Online,CP-B-GM,GlobalMart Online,Supplier,Refund,Merchant refund,N,,,N,N,N,NA,,CBS_SYNTH,0.98,None,
TXN-B-20250913-0242,ACC-CTB-002-SB1,CTB-RTL-002,2025-09-13,2025-09-13,2025-09-13T19:46:41,DR,783.27,28975.3,Card,,Card DR GlobalMart Online,CP-B-GM,GlobalMart Online,Supplier,Card spend,Retail purchase,N,,,N,N,N,NA,,CBS_SYNTH,0.99,None,
TXN-B-20250916-0243,ACC-CTB-002-SB1,CTB-RTL-002,2025-09-16,2025-09-16,2025-09-16T13:21:54,DR,907.29,28068.01,Card,,Card DR ATM cash withdrawal,CP-B-ATM,ATM cash withdrawal,Supplier,Card spend,Retail purchase,N,,,N,N,N,NA,,CBS_SYNTH,0.94,None,
TXN-B-20250917-0244,ACC-CTB-002-SB1,CTB-RTL-002,2025-09-17,2025-09-17,2025-09-17T09:38:01,DR,1637.41,26430.6,UPI,,UPI DR GlobalMart Online,CP-B-GM,GlobalMart Online,Supplier,Card spend,Retail purchase,N,,,N,N,N,NA,,CBS_SYNTH,0.95,None,
TXN-B-20250917-0245,ACC-CTB-002-SB1,CTB-RTL-002,2025-09-17,2025-09-17,2025-09-17T14:24:18,DR,1685.33,24745.27,Card,,Card DR Indian Oil Fuel,CP-B-FUEL,Indian Oil Fuel,Supplier,Card spend,Retail purchase,N,,,N,N,N,NA,,CBS_SYNTH,0.95,None,
TXN-B-20250918-0246,ACC-CTB-002-SB1,CTB-RTL-002,2025-09-18,2025-09-18,2025-09-18T17:01:11,DR,964.62,23780.65,UPI,,UPI DR Reliance Trends,CP-B-SHOP,Reliance Trends,Supplier,Card spend,Retail purchase,N,,,N,N,N,NA,,CBS_SYNTH,0.96,None,
TXN-B-20250918-0247,ACC-CTB-002-SB1,CTB-RTL-002,2025-09-18,2025-09-18,2025-09-18T17:56:24,DR,1427.07,22353.58,Card,,Card DR Indian Oil Fuel,CP-B-FUEL,Indian Oil Fuel,Supplier,Card spend,Retail purchase,N,,,N,N,N,NA,,CBS_SYNTH,0.94,None,
TXN-B-20250919-0248,ACC-CTB-002-SB1,CTB-RTL-002,2025-09-19,2025-09-19,2025-09-19T12:41:24,DR,1141.08,21212.5,Card,,Card DR MSEDCL / Utilities,CP-B-UTIL,MSEDCL / Utilities,Supplier,Card spend,Retail purchase,N,,,N,N,N,NA,,CBS_SYNTH,0.95,None,
TXN-B-20250919-0249,ACC-CTB-002-SB1,CTB-RTL-002,2025-09-19,2025-09-19,2025-09-19T14:06:08,DR,2076.82,19135.68,Card,,Card DR ATM cash withdrawal,CP-B-ATM,ATM cash withdrawal,Supplier,Card spend,Retail purchase,N,,,N,N,N,NA,,CBS_SYNTH,0.99,None,
TXN-B-20250919-0250,ACC-CTB-002-SB1,CTB-RTL-002,2025-09-19,2025-09-19,2025-09-19T19:55:09,DR,1944.4,17191.28,Card,,Card DR Indian Oil Fuel,CP-B-FUEL,Indian Oil Fuel,Supplier,Card spend,Retail purchase,N,,,N,N,N,NA,,CBS_SYNTH,0.95,None,
TXN-B-20250920-0251,ACC-CTB-002-SB1,CTB-RTL-002,2025-09-20,2025-09-20,2025-09-20T16:46:09,DR,1633.56,15557.72,Card,,Card DR ATM cash withdrawal,CP-B-ATM,ATM cash withdrawal,Supplier,Card spend,Retail purchase,N,,,N,N,N,NA,,CBS_SYNTH,0.92,None,
TXN-B-20250920-0252,ACC-CTB-002-SB1,CTB-RTL-002,2025-09-20,2025-09-20,2025-09-20T19:27:56,DR,1710.77,13846.95,UPI,,UPI DR Zomato,CP-B-FOOD,Zomato,Supplier,Card spend,Retail purchase,N,,,N,N,N,NA,,CBS_SYNTH,0.97,None,
TXN-B-20250920-0253,ACC-CTB-002-SB1,CTB-RTL-002,2025-09-20,2025-09-20,2025-09-20T20:38:29,DR,1191.72,12655.23,Card,,Card DR MSEDCL / Utilities,CP-B-UTIL,MSEDCL / Utilities,Supplier,Card spend,Retail purchase,N,,,N,N,N,NA,,CBS_SYNTH,0.98,None,
TXN-B-20250922-0254,ACC-CTB-002-SB1,CTB-RTL-002,2025-09-22,2025-09-22,2025-09-22T13:58:38,DR,1541.65,11113.58,UPI,,UPI DR Zomato,CP-B-FOOD,Zomato,Supplier,Card spend,Retail purchase,N,,,N,N,N,NA,,CBS_SYNTH,0.93,None,
TXN-B-20250924-0255,ACC-CTB-002-SB1,CTB-RTL-002,2025-09-24,2025-09-24,2025-09-24T10:09:14,DR,1900.42,9213.16,Card,,Card DR ATM cash withdrawal,CP-B-ATM,ATM cash withdrawal,Supplier,Card spend,Retail purchase,N,,,N,N,N,NA,,CBS_SYNTH,0.93,None,
TXN-B-20250924-0256,ACC-CTB-002-SB1,CTB-RTL-002,2025-09-24,2025-09-24,2025-09-24T12:33:51,DR,7140.0,2073.16,AutoDebit,,AutoDebit DR ATM cash withdrawal,CP-B-ATM,ATM cash withdrawal,Supplier,Utilities,Bill payment,N,,,N,N,N,NA,,CBS_SYNTH,0.92,None,
TXN-B-20250925-0257,ACC-CTB-002-SB1,CTB-RTL-002,2025-09-25,2025-09-25,2025-09-25T16:05:50,DR,1832.0,241.16,UPI,,UPI DR Zomato,CP-B-FOOD,Zomato,Supplier,Card spend,Retail purchase,N,,,N,N,N,NA,,CBS_SYNTH,0.92,None,
TXN-B-20250925-0258,ACC-CTB-002-SB1,CTB-RTL-002,2025-09-25,2025-09-25,2025-09-25T18:30:18,DR,888.29,-647.13,Card,,Card DR MSEDCL / Utilities,CP-B-UTIL,MSEDCL / Utilities,Supplier,Card spend,Retail purchase,N,,,N,N,N,NA,,CBS_SYNTH,0.93,None,
TXN-B-20250925-0259,ACC-CTB-002-SB1,CTB-RTL-002,2025-09-25,2025-09-25,2025-09-25T20:51:35,DR,1501.92,-2149.05,UPI,,UPI DR Zomato,CP-B-FOOD,Zomato,Supplier,Card spend,Retail purchase,N,,,N,N,N,NA,,CBS_SYNTH,0.96,None,
TXN-B-20250926-0260,ACC-CTB-002-SB1,CTB-RTL-002,2025-09-26,2025-09-26,2025-09-26T13:44:34,DR,1617.3,-3766.35,Card,,Card DR MSEDCL / Utilities,CP-B-UTIL,MSEDCL / Utilities,Supplier,Card spend,Retail purchase,N,,,N,N,N,NA,,CBS_SYNTH,0.98,None,
TXN-B-20250926-0261,ACC-CTB-002-SB1,CTB-RTL-002,2025-09-26,2025-09-26,2025-09-26T14:14:27,DR,1036.27,-4802.62,UPI,,UPI DR Indian Oil Fuel,CP-B-FUEL,Indian Oil Fuel,Supplier,Card spend,Retail purchase,N,,,N,N,N,NA,,CBS_SYNTH,0.94,None,
TXN-B-20250927-0262,ACC-CTB-002-SB1,CTB-RTL-002,2025-09-27,2025-09-27,2025-09-27T12:27:20,DR,2115.24,-6917.86,Card,,Card DR Zomato,CP-B-FOOD,Zomato,Supplier,Card spend,Retail purchase,N,,,N,N,N,NA,,CBS_SYNTH,0.98,None,
TXN-B-20250927-0263,ACC-CTB-002-SB1,CTB-RTL-002,2025-09-27,2025-09-27,2025-09-27T15:36:33,DR,1275.62,-8193.48,Card,,Card DR Reliance Trends,CP-B-SHOP,Reliance Trends,Supplier,Card spend,Retail purchase,N,,,N,N,N,NA,,CBS_SYNTH,0.91,None,
TXN-B-20250927-0264,ACC-CTB-002-SB1,CTB-RTL-002,2025-09-27,2025-09-27,2025-09-27T15:49:16,DR,622.76,-8816.24,UPI,,UPI DR Reliance Trends,CP-B-SHOP,Reliance Trends,Supplier,Card spend,Retail purchase,N,,,N,N,N,NA,,CBS_SYNTH,0.95,None,
TXN-B-20250928-0265,ACC-CTB-002-SB1,CTB-RTL-002,2025-09-28,2025-09-28,2025-09-28T09:20:33,DR,12495.0,-21311.24,NetBanking,,NetBanking DR Credit card bill,CP-B-BANK,Contoso Bank,Bank,Card bill,Credit card payment,N,,,N,N,N,NA,FAC-B-CC-001,CBS_SYNTH,0.95,None,
TXN-B-20250929-0266,ACC-CTB-002-SB1,CTB-RTL-002,2025-09-29,2025-09-29,2025-09-29T11:58:17,DR,1380.68,-22691.92,Card,,Card DR Reliance Trends,CP-B-SHOP,Reliance Trends,Supplier,Card spend,Retail purchase,N,,,N,N,N,NA,,CBS_SYNTH,0.98,None,
TXN-B-20250929-0267,ACC-CTB-002-SB1,CTB-RTL-002,2025-09-29,2025-09-29,2025-09-29T13:19:14,DR,688.14,-23380.06,UPI,,UPI DR Reliance Trends,CP-B-SHOP,Reliance Trends,Supplier,Card spend,Retail purchase,N,,,N,N,N,NA,,CBS_SYNTH,0.91,None,
TXN-B-20250929-0268,ACC-CTB-002-SB1,CTB-RTL-002,2025-09-29,2025-09-29,2025-09-29T17:48:29,DR,1120.1,-24500.16,UPI,,UPI DR ATM cash withdrawal,CP-B-ATM,ATM cash withdrawal,Supplier,Card spend,Retail purchase,N,,,N,N,N,NA,,CBS_SYNTH,0.91,None,
TXN-B-20250930-0269,ACC-CTB-002-SB1,CTB-RTL-002,2025-09-30,2025-09-30,2025-09-30T13:17:50,DR,1465.83,-25965.99,Card,,Card DR GlobalMart Online,CP-B-GM,GlobalMart Online,Supplier,Card spend,Retail purchase,N,,,N,N,N,NA,,CBS_SYNTH,0.93,None,
TXN-B-20250930-0270,ACC-CTB-002-SB1,CTB-RTL-002,2025-09-30,2025-09-30,2025-09-30T14:00:22,CR,1475.33,-24490.66,Internal,,Internal CR Savings interest,CP-B-BANK,Contoso Bank,Bank,Income,Savings interest,N,,,N,N,N,NA,,CBS_SYNTH,0.95,None,
TXN-B-20251001-0271,ACC-CTB-002-SB1,CTB-RTL-002,2025-10-01,2025-10-01,2025-10-01T15:42:02,CR,77280.0,52789.34,NEFT,,NEFT CR Business inflow / Salary draw,CP-B-INC,Business inflow / Salary draw,Buyer,Income,Salary credit,N,,,N,N,N,NA,,CBS_SYNTH,0.96,None,
TXN-B-20251001-0272,ACC-CTB-002-SB1,CTB-RTL-002,2025-10-01,2025-10-01,2025-10-01T21:50:53,DR,761.94,52027.4,UPI,,UPI DR Reliance Trends,CP-B-SHOP,Reliance Trends,Supplier,Card spend,Retail purchase,N,,,N,N,N,NA,,CBS_SYNTH,0.95,None,
TXN-B-20251003-0273,ACC-CTB-002-SB1,CTB-RTL-002,2025-10-03,2025-10-03,2025-10-03T10:56:15,DR,1228.85,50798.55,UPI,,UPI DR ATM cash withdrawal,CP-B-ATM,ATM cash withdrawal,Supplier,Card spend,Retail purchase,N,,,N,N,N,NA,,CBS_SYNTH,0.95,None,
TXN-B-20251003-0274,ACC-CTB-002-SB1,CTB-RTL-002,2025-10-03,2025-10-03,2025-10-03T21:28:00,DR,1865.57,48932.98,UPI,,UPI DR ATM cash withdrawal,CP-B-ATM,ATM cash withdrawal,Supplier,Card spend,Retail purchase,N,,,N,N,N,NA,,CBS_SYNTH,0.94,None,
TXN-B-20251006-0275,ACC-CTB-002-SB1,CTB-RTL-002,2025-10-06,2025-10-06,2025-10-06T08:23:07,DR,1039.86,47893.12,Card,,Card DR GlobalMart Online,CP-B-GM,GlobalMart Online,Supplier,Card spend,Retail purchase,N,,,N,N,N,NA,,CBS_SYNTH,0.95,None,
TXN-B-20251006-0276,ACC-CTB-002-SB1,CTB-RTL-002,2025-10-06,2025-10-06,2025-10-06T11:02:58,DR,1244.54,46648.58,Card,,Card DR Reliance Trends,CP-B-SHOP,Reliance Trends,Supplier,Card spend,Retail purchase,N,,,N,N,N,NA,,CBS_SYNTH,0.94,None,
TXN-B-20251006-0277,ACC-CTB-002-SB1,CTB-RTL-002,2025-10-06,2025-10-06,2025-10-06T19:28:25,DR,1179.65,45468.93,UPI,,UPI DR Indian Oil Fuel,CP-B-FUEL,Indian Oil Fuel,Supplier,Card spend,Retail purchase,N,,,N,N,N,NA,,CBS_SYNTH,0.98,None,
TXN-B-20251007-0278,ACC-CTB-002-SB1,CTB-RTL-002,2025-10-07,2025-10-07,2025-10-07T09:56:01,DR,1333.67,44135.26,Card,,Card DR GlobalMart Online,CP-B-GM,GlobalMart Online,Supplier,Card spend,Retail purchase,N,,,N,N,N,NA,,CBS_SYNTH,0.91,None,
TXN-B-20251007-0279,ACC-CTB-002-SB1,CTB-RTL-002,2025-10-07,2025-10-07,2025-10-07T11:10:02,DR,1261.51,42873.75,UPI,,UPI DR GlobalMart Online,CP-B-GM,GlobalMart Online,Supplier,Card spend,Retail purchase,N,,,N,N,N,NA,,CBS_SYNTH,0.99,None,
TXN-B-20251007-0280,ACC-CTB-002-SB1,CTB-RTL-002,2025-10-07,2025-10-07,2025-10-07T13:03:02,DR,883.03,41990.72,UPI,,UPI DR ATM cash withdrawal,CP-B-ATM,ATM cash withdrawal,Supplier,Card spend,Retail purchase,N,,,N,N,N,NA,,CBS_SYNTH,0.96,None,
TXN-B-20251008-0282,ACC-CTB-002-SB1,CTB-RTL-002,2025-10-08,2025-10-08,2025-10-08T13:19:34,DR,571.85,41418.87,Card,,Card DR Reliance Trends,CP-B-SHOP,Reliance Trends,Supplier,Card spend,Retail purchase,N,,,N,N,N,NA,,CBS_SYNTH,0.93,None,
TXN-B-20251010-0283,ACC-CTB-002-SB1,CTB-RTL-002,2025-10-10,2025-10-10,2025-10-10T16:04:28,DR,1692.11,39726.76,UPI,,UPI DR ATM cash withdrawal,CP-B-ATM,ATM cash withdrawal,Supplier,Card spend,Retail purchase,N,,,N,N,N,NA,,CBS_SYNTH,0.93,None,
TXN-B-20251011-0284,ACC-CTB-002-SB1,CTB-RTL-002,2025-10-11,2025-10-11,2025-10-11T08:06:30,DR,1788.46,37938.3,Card,,Card DR Zomato,CP-B-FOOD,Zomato,Supplier,Card spend,Retail purchase,N,,,N,N,N,NA,,CBS_SYNTH,0.92,None,
TXN-B-20251013-0285,ACC-CTB-002-SB1,CTB-RTL-002,2025-10-13,2025-10-13,2025-10-13T10:51:39,DR,1343.76,36594.54,UPI,,UPI DR MSEDCL / Utilities,CP-B-UTIL,MSEDCL / Utilities,Supplier,Card spend,Retail purchase,N,,,N,N,N,NA,,CBS_SYNTH,0.98,None,
TXN-B-20251013-0286,ACC-CTB-002-SB1,CTB-RTL-002,2025-10-13,2025-10-13,2025-10-13T18:00:54,DR,1814.1,34780.44,UPI,,UPI DR GlobalMart Online,CP-B-GM,GlobalMart Online,Supplier,Card spend,Retail purchase,N,,,N,N,N,NA,,CBS_SYNTH,0.96,None,
TXN-B-20251013-0287,ACC-CTB-002-SB1,CTB-RTL-002,2025-10-13,2025-10-13,2025-10-13T19:26:45,DR,696.51,34083.93,UPI,,UPI DR Indian Oil Fuel,CP-B-FUEL,Indian Oil Fuel,Supplier,Card spend,Retail purchase,N,,,N,N,N,NA,,CBS_SYNTH,0.9,None,
TXN-B-20251014-0288,ACC-CTB-002-SB1,CTB-RTL-002,2025-10-14,2025-10-14,2025-10-14T12:01:43,DR,13440.0,20643.93,Cash,,Cash DR ATM withdrawal,CP-B-ATM,ATM cash withdrawal,Supplier,Cash,ATM withdrawal,N,,,Y,N,N,NA,,CBS_SYNTH,0.95,None,
TXN-B-20251014-0289,ACC-CTB-002-SB1,CTB-RTL-002,2025-10-14,2025-10-14,2025-10-14T12:11:13,DR,708.6,19935.33,Card,,Card DR GlobalMart Online,CP-B-GM,GlobalMart Online,Supplier,Card spend,Retail purchase,N,,,N,N,N,NA,,CBS_SYNTH,0.91,None,
TXN-B-20251016-0290,ACC-CTB-002-SB1,CTB-RTL-002,2025-10-16,2025-10-16,2025-10-16T18:32:40,DR,1225.63,18709.7,Card,,Card DR GlobalMart Online,CP-B-GM,GlobalMart Online,Supplier,Card spend,Retail purchase,N,,,N,N,N,NA,,CBS_SYNTH,0.99,None,
TXN-B-20251017-0291,ACC-CTB-002-SB1,CTB-RTL-002,2025-10-17,2025-10-17,2025-10-17T10:46:45,DR,1086.7,17623.0,Card,,Card DR Indian Oil Fuel,CP-B-FUEL,Indian Oil Fuel,Supplier,Card spend,Retail purchase,N,,,N,N,N,NA,,CBS_SYNTH,0.95,None,
TXN-B-20251017-0292,ACC-CTB-002-SB1,CTB-RTL-002,2025-10-17,2025-10-17,2025-10-17T16:41:08,DR,1347.56,16275.44,Card,,Card DR Indian Oil Fuel,CP-B-FUEL,Indian Oil Fuel,Supplier,Card spend,Retail purchase,N,,,N,N,N,NA,,CBS_SYNTH,0.94,None,
TXN-B-20251024-0293,ACC-CTB-002-SB1,CTB-RTL-002,2025-10-24,2025-10-24,2025-10-24T12:50:00,DR,1001.97,15273.47,UPI,,UPI DR Indian Oil Fuel,CP-B-FUEL,Indian Oil Fuel,Supplier,Card spend,Retail purchase,N,,,N,N,N,NA,,CBS_SYNTH,0.94,None,
TXN-B-20251025-0294,ACC-CTB-002-SB1,CTB-RTL-002,2025-10-25,2025-10-25,2025-10-25T12:50:25,DR,1800.56,13472.91,UPI,,UPI DR ATM cash withdrawal,CP-B-ATM,ATM cash withdrawal,Supplier,Card spend,Retail purchase,N,,,N,N,N,NA,,CBS_SYNTH,0.93,None,
TXN-B-20251027-0295,ACC-CTB-002-SB1,CTB-RTL-002,2025-10-27,2025-10-27,2025-10-27T08:27:08,DR,1202.66,12270.25,UPI,,UPI DR Indian Oil Fuel,CP-B-FUEL,Indian Oil Fuel,Supplier,Card spend,Retail purchase,N,,,N,N,N,NA,,CBS_SYNTH,0.92,None,
TXN-B-20251028-0296,ACC-CTB-002-SB1,CTB-RTL-002,2025-10-28,2025-10-28,2025-10-28T16:45:41,DR,944.36,11325.89,UPI,,UPI DR ATM cash withdrawal,CP-B-ATM,ATM cash withdrawal,Supplier,Card spend,Retail purchase,N,,,N,N,N,NA,,CBS_SYNTH,0.93,None,
TXN-B-20251028-0297,ACC-CTB-002-SB1,CTB-RTL-002,2025-10-28,2025-10-28,2025-10-28T18:31:13,DR,1300.67,10025.22,Card,,Card DR Reliance Trends,CP-B-SHOP,Reliance Trends,Supplier,Card spend,Retail purchase,N,,,N,N,N,NA,,CBS_SYNTH,0.98,None,
TXN-B-20251029-0298,ACC-CTB-002-SB1,CTB-RTL-002,2025-10-29,2025-10-29,2025-10-29T14:15:44,DR,11760.0,-1734.78,NetBanking,,NetBanking DR Credit card bill,CP-B-BANK,Contoso Bank,Bank,Card bill,Credit card payment,N,,,N,N,N,NA,FAC-B-CC-001,CBS_SYNTH,0.91,None,
TXN-B-20251030-0299,ACC-CTB-002-SB1,CTB-RTL-002,2025-10-30,2025-10-30,2025-10-30T14:03:18,DR,6720.0,-8454.78,AutoDebit,,AutoDebit DR ATM cash withdrawal,CP-B-ATM,ATM cash withdrawal,Supplier,Utilities,Bill payment,N,,,N,N,N,NA,,CBS_SYNTH,0.9,None,
TXN-B-20251031-0300,ACC-CTB-002-SB1,CTB-RTL-002,2025-10-31,2025-10-31,2025-10-31T10:49:07,DR,1798.02,-10252.8,Card,,Card DR MSEDCL / Utilities,CP-B-UTIL,MSEDCL / Utilities,Supplier,Card spend,Retail purchase,N,,,N,N,N,NA,,CBS_SYNTH,0.92,None,
TXN-B-20251031-0301,ACC-CTB-002-SB1,CTB-RTL-002,2025-10-31,2025-10-31,2025-10-31T11:49:01,DR,918.58,-11171.38,Card,,Card DR Zomato,CP-B-FOOD,Zomato,Supplier,Card spend,Retail purchase,N,,,N,N,N,NA,,CBS_SYNTH,0.96,None,
TXN-B-20251031-0302,ACC-CTB-002-SB1,CTB-RTL-002,2025-10-31,2025-10-31,2025-10-31T11:59:01,DR,565.24,-11736.62,UPI,,UPI DR GlobalMart Online,CP-B-GM,GlobalMart Online,Supplier,Card spend,Retail purchase,N,,,N,N,N,NA,,CBS_SYNTH,0.94,None,
TXN-B-20251031-0303,ACC-CTB-002-SB1,CTB-RTL-002,2025-10-31,2025-10-31,2025-10-31T16:25:14,DR,551.9,-12288.52,Card,,Card DR Reliance Trends,CP-B-SHOP,Reliance Trends,Supplier,Card spend,Retail purchase,N,,,N,N,N,NA,,CBS_SYNTH,0.97,None,
TXN-B-20251101-0304,ACC-CTB-002-SB1,CTB-RTL-002,2025-11-01,2025-11-01,2025-11-01T14:10:25,CR,75348.0,63059.48,NEFT,,NEFT CR Business inflow / Salary draw,CP-B-INC,Business inflow / Salary draw,Buyer,Income,Salary credit,N,,,N,N,N,NA,,CBS_SYNTH,0.92,None,
TXN-B-20251103-0305,ACC-CTB-002-SB1,CTB-RTL-002,2025-11-03,2025-11-03,2025-11-03T18:10:35,DR,1176.11,61883.37,Card,,Card DR Indian Oil Fuel,CP-B-FUEL,Indian Oil Fuel,Supplier,Card spend,Retail purchase,N,,,N,N,N,NA,,CBS_SYNTH,0.91,None,
TXN-B-20251104-0306,ACC-CTB-002-SB1,CTB-RTL-002,2025-11-04,2025-11-04,2025-11-04T09:43:30,DR,836.77,61046.6,Card,,Card DR GlobalMart Online,CP-B-GM,GlobalMart Online,Supplier,Card spend,Retail purchase,N,,,N,N,N,NA,,CBS_SYNTH,0.92,None,
TXN-B-20251104-0307,ACC-CTB-002-SB1,CTB-RTL-002,2025-11-04,2025-11-04,2025-11-04T10:46:51,DR,1129.59,59917.01,UPI,,UPI DR GlobalMart Online,CP-B-GM,GlobalMart Online,Supplier,Card spend,Retail purchase,N,,,N,N,N,NA,,CBS_SYNTH,0.91,None,
TXN-B-20251104-0308,ACC-CTB-002-SB1,CTB-RTL-002,2025-11-04,2025-11-04,2025-11-04T12:04:11,DR,1295.99,58621.02,Card,,Card DR Indian Oil Fuel,CP-B-FUEL,Indian Oil Fuel,Supplier,Card spend,Retail purchase,N,,,N,N,N,NA,,CBS_SYNTH,0.9,None,
TXN-B-20251107-0309,ACC-CTB-002-SB1,CTB-RTL-002,2025-11-07,2025-11-07,2025-11-07T14:46:16,DR,1015.48,57605.54,UPI,,UPI DR GlobalMart Online,CP-B-GM,GlobalMart Online,Supplier,Card spend,Retail purchase,N,,,N,N,N,NA,,CBS_SYNTH,0.91,None,
TXN-B-20251107-0310,ACC-CTB-002-SB1,CTB-RTL-002,2025-11-07,2025-11-07,2025-11-07T21:49:57,DR,18900.0,38705.54,AutoDebit,,AutoDebit DR Loan EMI,CP-B-BANK,Contoso Bank (Loan EMI),Bank,EMI,Loan EMI,N,,,N,N,N,NA,FAC-B-PL-001,CBS_SYNTH,0.96,None,
TXN-B-20251108-0311,ACC-CTB-002-SB1,CTB-RTL-002,2025-11-08,2025-11-08,2025-11-08T12:47:14,DR,1032.91,37672.63,Card,,Card DR GlobalMart Online,CP-B-GM,GlobalMart Online,Supplier,Card spend,Retail purchase,N,,,N,N,N,NA,,CBS_SYNTH,0.95,None,
TXN-B-20251108-0312,ACC-CTB-002-SB1,CTB-RTL-002,2025-11-08,2025-11-08,2025-11-08T18:09:23,DR,691.89,36980.74,UPI,,UPI DR Reliance Trends,CP-B-SHOP,Reliance Trends,Supplier,Card spend,Retail purchase,N,,,N,N,N,NA,,CBS_SYNTH,0.93,None,
TXN-B-20251108-0313,ACC-CTB-002-SB1,CTB-RTL-002,2025-11-08,2025-11-08,2025-11-08T18:45:43,DR,550.65,36430.09,Card,,Card DR GlobalMart Online,CP-B-GM,GlobalMart Online,Supplier,Card spend,Retail purchase,N,,,N,N,N,NA,,CBS_SYNTH,0.95,None,
TXN-B-20251110-0314,ACC-CTB-002-SB1,CTB-RTL-002,2025-11-10,2025-11-10,2025-11-10T09:34:57,DR,1211.36,35218.73,Card,,Card DR ATM cash withdrawal,CP-B-ATM,ATM cash withdrawal,Supplier,Card spend,Retail purchase,N,,,N,N,N,NA,,CBS_SYNTH,0.92,None,
TXN-B-20251110-0315,ACC-CTB-002-SB1,CTB-RTL-002,2025-11-10,2025-11-10,2025-11-10T15:00:42,DR,643.25,34575.48,Card,,Card DR Reliance Trends,CP-B-SHOP,Reliance Trends,Supplier,Card spend,Retail purchase,N,,,N,N,N,NA,,CBS_SYNTH,0.91,None,
TXN-B-20251111-0316,ACC-CTB-002-SB1,CTB-RTL-002,2025-11-11,2025-11-11,2025-11-11T16:07:33,DR,745.75,33829.73,Card,,Card DR Reliance Trends,CP-B-SHOP,Reliance Trends,Supplier,Card spend,Retail purchase,N,,,N,N,N,NA,,CBS_SYNTH,0.94,None,
TXN-B-20251112-0317,ACC-CTB-002-SB1,CTB-RTL-002,2025-11-12,2025-11-12,2025-11-12T10:41:21,DR,1202.95,32626.78,UPI,,UPI DR GlobalMart Online,CP-B-GM,GlobalMart Online,Supplier,Card spend,Retail purchase,N,,,N,N,N,NA,,CBS_SYNTH,0.94,None,
TXN-B-20251112-0318,ACC-CTB-002-SB1,CTB-RTL-002,2025-11-12,2025-11-12,2025-11-12T11:40:56,DR,695.96,31930.82,Card,,Card DR Reliance Trends,CP-B-SHOP,Reliance Trends,Supplier,Card spend,Retail purchase,N,,,N,N,N,NA,,CBS_SYNTH,0.94,None,
TXN-B-20251113-0319,ACC-CTB-002-SB1,CTB-RTL-002,2025-11-13,2025-11-13,2025-11-13T19:29:20,DR,6552.0,25378.82,AutoDebit,,AutoDebit DR ATM cash withdrawal,CP-B-ATM,ATM cash withdrawal,Supplier,Utilities,Bill payment,N,,,N,N,N,NA,,CBS_SYNTH,0.93,None,
TXN-B-20251114-0320,ACC-CTB-002-SB1,CTB-RTL-002,2025-11-14,2025-11-14,2025-11-14T08:26:16,DR,563.37,24815.45,Card,,Card DR ATM cash withdrawal,CP-B-ATM,ATM cash withdrawal,Supplier,Card spend,Retail purchase,N,,,N,N,N,NA,,CBS_SYNTH,0.9,None,
TXN-B-20251114-0321,ACC-CTB-002-SB1,CTB-RTL-002,2025-11-14,2025-11-14,2025-11-14T10:33:34,DR,1158.15,23657.3,UPI,,UPI DR MSEDCL / Utilities,CP-B-UTIL,MSEDCL / Utilities,Supplier,Card spend,Retail purchase,N,,,N,N,N,NA,,CBS_SYNTH,0.93,None,
TXN-B-20251114-0322,ACC-CTB-002-SB1,CTB-RTL-002,2025-11-14,2025-11-14,2025-11-14T18:26:06,DR,593.22,23064.08,UPI,,UPI DR Indian Oil Fuel,CP-B-FUEL,Indian Oil Fuel,Supplier,Card spend,Retail purchase,N,,,N,N,N,NA,,CBS_SYNTH,0.98,None,
TXN-B-20251114-0323,ACC-CTB-002-SB1,CTB-RTL-002,2025-11-14,2025-11-14,2025-11-14T21:12:09,DR,736.28,22327.8,Card,,Card DR MSEDCL / Utilities,CP-B-UTIL,MSEDCL / Utilities,Supplier,Card spend,Retail purchase,N,,,N,N,N,NA,,CBS_SYNTH,0.93,None,
TXN-B-20251115-0324,ACC-CTB-002-SB1,CTB-RTL-002,2025-11-15,2025-11-15,2025-11-15T08:43:39,DR,1109.78,21218.02,Card,,Card DR Reliance Trends,CP-B-SHOP,Reliance Trends,Supplier,Card spend,Retail purchase,N,,,N,N,N,NA,,CBS_SYNTH,0.99,None,
TXN-B-20251115-0325,ACC-CTB-002-SB1,CTB-RTL-002,2025-11-15,2025-11-15,2025-11-15T16:41:37,DR,1175.87,20042.15,Card,,Card DR ATM cash withdrawal,CP-B-ATM,ATM cash withdrawal,Supplier,Card spend,Retail purchase,N,,,N,N,N,NA,,CBS_SYNTH,0.99,None,
TXN-B-20251117-0326,ACC-CTB-002-SB1,CTB-RTL-002,2025-11-17,2025-11-17,2025-11-17T16:41:48,DR,544.1,19498.05,UPI,,UPI DR MSEDCL / Utilities,CP-B-UTIL,MSEDCL / Utilities,Supplier,Card spend,Retail purchase,N,,,N,N,N,NA,,CBS_SYNTH,0.97,None,
TXN-B-20251117-0327,ACC-CTB-002-SB1,CTB-RTL-002,2025-11-17,2025-11-17,2025-11-17T21:56:50,DR,558.43,18939.62,UPI,,UPI DR MSEDCL / Utilities,CP-B-UTIL,MSEDCL / Utilities,Supplier,Card spend,Retail purchase,N,,,N,N,N,NA,,CBS_SYNTH,0.97,None,
TXN-B-20251118-0328,ACC-CTB-002-SB1,CTB-RTL-002,2025-11-18,2025-11-18,2025-11-18T14:51:21,DR,6552.0,12387.62,Cash,,Cash DR ATM withdrawal,CP-B-ATM,ATM cash withdrawal,Supplier,Cash,ATM withdrawal,N,,,Y,N,N,NA,,CBS_SYNTH,0.94,None,
TXN-B-20251118-0329,ACC-CTB-002-SB1,CTB-RTL-002,2025-11-18,2025-11-18,2025-11-18T18:23:43,DR,988.49,11399.13,UPI,,UPI DR GlobalMart Online,CP-B-GM,GlobalMart Online,Supplier,Card spend,Retail purchase,N,,,N,N,N,NA,,CBS_SYNTH,0.94,None,
TXN-B-20251118-0330,ACC-CTB-002-SB1,CTB-RTL-002,2025-11-18,2025-11-18,2025-11-18T18:44:16,DR,972.52,10426.61,Card,,Card DR ATM cash withdrawal,CP-B-ATM,ATM cash withdrawal,Supplier,Card spend,Retail purchase,N,,,N,N,N,NA,,CBS_SYNTH,0.96,None,
TXN-B-20251118-0331,ACC-CTB-002-SB1,CTB-RTL-002,2025-11-18,2025-11-18,2025-11-18T19:03:58,DR,1068.35,9358.26,Card,,Card DR Reliance Trends,CP-B-SHOP,Reliance Trends,Supplier,Card spend,Retail purchase,N,,,N,N,N,NA,,CBS_SYNTH,0.97,None,
TXN-B-20251119-0332,ACC-CTB-002-SB1,CTB-RTL-002,2025-11-19,2025-11-19,2025-11-19T16:13:57,DR,716.45,8641.81,UPI,,UPI DR Reliance Trends,CP-B-SHOP,Reliance Trends,Supplier,Card spend,Retail purchase,N,,,N,N,N,NA,,CBS_SYNTH,0.93,None,
TXN-B-20251119-0333,ACC-CTB-002-SB1,CTB-RTL-002,2025-11-19,2025-11-19,2025-11-19T19:43:53,DR,764.32,7877.49,Card,,Card DR GlobalMart Online,CP-B-GM,GlobalMart Online,Supplier,Card spend,Retail purchase,N,,,N,N,N,NA,,CBS_SYNTH,0.91,None,
TXN-B-20251120-0334,ACC-CTB-002-SB1,CTB-RTL-002,2025-11-20,2025-11-20,2025-11-20T10:09:01,DR,632.75,7244.74,UPI,,UPI DR Reliance Trends,CP-B-SHOP,Reliance Trends,Supplier,Card spend,Retail purchase,N,,,N,N,N,NA,,CBS_SYNTH,0.98,None,
TXN-B-20251120-0335,ACC-CTB-002-SB1,CTB-RTL-002,2025-11-20,2025-11-20,2025-11-20T16:30:15,DR,377.45,6867.29,Card,,Card DR Reliance Trends,CP-B-SHOP,Reliance Trends,Supplier,Card spend,Retail purchase,N,,,N,N,N,NA,,CBS_SYNTH,0.99,None,
TXN-B-20251121-0336,ACC-CTB-002-SB1,CTB-RTL-002,2025-11-21,2025-11-21,2025-11-21T13:01:17,DR,669.63,6197.66,Card,,Card DR GlobalMart Online,CP-B-GM,GlobalMart Online,Supplier,Card spend,Retail purchase,N,,,N,N,N,NA,,CBS_SYNTH,0.97,None,
TXN-B-20251122-0337,ACC-CTB-002-SB1,CTB-RTL-002,2025-11-22,2025-11-22,2025-11-22T11:10:27,DR,899.02,5298.64,Card,,Card DR Reliance Trends,CP-B-SHOP,Reliance Trends,Supplier,Card spend,Retail purchase,N,,,N,N,N,NA,,CBS_SYNTH,0.97,None,
TXN-B-20251122-0338,ACC-CTB-002-SB1,CTB-RTL-002,2025-11-22,2025-11-22,2025-11-22T11:52:52,DR,1088.91,4209.73,Card,,Card DR Indian Oil Fuel,CP-B-FUEL,Indian Oil Fuel,Supplier,Card spend,Retail purchase,N,,,N,N,N,NA,,CBS_SYNTH,0.93,None,
TXN-B-20251122-0339,ACC-CTB-002-SB1,CTB-RTL-002,2025-11-22,2025-11-22,2025-11-22T13:29:26,DR,904.93,3304.8,Card,,Card DR ATM cash withdrawal,CP-B-ATM,ATM cash withdrawal,Supplier,Card spend,Retail purchase,N,,,N,N,N,NA,,CBS_SYNTH,0.97,None,
TXN-B-20251125-0340,ACC-CTB-002-SB1,CTB-RTL-002,2025-11-25,2025-11-25,2025-11-25T08:23:18,DR,1145.53,2159.27,UPI,,UPI DR Zomato,CP-B-FOOD,Zomato,Supplier,Card spend,Retail purchase,N,,,N,N,N,NA,,CBS_SYNTH,0.98,None,
TXN-B-20251125-0341,ACC-CTB-002-SB1,CTB-RTL-002,2025-11-25,2025-11-25,2025-11-25T14:00:04,DR,6552.0,-4392.73,Cash,,Cash DR ATM withdrawal,CP-B-ATM,ATM cash withdrawal,Supplier,Cash,ATM withdrawal,N,,,Y,N,N,NA,,CBS_SYNTH,0.96,None,
TXN-B-20251125-0342,ACC-CTB-002-SB1,CTB-RTL-002,2025-11-25,2025-11-25,2025-11-25T15:49:35,DR,851.57,-5244.3,UPI,,UPI DR MSEDCL / Utilities,CP-B-UTIL,MSEDCL / Utilities,Supplier,Card spend,Retail purchase,N,,,N,N,N,NA,,CBS_SYNTH,0.94,None,
TXN-B-20251126-0343,ACC-CTB-002-SB1,CTB-RTL-002,2025-11-26,2025-11-26,2025-11-26T14:32:18,DR,761.15,-6005.45,UPI,,UPI DR Reliance Trends,CP-B-SHOP,Reliance Trends,Supplier,Card spend,Retail purchase,N,,,N,N,N,NA,,CBS_SYNTH,0.95,None,
TXN-B-20251127-0344,ACC-CTB-002-SB1,CTB-RTL-002,2025-11-27,2025-11-27,2025-11-27T12:19:58,DR,541.97,-6547.42,Card,,Card DR Indian Oil Fuel,CP-B-FUEL,Indian Oil Fuel,Supplier,Card spend,Retail purchase,N,,,N,N,N,NA,,CBS_SYNTH,0.93,None,
TXN-B-20251127-0345,ACC-CTB-002-SB1,CTB-RTL-002,2025-11-27,2025-11-27,2025-11-27T14:41:53,DR,748.19,-7295.61,UPI,,UPI DR ATM cash withdrawal,CP-B-ATM,ATM cash withdrawal,Supplier,Card spend,Retail purchase,N,,,N,N,N,NA,,CBS_SYNTH,0.96,None,
TXN-B-20251127-0346,ACC-CTB-002-SB1,CTB-RTL-002,2025-11-27,2025-11-27,2025-11-27T20:39:52,DR,707.53,-8003.14,Card,,Card DR Indian Oil Fuel,CP-B-FUEL,Indian Oil Fuel,Supplier,Card spend,Retail purchase,N,,,N,N,N,NA,,CBS_SYNTH,0.98,None,
TXN-B-20251128-0347,ACC-CTB-002-SB1,CTB-RTL-002,2025-11-28,2025-11-28,2025-11-28T14:44:23,DR,11466.0,-19469.14,NetBanking,,NetBanking DR Credit card bill,CP-B-BANK,Contoso Bank,Bank,Card bill,Credit card payment,N,,,N,N,N,NA,FAC-B-CC-001,CBS_SYNTH,0.97,None,
TXN-B-20251128-0348,ACC-CTB-002-SB1,CTB-RTL-002,2025-11-28,2025-11-28,2025-11-28T21:17:54,DR,1130.29,-20599.43,Card,,Card DR Indian Oil Fuel,CP-B-FUEL,Indian Oil Fuel,Supplier,Card spend,Retail purchase,N,,,N,N,N,NA,,CBS_SYNTH,0.97,None,
TXN-B-20251129-0349,ACC-CTB-002-SB1,CTB-RTL-002,2025-11-29,2025-11-29,2025-11-29T08:53:25,DR,467.32,-21066.75,Card,,Card DR Reliance Trends,CP-B-SHOP,Reliance Trends,Supplier,Card spend,Retail purchase,N,,,N,N,N,NA,,CBS_SYNTH,0.92,None,
TXN-B-20251129-0350,ACC-CTB-002-SB1,CTB-RTL-002,2025-11-29,2025-11-29,2025-11-29T10:12:50,DR,468.75,-21535.5,Card,,Card DR ATM cash withdrawal,CP-B-ATM,ATM cash withdrawal,Supplier,Card spend,Retail purchase,N,,,N,N,N,NA,,CBS_SYNTH,0.93,None,
TXN-B-20251129-0351,ACC-CTB-002-SB1,CTB-RTL-002,2025-11-29,2025-11-29,2025-11-29T11:20:02,DR,893.41,-22428.91,Card,,Card DR ATM cash withdrawal,CP-B-ATM,ATM cash withdrawal,Supplier,Card spend,Retail purchase,N,,,N,N,N,NA,,CBS_SYNTH,0.96,None,
TXN-B-20251201-0352,ACC-CTB-002-SB1,CTB-RTL-002,2025-12-01,2025-12-01,2025-12-01T08:49:08,CR,71484.0,49055.09,NEFT,,NEFT CR Business inflow / Salary draw,CP-B-INC,Business inflow / Salary draw,Buyer,Income,Salary credit,N,,,N,N,N,NA,,CBS_SYNTH,0.94,None,
TXN-B-20251201-0353,ACC-CTB-002-SB1,CTB-RTL-002,2025-12-01,2025-12-01,2025-12-01T13:00:26,DR,6216.0,42839.09,AutoDebit,,AutoDebit DR ATM cash withdrawal,CP-B-ATM,ATM cash withdrawal,Supplier,Utilities,Bill payment,N,,,N,N,N,NA,,CBS_SYNTH,0.93,None,
TXN-B-20251201-0354,ACC-CTB-002-SB1,CTB-RTL-002,2025-12-01,2025-12-01,2025-12-01T13:58:16,DR,1180.62,41658.47,UPI,,UPI DR Indian Oil Fuel,CP-B-FUEL,Indian Oil Fuel,Supplier,Card spend,Retail purchase,N,,,N,N,N,NA,,CBS_SYNTH,0.91,None,
TXN-B-20251201-0355,ACC-CTB-002-SB1,CTB-RTL-002,2025-12-01,2025-12-01,2025-12-01T18:05:05,DR,702.43,40956.04,UPI,,UPI DR GlobalMart Online,CP-B-GM,GlobalMart Online,Supplier,Card spend,Retail purchase,N,,,N,N,N,NA,,CBS_SYNTH,0.97,None,
TXN-B-20251202-0356,ACC-CTB-002-SB1,CTB-RTL-002,2025-12-02,2025-12-02,2025-12-02T08:18:50,DR,974.3,39981.74,Card,,Card DR ATM cash withdrawal,CP-B-ATM,ATM cash withdrawal,Supplier,Card spend,Retail purchase,N,,,N,N,N,NA,,CBS_SYNTH,0.97,None,
TXN-B-20251202-0357,ACC-CTB-002-SB1,CTB-RTL-002,2025-12-02,2025-12-02,2025-12-02T09:17:28,DR,5594.4,34387.34,Cash,,Cash DR ATM withdrawal,CP-B-ATM,ATM cash withdrawal,Supplier,Cash,ATM withdrawal,N,,,Y,N,N,NA,,CBS_SYNTH,0.93,CashSpike,
TXN-B-20251202-0358,ACC-CTB-002-SB1,CTB-RTL-002,2025-12-02,2025-12-02,2025-12-02T19:09:34,DR,1072.24,33315.1,UPI,,UPI DR ATM cash withdrawal,CP-B-ATM,ATM cash withdrawal,Supplier,Card spend,Retail purchase,N,,,N,N,N,NA,,CBS_SYNTH,0.91,None,
TXN-B-20251203-0359,ACC-CTB-002-SB1,CTB-RTL-002,2025-12-03,2025-12-03,2025-12-03T14:11:32,DR,399.27,32915.83,UPI,,UPI DR ATM cash withdrawal,CP-B-ATM,ATM cash withdrawal,Supplier,Card spend,Retail purchase,N,,,N,N,N,NA,,CBS_SYNTH,0.95,None,
TXN-B-20251203-0360,ACC-CTB-002-SB1,CTB-RTL-002,2025-12-03,2025-12-03,2025-12-03T20:38:19,DR,550.16,32365.67,UPI,,UPI DR GlobalMart Online,CP-B-GM,GlobalMart Online,Supplier,Card spend,Retail purchase,N,,,N,N,N,NA,,CBS_SYNTH,0.97,None,
TXN-B-20251204-0361,ACC-CTB-002-SB1,CTB-RTL-002,2025-12-04,2025-12-04,2025-12-04T11:55:02,DR,822.7,31542.97,Card,,Card DR GlobalMart Online,CP-B-GM,GlobalMart Online,Supplier,Card spend,Retail purchase,N,,,N,N,N,NA,,CBS_SYNTH,0.93,None,
TXN-B-20251204-0362,ACC-CTB-002-SB1,CTB-RTL-002,2025-12-04,2025-12-04,2025-12-04T12:53:18,DR,5594.4,25948.57,Cash,,Cash DR ATM withdrawal,CP-B-ATM,ATM cash withdrawal,Supplier,Cash,ATM withdrawal,N,,,Y,N,N,NA,,CBS_SYNTH,0.96,CashSpike,
TXN-B-20251205-0363,ACC-CTB-002-SB1,CTB-RTL-002,2025-12-05,2025-12-05,2025-12-05T17:41:55,DR,1219.93,24728.64,Card,,Card DR GlobalMart Online,CP-B-GM,GlobalMart Online,Supplier,Card spend,Retail purchase,N,,,N,N,N,NA,,CBS_SYNTH,0.91,None,
TXN-B-20251206-0364,ACC-CTB-002-SB1,CTB-RTL-002,2025-12-06,2025-12-06,2025-12-06T08:03:46,DR,798.6,23930.04,Card,,Card DR Indian Oil Fuel,CP-B-FUEL,Indian Oil Fuel,Supplier,Card spend,Retail purchase,N,,,N,N,N,NA,,CBS_SYNTH,0.93,None,
TXN-B-20251207-0365,ACC-CTB-002-SB1,CTB-RTL-002,2025-12-07,2025-12-07,2025-12-07T20:23:35,DR,18900.0,5030.04,AutoDebit,,AutoDebit DR Loan EMI,CP-B-BANK,Contoso Bank (Loan EMI),Bank,EMI,Loan EMI,N,,,N,N,N,NA,FAC-B-PL-001,CBS_SYNTH,0.91,None,
TXN-B-20251208-0366,ACC-CTB-002-SB1,CTB-RTL-002,2025-12-08,2025-12-08,2025-12-08T13:02:52,DR,1169.03,3861.01,UPI,,UPI DR Indian Oil Fuel,CP-B-FUEL,Indian Oil Fuel,Supplier,Card spend,Retail purchase,N,,,N,N,N,NA,,CBS_SYNTH,0.98,None,
TXN-B-20251208-0367,ACC-CTB-002-SB1,CTB-RTL-002,2025-12-08,2025-12-08,2025-12-08T16:46:04,DR,1207.63,2653.38,Card,,Card DR Indian Oil Fuel,CP-B-FUEL,Indian Oil Fuel,Supplier,Card spend,Retail purchase,N,,,N,N,N,NA,,CBS_SYNTH,0.98,None,
TXN-B-20251209-0368,ACC-CTB-002-SB1,CTB-RTL-002,2025-12-09,2025-12-09,2025-12-09T10:06:09,DR,409.0,2244.38,Card,,Card DR Zomato,CP-B-FOOD,Zomato,Supplier,Card spend,Retail purchase,N,,,N,N,N,NA,,CBS_SYNTH,0.93,None,
TXN-B-20251209-0369,ACC-CTB-002-SB1,CTB-RTL-002,2025-12-09,2025-12-09,2025-12-09T11:07:48,DR,5594.4,-3350.02,Cash,,Cash DR ATM withdrawal,CP-B-ATM,ATM cash withdrawal,Supplier,Cash,ATM withdrawal,N,,,Y,N,N,NA,,CBS_SYNTH,0.96,CashSpike,
TXN-B-20251210-0370,ACC-CTB-002-SB1,CTB-RTL-002,2025-12-10,2025-12-10,2025-12-10T12:01:59,DR,1070.16,-4420.18,Card,,Card DR Zomato,CP-B-FOOD,Zomato,Supplier,Card spend,Retail purchase,N,,,N,N,N,NA,,CBS_SYNTH,0.97,None,
TXN-B-20251211-0371,ACC-CTB-002-SB1,CTB-RTL-002,2025-12-11,2025-12-11,2025-12-11T11:17:52,DR,949.91,-5370.09,Card,,Card DR Reliance Trends,CP-B-SHOP,Reliance Trends,Supplier,Card spend,Retail purchase,N,,,N,N,N,NA,,CBS_SYNTH,0.95,None,
TXN-B-20251211-0372,ACC-CTB-002-SB1,CTB-RTL-002,2025-12-11,2025-12-11,2025-12-11T15:59:59,DR,871.38,-6241.47,UPI,,UPI DR ATM cash withdrawal,CP-B-ATM,ATM cash withdrawal,Supplier,Card spend,Retail purchase,N,,,N,N,N,NA,,CBS_SYNTH,0.98,None,
TXN-B-20251213-0373,ACC-CTB-002-SB1,CTB-RTL-002,2025-12-13,2025-12-13,2025-12-13T14:42:24,DR,889.96,-7131.43,UPI,,UPI DR Reliance Trends,CP-B-SHOP,Reliance Trends,Supplier,Card spend,Retail purchase,N,,,N,N,N,NA,,CBS_SYNTH,0.99,None,
TXN-B-20251215-0374,ACC-CTB-002-SB1,CTB-RTL-002,2025-12-15,2025-12-15,2025-12-15T08:29:21,DR,868.94,-8000.37,UPI,,UPI DR Reliance Trends,CP-B-SHOP,Reliance Trends,Supplier,Card spend,Retail purchase,N,,,N,N,N,NA,,CBS_SYNTH,0.92,None,
TXN-B-20251216-0375,ACC-CTB-002-SB1,CTB-RTL-002,2025-12-16,2025-12-16,2025-12-16T11:33:37,DR,698.45,-8698.82,Card,,Card DR GlobalMart Online,CP-B-GM,GlobalMart Online,Supplier,Card spend,Retail purchase,N,,,N,N,N,NA,,CBS_SYNTH,0.98,None,
TXN-B-20251217-0376,ACC-CTB-002-SB1,CTB-RTL-002,2025-12-17,2025-12-17,2025-12-17T14:09:09,DR,904.43,-9603.25,UPI,,UPI DR Zomato,CP-B-FOOD,Zomato,Supplier,Card spend,Retail purchase,N,,,N,N,N,NA,,CBS_SYNTH,0.92,None,
TXN-B-20251219-0377,ACC-CTB-002-SB1,CTB-RTL-002,2025-12-19,2025-12-19,2025-12-19T13:49:12,DR,662.24,-10265.49,UPI,,UPI DR Zomato,CP-B-FOOD,Zomato,Supplier,Card spend,Retail purchase,N,,,N,N,N,NA,,CBS_SYNTH,0.98,None,
TXN-B-20251219-0378,ACC-CTB-002-SB1,CTB-RTL-002,2025-12-19,2025-12-19,2025-12-19T13:58:23,DR,378.02,-10643.51,Card,,Card DR Reliance Trends,CP-B-SHOP,Reliance Trends,Supplier,Card spend,Retail purchase,N,,,N,N,N,NA,,CBS_SYNTH,0.92,None,
TXN-B-20251219-0379,ACC-CTB-002-SB1,CTB-RTL-002,2025-12-19,2025-12-19,2025-12-19T16:54:41,DR,360.16,-11003.67,Card,,Card DR Zomato,CP-B-FOOD,Zomato,Supplier,Card spend,Retail purchase,N,,,N,N,N,NA,,CBS_SYNTH,0.98,None,
TXN-B-20251219-0380,ACC-CTB-002-SB1,CTB-RTL-002,2025-12-19,2025-12-19,2025-12-19T19:57:01,DR,420.72,-11424.39,Card,,Card DR Zomato,CP-B-FOOD,Zomato,Supplier,Card spend,Retail purchase,N,,,N,N,N,NA,,CBS_SYNTH,0.94,None,
TXN-B-20251220-0381,ACC-CTB-002-SB1,CTB-RTL-002,2025-12-20,2025-12-20,2025-12-20T08:29:49,DR,746.6,-12170.99,UPI,,UPI DR MSEDCL / Utilities,CP-B-UTIL,MSEDCL / Utilities,Supplier,Card spend,Retail purchase,N,,,N,N,N,NA,,CBS_SYNTH,0.94,None,
TXN-B-20251220-0382,ACC-CTB-002-SB1,CTB-RTL-002,2025-12-20,2025-12-20,2025-12-20T13:32:24,DR,474.9,-12645.89,UPI,,UPI DR Indian Oil Fuel,CP-B-FUEL,Indian Oil Fuel,Supplier,Card spend,Retail purchase,N,,,N,N,N,NA,,CBS_SYNTH,0.97,None,
TXN-B-20251222-0383,ACC-CTB-002-SB1,CTB-RTL-002,2025-12-22,2025-12-22,2025-12-22T11:09:02,DR,455.36,-13101.25,Card,,Card DR ATM cash withdrawal,CP-B-ATM,ATM cash withdrawal,Supplier,Card spend,Retail purchase,N,,,N,N,N,NA,,CBS_SYNTH,0.96,None,
TXN-B-20251222-0384,ACC-CTB-002-SB1,CTB-RTL-002,2025-12-22,2025-12-22,2025-12-22T16:17:48,DR,1162.77,-14264.02,UPI,,UPI DR GlobalMart Online,CP-B-GM,GlobalMart Online,Supplier,Card spend,Retail purchase,N,,,N,N,N,NA,,CBS_SYNTH,0.96,None,
TXN-B-20251222-0385,ACC-CTB-002-SB1,CTB-RTL-002,2025-12-22,2025-12-22,2025-12-22T19:30:04,DR,554.99,-14819.01,Card,,Card DR ATM cash withdrawal,CP-B-ATM,ATM cash withdrawal,Supplier,Card spend,Retail purchase,N,,,N,N,N,NA,,CBS_SYNTH,0.98,None,
TXN-B-20251223-0386,ACC-CTB-002-SB1,CTB-RTL-002,2025-12-23,2025-12-23,2025-12-23T17:38:40,DR,889.93,-15708.94,Card,,Card DR Reliance Trends,CP-B-SHOP,Reliance Trends,Supplier,Card spend,Retail purchase,N,,,N,N,N,NA,,CBS_SYNTH,0.95,None,
TXN-B-20251224-0387,ACC-CTB-002-SB1,CTB-RTL-002,2025-12-24,2025-12-24,2025-12-24T16:15:26,DR,918.56,-16627.5,Card,,Card DR ATM cash withdrawal,CP-B-ATM,ATM cash withdrawal,Supplier,Card spend,Retail purchase,N,,,N,N,N,NA,,CBS_SYNTH,0.95,None,
TXN-B-20251224-0388,ACC-CTB-002-SB1,CTB-RTL-002,2025-12-24,2025-12-24,2025-12-24T17:18:09,DR,592.42,-17219.92,Card,,Card DR Indian Oil Fuel,CP-B-FUEL,Indian Oil Fuel,Supplier,Card spend,Retail purchase,N,,,N,N,N,NA,,CBS_SYNTH,0.91,None,
TXN-B-20251224-0389,ACC-CTB-002-SB1,CTB-RTL-002,2025-12-24,2025-12-24,2025-12-24T20:03:11,DR,5594.4,-22814.32,Cash,,Cash DR ATM withdrawal,CP-B-ATM,ATM cash withdrawal,Supplier,Cash,ATM withdrawal,N,,,Y,N,N,NA,,CBS_SYNTH,0.98,CashSpike,
TXN-B-20251224-0390,ACC-CTB-002-SB1,CTB-RTL-002,2025-12-24,2025-12-24,2025-12-24T20:58:16,DR,601.53,-23415.85,Card,,Card DR Indian Oil Fuel,CP-B-FUEL,Indian Oil Fuel,Supplier,Card spend,Retail purchase,N,,,N,N,N,NA,,CBS_SYNTH,0.95,None,
TXN-B-20251227-0391,ACC-CTB-002-SB1,CTB-RTL-002,2025-12-27,2025-12-27,2025-12-27T15:45:36,DR,548.28,-23964.13,UPI,,UPI DR Zomato,CP-B-FOOD,Zomato,Supplier,Card spend,Retail purchase,N,,,N,N,N,NA,,CBS_SYNTH,0.95,None,
TXN-B-20251229-0392,ACC-CTB-002-SB1,CTB-RTL-002,2025-12-29,2025-12-29,2025-12-29T12:13:05,DR,10878.0,-34842.13,NetBanking,,NetBanking DR Credit card bill,CP-B-BANK,Contoso Bank,Bank,Card bill,Credit card payment,N,,,N,N,N,NA,FAC-B-CC-001,CBS_SYNTH,0.95,None,
TXN-B-20251229-0393,ACC-CTB-002-SB1,CTB-RTL-002,2025-12-29,2025-12-29,2025-12-29T15:36:10,DR,669.69,-35511.82,UPI,,UPI DR Indian Oil Fuel,CP-B-FUEL,Indian Oil Fuel,Supplier,Card spend,Retail purchase,N,,,N,N,N,NA,,CBS_SYNTH,0.96,None,
TXN-B-20251230-0394,ACC-CTB-002-SB1,CTB-RTL-002,2025-12-30,2025-12-30,2025-12-30T11:15:18,DR,475.51,-35987.33,UPI,,UPI DR GlobalMart Online,CP-B-GM,GlobalMart Online,Supplier,Card spend,Retail purchase,N,,,N,N,N,NA,,CBS_SYNTH,0.91,None,
TXN-B-20251230-0395,ACC-CTB-002-SB1,CTB-RTL-002,2025-12-30,2025-12-30,2025-12-30T15:11:37,DR,934.18,-36921.51,UPI,,UPI DR MSEDCL / Utilities,CP-B-UTIL,MSEDCL / Utilities,Supplier,Card spend,Retail purchase,N,,,N,N,N,NA,,CBS_SYNTH,0.93,None,
TXN-B-20251230-0396,ACC-CTB-002-SB1,CTB-RTL-002,2025-12-30,2025-12-30,2025-12-30T15:17:33,DR,956.12,-37877.63,UPI,,UPI DR GlobalMart Online,CP-B-GM,GlobalMart Online,Supplier,Card spend,Retail purchase,N,,,N,N,N,NA,,CBS_SYNTH,0.93,None,
TXN-B-20251230-0397,ACC-CTB-002-SB1,CTB-RTL-002,2025-12-30,2025-12-30,2025-12-30T21:13:30,DR,922.62,-38800.25,UPI,,UPI DR GlobalMart Online,CP-B-GM,GlobalMart Online,Supplier,Card spend,Retail purchase,N,,,N,N,N,NA,,CBS_SYNTH,0.96,None,
TXN-B-20251231-0398,ACC-CTB-002-SB1,CTB-RTL-002,2025-12-31,2025-12-31,2025-12-31T09:58:52,DR,1179.72,-39979.97,UPI,,UPI DR ATM cash withdrawal,CP-B-ATM,ATM cash withdrawal,Supplier,Card spend,Retail purchase,N,,,N,N,N,NA,,CBS_SYNTH,0.99,None,
TXN-B-20251231-0399,ACC-CTB-002-SB1,CTB-RTL-002,2025-12-31,2025-12-31,2025-12-31T12:45:48,DR,492.89,-40472.86,UPI,,UPI DR ATM cash withdrawal,CP-B-ATM,ATM cash withdrawal,Supplier,Card spend,Retail purchase,N,,,N,N,N,NA,,CBS_SYNTH,0.98,None,
TXN-B-20251231-0400,ACC-CTB-002-SB1,CTB-RTL-002,2025-12-31,2025-12-31,2025-12-31T14:23:49,CR,1331.75,-39141.11,Internal,,Internal CR Savings interest,CP-B-BANK,Contoso Bank,Bank,Income,Savings interest,N,,,N,N,N,NA,,CBS_SYNTH,0.96,None,
TXN-B-20260101-0401,ACC-CTB-002-SB1,CTB-RTL-002,2026-01-01,2026-01-01,2026-01-01T20:38:55,CR,67620.0,28478.89,NEFT,,NEFT CR Business inflow / Salary draw,CP-B-INC,Business inflow / Salary draw,Buyer,Income,Salary credit,N,,,N,N,N,NA,,CBS_SYNTH,0.92,None,
TXN-B-20260102-0402,ACC-CTB-002-SB1,CTB-RTL-002,2026-01-02,2026-01-02,2026-01-02T09:32:47,DR,966.15,27512.74,UPI,,UPI DR GlobalMart Online,CP-B-GM,GlobalMart Online,Supplier,Card spend,Retail purchase,N,,,N,N,N,NA,,CBS_SYNTH,0.9,None,
TXN-B-20260102-0403,ACC-CTB-002-SB1,CTB-RTL-002,2026-01-02,2026-01-02,2026-01-02T12:53:55,DR,388.08,27124.66,Card,,Card DR Indian Oil Fuel,CP-B-FUEL,Indian Oil Fuel,Supplier,Card spend,Retail purchase,N,,,N,N,N,NA,,CBS_SYNTH,0.91,None,
TXN-B-20260103-0404,ACC-CTB-002-SB1,CTB-RTL-002,2026-01-03,2026-01-03,2026-01-03T14:50:27,DR,613.13,26511.53,Card,,Card DR Indian Oil Fuel,CP-B-FUEL,Indian Oil Fuel,Supplier,Card spend,Retail purchase,N,,,N,N,N,NA,,CBS_SYNTH,0.93,None,
TXN-B-20260105-0405,ACC-CTB-002-SB1,CTB-RTL-002,2026-01-05,2026-01-05,2026-01-05T11:37:48,DR,707.89,25803.64,UPI,,UPI DR Zomato,CP-B-FOOD,Zomato,Supplier,Card spend,Retail purchase,N,,,N,N,N,NA,,CBS_SYNTH,0.91,None,
TXN-B-20260105-0406,ACC-CTB-002-SB1,CTB-RTL-002,2026-01-05,2026-01-05,2026-01-05T13:12:12,DR,722.04,25081.6,Card,,Card DR Zomato,CP-B-FOOD,Zomato,Supplier,Card spend,Retail purchase,N,,,N,N,N,NA,,CBS_SYNTH,0.93,None,
TXN-B-20260105-0407,ACC-CTB-002-SB1,CTB-RTL-002,2026-01-05,2026-01-05,2026-01-05T21:26:26,DR,869.02,24212.58,Card,,Card DR Indian Oil Fuel,CP-B-FUEL,Indian Oil Fuel,Supplier,Card spend,Retail purchase,N,,,N,N,N,NA,,CBS_SYNTH,0.97,None,
TXN-B-20260107-0408,ACC-CTB-002-SB1,CTB-RTL-002,2026-01-07,2026-01-07,2026-01-07T10:46:22,DR,875.22,23337.36,Card,,Card DR Indian Oil Fuel,CP-B-FUEL,Indian Oil Fuel,Supplier,Card spend,Retail purchase,N,,,N,N,N,NA,,CBS_SYNTH,0.95,None,
TXN-B-20260107-0409,ACC-CTB-002-SB1,CTB-RTL-002,2026-01-07,2026-01-07,2026-01-07T19:51:08,DR,512.21,22825.15,Card,,Card DR ATM cash withdrawal,CP-B-ATM,ATM cash withdrawal,Supplier,Card spend,Retail purchase,N,,,N,N,N,NA,,CBS_SYNTH,0.97,None,
TXN-B-20260107-0410,ACC-CTB-002-SB1,CTB-RTL-002,2026-01-07,2026-01-07,2026-01-07T21:53:03,DR,18900.0,3925.15,AutoDebit,,AutoDebit DR Loan EMI,CP-B-BANK,Contoso Bank (Loan EMI),Bank,EMI,Loan EMI,N,,,N,N,N,NA,FAC-B-PL-001,CBS_SYNTH,0.97,None,
TXN-B-20260110-0411,ACC-CTB-002-SB1,CTB-RTL-002,2026-01-10,2026-01-10,2026-01-10T08:33:23,DR,1096.94,2828.21,UPI,,UPI DR Reliance Trends,CP-B-SHOP,Reliance Trends,Supplier,Card spend,Retail purchase,N,,,N,N,N,NA,,CBS_SYNTH,0.94,None,
TXN-B-20260110-0412,ACC-CTB-002-SB1,CTB-RTL-002,2026-01-10,2026-01-10,2026-01-10T13:17:18,DR,835.65,1992.56,UPI,,UPI DR Reliance Trends,CP-B-SHOP,Reliance Trends,Supplier,Card spend,Retail purchase,N,,,N,N,N,NA,,CBS_SYNTH,0.94,None,
TXN-B-20260110-0413,ACC-CTB-002-SB1,CTB-RTL-002,2026-01-10,2026-01-10,2026-01-10T18:10:52,DR,996.4,996.16,UPI,,UPI DR ATM cash withdrawal,CP-B-ATM,ATM cash withdrawal,Supplier,Card spend,Retail purchase,N,,,N,N,N,NA,,CBS_SYNTH,0.97,None,
TXN-B-20260112-0414,ACC-CTB-002-SB1,CTB-RTL-002,2026-01-12,2026-01-12,2026-01-12T10:44:09,DR,390.46,605.7,Card,,Card DR Zomato,CP-B-FOOD,Zomato,Supplier,Card spend,Retail purchase,N,,,N,N,N,NA,,CBS_SYNTH,0.96,None,
TXN-B-20260113-0415,ACC-CTB-002-SB1,CTB-RTL-002,2026-01-13,2026-01-13,2026-01-13T19:50:38,DR,764.24,-158.54,Card,,Card DR GlobalMart Online,CP-B-GM,GlobalMart Online,Supplier,Card spend,Retail purchase,N,,,N,N,N,NA,,CBS_SYNTH,0.95,None,
TXN-B-20260114-0416,ACC-CTB-002-SB1,CTB-RTL-002,2026-01-14,2026-01-14,2026-01-14T08:46:21,DR,609.82,-768.36,UPI,,UPI DR GlobalMart Online,CP-B-GM,GlobalMart Online,Supplier,Card spend,Retail purchase,N,,,N,N,N,NA,,CBS_SYNTH,0.93,None,
TXN-B-20260114-0417,ACC-CTB-002-SB1,CTB-RTL-002,2026-01-14,2026-01-14,2026-01-14T13:47:14,DR,597.13,-1365.49,UPI,,UPI DR ATM cash withdrawal,CP-B-ATM,ATM cash withdrawal,Supplier,Card spend,Retail purchase,N,,,N,N,N,NA,,CBS_SYNTH,0.92,None,
TXN-B-20260114-0418,ACC-CTB-002-SB1,CTB-RTL-002,2026-01-14,2026-01-14,2026-01-14T20:01:19,DR,1174.39,-2539.88,Card,,Card DR MSEDCL / Utilities,CP-B-UTIL,MSEDCL / Utilities,Supplier,Card spend,Retail purchase,N,,,N,N,N,NA,,CBS_SYNTH,0.91,None,
TXN-B-20260115-0419,ACC-CTB-002-SB1,CTB-RTL-002,2026-01-15,2026-01-15,2026-01-15T11:44:27,DR,1192.14,-3732.02,Card,,Card DR MSEDCL / Utilities,CP-B-UTIL,MSEDCL / Utilities,Supplier,Card spend,Retail purchase,N,,,N,N,N,NA,,CBS_SYNTH,0.92,None,
TXN-B-20260116-0420,ACC-CTB-002-SB1,CTB-RTL-002,2026-01-16,2026-01-16,2026-01-16T12:23:36,DR,1135.92,-4867.94,UPI,,UPI DR MSEDCL / Utilities,CP-B-UTIL,MSEDCL / Utilities,Supplier,Card spend,Retail purchase,N,,,N,N,N,NA,,CBS_SYNTH,0.95,None,
TXN-B-20260116-0421,ACC-CTB-002-SB1,CTB-RTL-002,2026-01-16,2026-01-16,2026-01-16T13:16:49,DR,653.96,-5521.9,UPI,,UPI DR Zomato,CP-B-FOOD,Zomato,Supplier,Card spend,Retail purchase,N,,,N,N,N,NA,,CBS_SYNTH,0.9,None,
TXN-B-20260116-0422,ACC-CTB-002-SB1,CTB-RTL-002,2026-01-16,2026-01-16,2026-01-16T20:22:44,DR,5880.0,-11401.9,Cash,,Cash DR ATM withdrawal,CP-B-ATM,ATM cash withdrawal,Supplier,Cash,ATM withdrawal,N,,,Y,N,N,NA,,CBS_SYNTH,0.92,None,
TXN-B-20260117-0423,ACC-CTB-002-SB1,CTB-RTL-002,2026-01-17,2026-01-17,2026-01-17T08:32:41,DR,5880.0,-17281.9,AutoDebit,,AutoDebit DR ATM cash withdrawal,CP-B-ATM,ATM cash withdrawal,Supplier,Utilities,Bill payment,N,,,N,N,N,NA,,CBS_SYNTH,0.95,None,
TXN-B-20260117-0424,ACC-CTB-002-SB1,CTB-RTL-002,2026-01-17,2026-01-17,2026-01-17T20:09:06,DR,597.01,-17878.91,UPI,,UPI DR MSEDCL / Utilities,CP-B-UTIL,MSEDCL / Utilities,Supplier,Card spend,Retail purchase,N,,,N,N,N,NA,,CBS_SYNTH,0.9,None,
TXN-B-20260119-0425,ACC-CTB-002-SB1,CTB-RTL-002,2026-01-19,2026-01-19,2026-01-19T10:53:40,DR,349.62,-18228.53,UPI,,UPI DR Zomato,CP-B-FOOD,Zomato,Supplier,Card spend,Retail purchase,N,,,N,N,N,NA,,CBS_SYNTH,0.9,None,
TXN-B-20260120-0426,ACC-CTB-002-SB1,CTB-RTL-002,2026-01-20,2026-01-20,2026-01-20T11:28:28,DR,962.0,-19190.53,Card,,Card DR Indian Oil Fuel,CP-B-FUEL,Indian Oil Fuel,Supplier,Card spend,Retail purchase,N,,,N,N,N,NA,,CBS_SYNTH,0.97,None,
TXN-B-20260120-0427,ACC-CTB-002-SB1,CTB-RTL-002,2026-01-20,2026-01-20,2026-01-20T14:30:29,DR,1029.53,-20220.06,Card,,Card DR Indian Oil Fuel,CP-B-FUEL,Indian Oil Fuel,Supplier,Card spend,Retail purchase,N,,,N,N,N,NA,,CBS_SYNTH,0.99,None,
TXN-B-20260121-0428,ACC-CTB-002-SB1,CTB-RTL-002,2026-01-21,2026-01-21,2026-01-21T15:21:55,DR,590.11,-20810.17,UPI,,UPI DR GlobalMart Online,CP-B-GM,GlobalMart Online,Supplier,Card spend,Retail purchase,N,,,N,N,N,NA,,CBS_SYNTH,0.96,None,
TXN-B-20260122-0429,ACC-CTB-002-SB1,CTB-RTL-002,2026-01-22,2026-01-22,2026-01-22T19:18:13,DR,694.29,-21504.46,Card,,Card DR Reliance Trends,CP-B-SHOP,Reliance Trends,Supplier,Card spend,Retail purchase,N,,,N,N,N,NA,,CBS_SYNTH,0.91,None,
TXN-B-20260123-0430,ACC-CTB-002-SB1,CTB-RTL-002,2026-01-23,2026-01-23,2026-01-23T19:09:32,DR,5880.0,-27384.46,Cash,,Cash DR ATM withdrawal,CP-B-ATM,ATM cash withdrawal,Supplier,Cash,ATM withdrawal,N,,,Y,N,N,NA,,CBS_SYNTH,0.93,None,
TXN-B-20260126-0431,ACC-CTB-002-SB1,CTB-RTL-002,2026-01-26,2026-01-26,2026-01-26T08:26:06,DR,997.78,-28382.24,UPI,,UPI DR ATM cash withdrawal,CP-B-ATM,ATM cash withdrawal,Supplier,Card spend,Retail purchase,N,,,N,N,N,NA,,CBS_SYNTH,0.93,None,
TXN-B-20260126-0432,ACC-CTB-002-SB1,CTB-RTL-002,2026-01-26,2026-01-26,2026-01-26T09:55:11,DR,860.41,-29242.65,Card,,Card DR Reliance Trends,CP-B-SHOP,Reliance Trends,Supplier,Card spend,Retail purchase,N,,,N,N,N,NA,,CBS_SYNTH,0.95,None,
TXN-B-20260126-0433,ACC-CTB-002-SB1,CTB-RTL-002,2026-01-26,2026-01-26,2026-01-26T11:59:14,DR,1079.87,-30322.52,UPI,,UPI DR GlobalMart Online,CP-B-GM,GlobalMart Online,Supplier,Card spend,Retail purchase,N,,,N,N,N,NA,,CBS_SYNTH,0.94,None,
TXN-B-20260126-0434,ACC-CTB-002-SB1,CTB-RTL-002,2026-01-26,2026-01-26,2026-01-26T15:50:50,DR,863.01,-31185.53,UPI,,UPI DR GlobalMart Online,CP-B-GM,GlobalMart Online,Supplier,Card spend,Retail purchase,N,,,N,N,N,NA,,CBS_SYNTH,0.94,None,
TXN-B-20260127-0435,ACC-CTB-002-SB1,CTB-RTL-002,2026-01-27,2026-01-27,2026-01-27T10:45:48,DR,886.81,-32072.34,UPI,,UPI DR Zomato,CP-B-FOOD,Zomato,Supplier,Card spend,Retail purchase,N,,,N,N,N,NA,,CBS_SYNTH,0.97,None,
TXN-B-20260128-0436,ACC-CTB-002-SB1,CTB-RTL-002,2026-01-28,2026-01-28,2026-01-28T08:42:00,DR,1258.39,-33330.73,UPI,,UPI DR ATM cash withdrawal,CP-B-ATM,ATM cash withdrawal,Supplier,Card spend,Retail purchase,N,,,N,N,N,NA,,CBS_SYNTH,0.93,None,
TXN-B-20260128-0437,ACC-CTB-002-SB1,CTB-RTL-002,2026-01-28,2026-01-28,2026-01-28T11:56:46,DR,625.04,-33955.77,Card,,Card DR Indian Oil Fuel,CP-B-FUEL,Indian Oil Fuel,Supplier,Card spend,Retail purchase,N,,,N,N,N,NA,,CBS_SYNTH,0.97,None,
TXN-B-20260128-0438,ACC-CTB-002-SB1,CTB-RTL-002,2026-01-28,2026-01-28,2026-01-28T18:47:45,DR,357.52,-34313.29,UPI,,UPI DR MSEDCL / Utilities,CP-B-UTIL,MSEDCL / Utilities,Supplier,Card spend,Retail purchase,N,,,N,N,N,NA,,CBS_SYNTH,0.96,None,
TXN-B-20260128-0439,ACC-CTB-002-SB1,CTB-RTL-002,2026-01-28,2026-01-28,2026-01-28T21:05:45,DR,849.19,-35162.48,UPI,,UPI DR GlobalMart Online,CP-B-GM,GlobalMart Online,Supplier,Card spend,Retail purchase,N,,,N,N,N,NA,,CBS_SYNTH,0.99,None,
TXN-B-20260129-0440,ACC-CTB-002-SB1,CTB-RTL-002,2026-01-29,2026-01-29,2026-01-29T13:34:57,DR,10290.0,-45452.48,NetBanking,,NetBanking DR Credit card bill,CP-B-BANK,Contoso Bank,Bank,Card bill,Credit card payment,N,,,N,N,N,NA,FAC-B-CC-001,CBS_SYNTH,0.98,None,
TXN-B-20260130-0441,ACC-CTB-002-SB1,CTB-RTL-002,2026-01-30,2026-01-30,2026-01-30T09:19:14,DR,1193.47,-46645.95,Card,,Card DR ATM cash withdrawal,CP-B-ATM,ATM cash withdrawal,Supplier,Card spend,Retail purchase,N,,,N,N,N,NA,,CBS_SYNTH,0.96,None,
TXN-B-20260130-0442,ACC-CTB-002-SB1,CTB-RTL-002,2026-01-30,2026-01-30,2026-01-30T16:43:19,DR,1060.68,-47706.63,Card,,Card DR GlobalMart Online,CP-B-GM,GlobalMart Online,Supplier,Card spend,Retail purchase,N,,,N,N,N,NA,,CBS_SYNTH,0.94,None,
TXN-B-20260131-0443,ACC-CTB-002-SB1,CTB-RTL-002,2026-01-31,2026-01-31,2026-01-31T08:06:27,DR,888.46,-48595.09,Card,,Card DR Indian Oil Fuel,CP-B-FUEL,Indian Oil Fuel,Supplier,Card spend,Retail purchase,N,,,N,N,N,NA,,CBS_SYNTH,0.9,None,
TXN-B-20260131-0444,ACC-CTB-002-SB1,CTB-RTL-002,2026-01-31,2026-01-31,2026-01-31T16:56:12,DR,1123.69,-49718.78,UPI,,UPI DR GlobalMart Online,CP-B-GM,GlobalMart Online,Supplier,Card spend,Retail purchase,N,,,N,N,N,NA,,CBS_SYNTH,0.96,None,
TXN-B-20260201-0445,ACC-CTB-002-SB1,CTB-RTL-002,2026-02-01,2026-02-01,2026-02-01T18:30:35,CR,65688.0,15969.22,NEFT,,NEFT CR Business inflow / Salary draw,CP-B-INC,Business inflow / Salary draw,Buyer,Income,Salary credit,N,,,N,N,N,NA,,CBS_SYNTH,0.92,None,
TXN-B-20260203-0446,ACC-CTB-002-SB1,CTB-RTL-002,2026-02-03,2026-02-03,2026-02-03T08:20:59,DR,1352.23,14616.99,UPI,,UPI DR GlobalMart Online,CP-B-GM,GlobalMart Online,Supplier,Card spend,Retail purchase,N,,,N,N,N,NA,,CBS_SYNTH,0.93,None,
TXN-B-20260203-0447,ACC-CTB-002-SB1,CTB-RTL-002,2026-02-03,2026-02-03,2026-02-03T18:43:43,DR,1563.42,13053.57,Card,,Card DR GlobalMart Online,CP-B-GM,GlobalMart Online,Supplier,Card spend,Retail purchase,N,,,N,N,N,NA,,CBS_SYNTH,0.98,None,
TXN-B-20260205-0448,ACC-CTB-002-SB1,CTB-RTL-002,2026-02-05,2026-02-05,2026-02-05T08:22:51,DR,1577.51,11476.06,Card,,Card DR ATM cash withdrawal,CP-B-ATM,ATM cash withdrawal,Supplier,Card spend,Retail purchase,N,,,N,N,N,NA,,CBS_SYNTH,0.95,None,
TXN-B-20260205-0449,ACC-CTB-002-SB1,CTB-RTL-002,2026-02-05,2026-02-05,2026-02-05T20:06:33,DR,1351.91,10124.15,UPI,,UPI DR Indian Oil Fuel,CP-B-FUEL,Indian Oil Fuel,Supplier,Card spend,Retail purchase,N,,,N,N,N,NA,,CBS_SYNTH,0.93,None,
TXN-B-20260206-0450,ACC-CTB-002-SB1,CTB-RTL-002,2026-02-06,2026-02-06,2026-02-06T17:57:11,DR,590.98,9533.17,Card,,Card DR ATM cash withdrawal,CP-B-ATM,ATM cash withdrawal,Supplier,Card spend,Retail purchase,N,,,N,N,N,NA,,CBS_SYNTH,0.92,None,
TXN-B-20260209-0452,ACC-CTB-002-SB1,CTB-RTL-002,2026-02-09,2026-02-09,2026-02-09T17:09:18,DR,993.68,8539.49,Card,,Card DR MSEDCL / Utilities,CP-B-UTIL,MSEDCL / Utilities,Supplier,Card spend,Retail purchase,N,,,N,N,N,NA,,CBS_SYNTH,0.93,None,
TXN-B-20260209-0453,ACC-CTB-002-SB1,CTB-RTL-002,2026-02-09,2026-02-09,2026-02-09T21:36:34,DR,1160.17,7379.32,UPI,,UPI DR GlobalMart Online,CP-B-GM,GlobalMart Online,Supplier,Card spend,Retail purchase,N,,,N,N,N,NA,,CBS_SYNTH,0.97,None,
TXN-B-20260211-0454,ACC-CTB-002-SB1,CTB-RTL-002,2026-02-11,2026-02-11,2026-02-11T10:08:46,DR,5712.0,1667.32,Cash,,Cash DR ATM withdrawal,CP-B-ATM,ATM cash withdrawal,Supplier,Cash,ATM withdrawal,N,,,Y,N,N,NA,,CBS_SYNTH,0.94,None,
TXN-B-20260211-0455,ACC-CTB-002-SB1,CTB-RTL-002,2026-02-11,2026-02-11,2026-02-11T13:07:25,DR,601.05,1066.27,Card,,Card DR Reliance Trends,CP-B-SHOP,Reliance Trends,Supplier,Card spend,Retail purchase,N,,,N,N,N,NA,,CBS_SYNTH,0.97,None,
TXN-B-20260212-0456,ACC-CTB-002-SB1,CTB-RTL-002,2026-02-12,2026-02-12,2026-02-12T11:48:18,DR,831.86,234.41,Card,,Card DR ATM cash withdrawal,CP-B-ATM,ATM cash withdrawal,Supplier,Card spend,Retail purchase,N,,,N,N,N,NA,,CBS_SYNTH,0.93,None,
TXN-B-20260212-0457,ACC-CTB-002-SB1,CTB-RTL-002,2026-02-12,2026-02-12,2026-02-12T16:10:46,DR,717.14,-482.73,Card,,Card DR GlobalMart Online,CP-B-GM,GlobalMart Online,Supplier,Card spend,Retail purchase,N,,,N,N,N,NA,,CBS_SYNTH,0.92,None,
TXN-B-20260213-0458,ACC-CTB-002-SB1,CTB-RTL-002,2026-02-13,2026-02-13,2026-02-13T15:10:46,DR,1432.48,-1915.21,UPI,,UPI DR ATM cash withdrawal,CP-B-ATM,ATM cash withdrawal,Supplier,Card spend,Retail purchase,N,,,N,N,N,NA,,CBS_SYNTH,0.93,None,
TXN-B-20260213-0459,ACC-CTB-002-SB1,CTB-RTL-002,2026-02-13,2026-02-13,2026-02-13T18:16:18,DR,900.49,-2815.7,Card,,Card DR Indian Oil Fuel,CP-B-FUEL,Indian Oil Fuel,Supplier,Card spend,Retail purchase,N,,,N,N,N,NA,,CBS_SYNTH,0.98,None,
TXN-B-20260214-0460,ACC-CTB-002-SB1,CTB-RTL-002,2026-02-14,2026-02-14,2026-02-14T09:27:29,DR,659.03,-3474.73,UPI,,UPI DR GlobalMart Online,CP-B-GM,GlobalMart Online,Supplier,Card spend,Retail purchase,N,,,N,N,N,NA,,CBS_SYNTH,0.92,None,
TXN-B-20260214-0461,ACC-CTB-002-SB1,CTB-RTL-002,2026-02-14,2026-02-14,2026-02-14T15:16:09,DR,1362.6,-4837.33,UPI,,UPI DR MSEDCL / Utilities,CP-B-UTIL,MSEDCL / Utilities,Supplier,Card spend,Retail purchase,N,,,N,N,N,NA,,CBS_SYNTH,0.96,None,
TXN-B-20260214-0462,ACC-CTB-002-SB1,CTB-RTL-002,2026-02-14,2026-02-14,2026-02-14T16:46:44,DR,475.51,-5312.84,UPI,,UPI DR ATM cash withdrawal,CP-B-ATM,ATM cash withdrawal,Supplier,Card spend,Retail purchase,N,,,N,N,N,NA,,CBS_SYNTH,0.95,None,
TXN-B-20260214-0463,ACC-CTB-002-SB1,CTB-RTL-002,2026-02-14,2026-02-14,2026-02-14T18:09:11,DR,1454.96,-6767.8,Card,,Card DR GlobalMart Online,CP-B-GM,GlobalMart Online,Supplier,Card spend,Retail purchase,N,,,N,N,N,NA,,CBS_SYNTH,0.92,None,
TXN-B-20260216-0464,ACC-CTB-002-SB1,CTB-RTL-002,2026-02-16,2026-02-16,2026-02-16T19:36:43,DR,1524.01,-8291.81,Card,,Card DR MSEDCL / Utilities,CP-B-UTIL,MSEDCL / Utilities,Supplier,Card spend,Retail purchase,N,,,N,N,N,NA,,CBS_SYNTH,0.91,None,
TXN-B-20260217-0465,ACC-CTB-002-SB1,CTB-RTL-002,2026-02-17,2026-02-17,2026-02-17T10:27:40,DR,5712.0,-14003.81,AutoDebit,,AutoDebit DR ATM cash withdrawal,CP-B-ATM,ATM cash withdrawal,Supplier,Utilities,Bill payment,N,,,N,N,N,NA,,CBS_SYNTH,0.92,None,
TXN-B-20260217-0466,ACC-CTB-002-SB1,CTB-RTL-002,2026-02-17,2026-02-17,2026-02-17T11:49:35,DR,1614.97,-15618.78,Card,,Card DR MSEDCL / Utilities,CP-B-UTIL,MSEDCL / Utilities,Supplier,Card spend,Retail purchase,N,,,N,N,N,NA,,CBS_SYNTH,0.92,None,
TXN-B-20260217-0467,ACC-CTB-002-SB1,CTB-RTL-002,2026-02-17,2026-02-17,2026-02-17T11:50:01,DR,664.97,-16283.75,UPI,,UPI DR MSEDCL / Utilities,CP-B-UTIL,MSEDCL / Utilities,Supplier,Card spend,Retail purchase,N,,,N,N,N,NA,,CBS_SYNTH,0.92,None,
TXN-B-20260217-0468,ACC-CTB-002-SB1,CTB-RTL-002,2026-02-17,2026-02-17,2026-02-17T15:12:41,DR,605.45,-16889.2,Card,,Card DR Indian Oil Fuel,CP-B-FUEL,Indian Oil Fuel,Supplier,Card spend,Retail purchase,N,,,N,N,N,NA,,CBS_SYNTH,0.95,None,
TXN-B-20260218-0469,ACC-CTB-002-SB1,CTB-RTL-002,2026-02-18,2026-02-18,2026-02-18T08:02:11,DR,773.82,-17663.02,Card,,Card DR Indian Oil Fuel,CP-B-FUEL,Indian Oil Fuel,Supplier,Card spend,Retail purchase,N,,,N,N,N,NA,,CBS_SYNTH,0.95,None,
TXN-B-20260218-0470,ACC-CTB-002-SB1,CTB-RTL-002,2026-02-18,2026-02-18,2026-02-18T16:19:34,DR,1616.12,-19279.14,UPI,,UPI DR Reliance Trends,CP-B-SHOP,Reliance Trends,Supplier,Card spend,Retail purchase,N,,,N,N,N,NA,,CBS_SYNTH,0.96,None,
TXN-B-20260219-0471,ACC-CTB-002-SB1,CTB-RTL-002,2026-02-19,2026-02-19,2026-02-19T08:25:44,DR,743.35,-20022.49,Card,,Card DR GlobalMart Online,CP-B-GM,GlobalMart Online,Supplier,Card spend,Retail purchase,N,,,N,N,N,NA,,CBS_SYNTH,0.95,None,
TXN-B-20260219-0472,ACC-CTB-002-SB1,CTB-RTL-002,2026-02-19,2026-02-19,2026-02-19T08:45:42,DR,1482.27,-21504.76,UPI,,UPI DR GlobalMart Online,CP-B-GM,GlobalMart Online,Supplier,Card spend,Retail purchase,N,,,N,N,N,NA,,CBS_SYNTH,0.9,None,
TXN-B-20260219-0473,ACC-CTB-002-SB1,CTB-RTL-002,2026-02-19,2026-02-19,2026-02-19T10:20:52,DR,48500.0,-70004.76,Card,,Card DR GlobalMart Online — DISPUTED (unauthorised),CP-B-GM,GlobalMart Online,Supplier,Card spend,Disputed transaction,N,,,N,N,N,NA,,CBS_SYNTH,0.92,Unauthorized,Customer disputes this card transaction; chargeback raised.
TXN-B-20260220-0474,ACC-CTB-002-SB1,CTB-RTL-002,2026-02-20,2026-02-20,2026-02-20T08:45:08,DR,821.96,-70826.72,Card,,Card DR GlobalMart Online,CP-B-GM,GlobalMart Online,Supplier,Card spend,Retail purchase,N,,,N,N,N,NA,,CBS_SYNTH,0.94,None,
TXN-B-20260220-0475,ACC-CTB-002-SB1,CTB-RTL-002,2026-02-20,2026-02-20,2026-02-20T14:39:00,DR,1456.39,-72283.11,Card,,Card DR ATM cash withdrawal,CP-B-ATM,ATM cash withdrawal,Supplier,Card spend,Retail purchase,N,,,N,N,N,NA,,CBS_SYNTH,0.94,None,
TXN-B-20260220-0476,ACC-CTB-002-SB1,CTB-RTL-002,2026-02-20,2026-02-20,2026-02-20T18:03:19,DR,550.44,-72833.55,UPI,,UPI DR ATM cash withdrawal,CP-B-ATM,ATM cash withdrawal,Supplier,Card spend,Retail purchase,N,,,N,N,N,NA,,CBS_SYNTH,0.91,None,
TXN-B-20260221-0477,ACC-CTB-002-SB1,CTB-RTL-002,2026-02-21,2026-02-21,2026-02-21T14:28:37,DR,1010.61,-73844.16,UPI,,UPI DR Reliance Trends,CP-B-SHOP,Reliance Trends,Supplier,Card spend,Retail purchase,N,,,N,N,N,NA,,CBS_SYNTH,0.97,None,
TXN-B-20260226-0478,ACC-CTB-002-SB1,CTB-RTL-002,2026-02-26,2026-02-26,2026-02-26T12:55:44,DR,9996.0,-83840.16,NetBanking,,NetBanking DR Credit card bill,CP-B-BANK,Contoso Bank,Bank,Card bill,Credit card payment,N,,,N,N,N,NA,FAC-B-CC-001,CBS_SYNTH,0.97,None,
TXN-B-20260227-0479,ACC-CTB-002-SB1,CTB-RTL-002,2026-02-27,2026-02-27,2026-02-27T10:13:49,DR,1434.28,-85274.44,Card,,Card DR Reliance Trends,CP-B-SHOP,Reliance Trends,Supplier,Card spend,Retail purchase,N,,,N,N,N,NA,,CBS_SYNTH,0.92,None,
TXN-B-20260228-0480,ACC-CTB-002-SB1,CTB-RTL-002,2026-02-28,2026-02-28,2026-02-28T17:34:37,DR,842.89,-86117.33,Card,,Card DR Reliance Trends,CP-B-SHOP,Reliance Trends,Supplier,Card spend,Retail purchase,N,,,N,N,N,NA,,CBS_SYNTH,0.92,None,
TXN-B-20260228-0481,ACC-CTB-002-SB1,CTB-RTL-002,2026-02-28,2026-02-28,2026-02-28T19:49:01,DR,5712.0,-91829.33,Cash,,Cash DR ATM withdrawal,CP-B-ATM,ATM cash withdrawal,Supplier,Cash,ATM withdrawal,N,,,Y,N,N,NA,,CBS_SYNTH,0.92,None,
TXN-B-20260301-0482,ACC-CTB-002-SB1,CTB-RTL-002,2026-03-01,2026-03-01,2026-03-01T10:35:53,CR,63756.0,-28073.33,NEFT,,NEFT CR Business inflow / Salary draw,CP-B-INC,Business inflow / Salary draw,Buyer,Income,Salary credit,N,,,N,N,N,NA,,CBS_SYNTH,0.92,None,
TXN-B-20260302-0483,ACC-CTB-002-SB1,CTB-RTL-002,2026-03-02,2026-03-02,2026-03-02T18:24:00,DR,1186.48,-29259.81,Card,,Card DR GlobalMart Online,CP-B-GM,GlobalMart Online,Supplier,Card spend,Retail purchase,N,,,N,N,N,NA,,CBS_SYNTH,0.94,None,
TXN-B-20260303-0484,ACC-CTB-002-SB1,CTB-RTL-002,2026-03-03,2026-03-03,2026-03-03T12:07:16,DR,1332.92,-30592.73,UPI,,UPI DR MSEDCL / Utilities,CP-B-UTIL,MSEDCL / Utilities,Supplier,Card spend,Retail purchase,N,,,N,N,N,NA,,CBS_SYNTH,0.93,None,
TXN-B-20260303-0485,ACC-CTB-002-SB1,CTB-RTL-002,2026-03-03,2026-03-03,2026-03-03T14:47:11,DR,634.65,-31227.38,Card,,Card DR Indian Oil Fuel,CP-B-FUEL,Indian Oil Fuel,Supplier,Card spend,Retail purchase,N,,,N,N,N,NA,,CBS_SYNTH,0.97,None,
TXN-B-20260304-0486,ACC-CTB-002-SB1,CTB-RTL-002,2026-03-04,2026-03-04,2026-03-04T09:49:46,DR,524.68,-31752.06,UPI,,UPI DR GlobalMart Online,CP-B-GM,GlobalMart Online,Supplier,Card spend,Retail purchase,N,,,N,N,N,NA,,CBS_SYNTH,0.93,None,
TXN-B-20260305-0487,ACC-CTB-002-SB1,CTB-RTL-002,2026-03-05,2026-03-05,2026-03-05T17:54:56,DR,1143.36,-32895.42,UPI,,UPI DR Indian Oil Fuel,CP-B-FUEL,Indian Oil Fuel,Supplier,Card spend,Retail purchase,N,,,N,N,N,NA,,CBS_SYNTH,0.95,None,
TXN-B-20260305-0488,ACC-CTB-002-SB1,CTB-RTL-002,2026-03-05,2026-03-05,2026-03-05T18:21:55,DR,5544.0,-38439.42,Cash,,Cash DR ATM withdrawal,CP-B-ATM,ATM cash withdrawal,Supplier,Cash,ATM withdrawal,N,,,Y,N,N,NA,,CBS_SYNTH,0.95,None,
TXN-B-20260305-0489,ACC-CTB-002-SB1,CTB-RTL-002,2026-03-05,2026-03-05,2026-03-05T21:37:58,DR,1048.66,-39488.08,Card,,Card DR GlobalMart Online,CP-B-GM,GlobalMart Online,Supplier,Card spend,Retail purchase,N,,,N,N,N,NA,,CBS_SYNTH,0.91,None,
TXN-B-20260306-0490,ACC-CTB-002-SB1,CTB-RTL-002,2026-03-06,2026-03-06,2026-03-06T13:34:13,DR,927.64,-40415.72,Card,,Card DR ATM cash withdrawal,CP-B-ATM,ATM cash withdrawal,Supplier,Card spend,Retail purchase,N,,,N,N,N,NA,,CBS_SYNTH,0.99,None,
TXN-B-20260307-0491,ACC-CTB-002-SB1,CTB-RTL-002,2026-03-07,2026-03-07,2026-03-07T13:11:39,DR,667.43,-41083.15,Card,,Card DR Reliance Trends,CP-B-SHOP,Reliance Trends,Supplier,Card spend,Retail purchase,N,,,N,N,N,NA,,CBS_SYNTH,0.98,None,
TXN-B-20260307-0492,ACC-CTB-002-SB1,CTB-RTL-002,2026-03-07,2026-03-07,2026-03-07T16:38:38,DR,18900.0,-59983.15,AutoDebit,,AutoDebit DR Loan EMI,CP-B-BANK,Contoso Bank (Loan EMI),Bank,EMI,Loan EMI,N,,,N,N,N,NA,FAC-B-PL-001,CBS_SYNTH,0.99,None,
TXN-B-20260307-0493,ACC-CTB-002-SB1,CTB-RTL-002,2026-03-07,2026-03-07,2026-03-07T21:43:07,DR,807.48,-60790.63,Card,,Card DR Reliance Trends,CP-B-SHOP,Reliance Trends,Supplier,Card spend,Retail purchase,N,,,N,N,N,NA,,CBS_SYNTH,0.94,None,
TXN-B-20260309-0494,ACC-CTB-002-SB1,CTB-RTL-002,2026-03-09,2026-03-09,2026-03-09T11:30:18,DR,618.25,-61408.88,Card,,Card DR MSEDCL / Utilities,CP-B-UTIL,MSEDCL / Utilities,Supplier,Card spend,Retail purchase,N,,,N,N,N,NA,,CBS_SYNTH,0.98,None,
TXN-B-20260311-0495,ACC-CTB-002-SB1,CTB-RTL-002,2026-03-11,2026-03-11,2026-03-11T20:08:51,DR,1457.94,-62866.82,UPI,,UPI DR Zomato,CP-B-FOOD,Zomato,Supplier,Card spend,Retail purchase,N,,,N,N,N,NA,,CBS_SYNTH,0.97,None,
TXN-B-20260313-0496,ACC-CTB-002-SB1,CTB-RTL-002,2026-03-13,2026-03-13,2026-03-13T08:04:30,DR,572.61,-63439.43,Card,,Card DR MSEDCL / Utilities,CP-B-UTIL,MSEDCL / Utilities,Supplier,Card spend,Retail purchase,N,,,N,N,N,NA,,CBS_SYNTH,0.98,None,
TXN-B-20260313-0497,ACC-CTB-002-SB1,CTB-RTL-002,2026-03-13,2026-03-13,2026-03-13T09:00:48,DR,934.16,-64373.59,UPI,,UPI DR ATM cash withdrawal,CP-B-ATM,ATM cash withdrawal,Supplier,Card spend,Retail purchase,N,,,N,N,N,NA,,CBS_SYNTH,0.96,None,
TXN-B-20260314-0498,ACC-CTB-002-SB1,CTB-RTL-002,2026-03-14,2026-03-14,2026-03-14T20:30:16,DR,518.98,-64892.57,UPI,,UPI DR ATM cash withdrawal,CP-B-ATM,ATM cash withdrawal,Supplier,Card spend,Retail purchase,N,,,N,N,N,NA,,CBS_SYNTH,0.92,None,
TXN-B-20260316-0499,ACC-CTB-002-SB1,CTB-RTL-002,2026-03-16,2026-03-16,2026-03-16T14:41:49,DR,726.33,-65618.9,UPI,,UPI DR Indian Oil Fuel,CP-B-FUEL,Indian Oil Fuel,Supplier,Card spend,Retail purchase,N,,,N,N,N,NA,,CBS_SYNTH,0.98,None,
TXN-B-20260317-0500,ACC-CTB-002-SB1,CTB-RTL-002,2026-03-17,2026-03-17,2026-03-17T21:53:35,DR,973.76,-66592.66,Card,,Card DR Zomato,CP-B-FOOD,Zomato,Supplier,Card spend,Retail purchase,N,,,N,N,N,NA,,CBS_SYNTH,0.95,None,
TXN-B-20260318-0501,ACC-CTB-002-SB1,CTB-RTL-002,2026-03-18,2026-03-18,2026-03-18T21:12:06,DR,835.94,-67428.6,UPI,,UPI DR Reliance Trends,CP-B-SHOP,Reliance Trends,Supplier,Card spend,Retail purchase,N,,,N,N,N,NA,,CBS_SYNTH,0.98,None,
TXN-B-20260320-0502,ACC-CTB-002-SB1,CTB-RTL-002,2026-03-20,2026-03-20,2026-03-20T12:48:32,DR,756.51,-68185.11,UPI,,UPI DR GlobalMart Online,CP-B-GM,GlobalMart Online,Supplier,Card spend,Retail purchase,N,,,N,N,N,NA,,CBS_SYNTH,0.97,None,
TXN-B-20260321-0503,ACC-CTB-002-SB1,CTB-RTL-002,2026-03-21,2026-03-21,2026-03-21T13:31:05,DR,1027.76,-69212.87,UPI,,UPI DR GlobalMart Online,CP-B-GM,GlobalMart Online,Supplier,Card spend,Retail purchase,N,,,N,N,N,NA,,CBS_SYNTH,0.91,None,
TXN-B-20260321-0504,ACC-CTB-002-SB1,CTB-RTL-002,2026-03-21,2026-03-21,2026-03-21T18:08:31,DR,1474.97,-70687.84,UPI,,UPI DR Indian Oil Fuel,CP-B-FUEL,Indian Oil Fuel,Supplier,Card spend,Retail purchase,N,,,N,N,N,NA,,CBS_SYNTH,0.98,None,
TXN-B-20260323-0505,ACC-CTB-002-SB1,CTB-RTL-002,2026-03-23,2026-03-23,2026-03-23T13:24:03,DR,5544.0,-76231.84,AutoDebit,,AutoDebit DR ATM cash withdrawal,CP-B-ATM,ATM cash withdrawal,Supplier,Utilities,Bill payment,N,,,N,N,N,NA,,CBS_SYNTH,0.95,None,
TXN-B-20260324-0506,ACC-CTB-002-SB1,CTB-RTL-002,2026-03-24,2026-03-24,2026-03-24T12:57:59,DR,1336.28,-77568.12,Card,,Card DR Reliance Trends,CP-B-SHOP,Reliance Trends,Supplier,Card spend,Retail purchase,N,,,N,N,N,NA,,CBS_SYNTH,0.98,None,
TXN-B-20260324-0507,ACC-CTB-002-SB1,CTB-RTL-002,2026-03-24,2026-03-24,2026-03-24T17:30:16,DR,1272.73,-78840.85,Card,,Card DR Reliance Trends,CP-B-SHOP,Reliance Trends,Supplier,Card spend,Retail purchase,N,,,N,N,N,NA,,CBS_SYNTH,0.9,None,
TXN-B-20260325-0508,ACC-CTB-002-SB1,CTB-RTL-002,2026-03-25,2026-03-25,2026-03-25T13:38:58,DR,725.65,-79566.5,Card,,Card DR GlobalMart Online,CP-B-GM,GlobalMart Online,Supplier,Card spend,Retail purchase,N,,,N,N,N,NA,,CBS_SYNTH,0.98,None,
TXN-B-20260325-0509,ACC-CTB-002-SB1,CTB-RTL-002,2026-03-25,2026-03-25,2026-03-25T21:22:10,DR,1302.98,-80869.48,Card,,Card DR Indian Oil Fuel,CP-B-FUEL,Indian Oil Fuel,Supplier,Card spend,Retail purchase,N,,,N,N,N,NA,,CBS_SYNTH,0.93,None,
TXN-B-20260326-0510,ACC-CTB-002-SB1,CTB-RTL-002,2026-03-26,2026-03-26,2026-03-26T09:00:58,DR,1529.0,-82398.48,Card,,Card DR Indian Oil Fuel,CP-B-FUEL,Indian Oil Fuel,Supplier,Card spend,Retail purchase,N,,,N,N,N,NA,,CBS_SYNTH,0.9,None,
TXN-B-20260327-0511,ACC-CTB-002-SB1,CTB-RTL-002,2026-03-27,2026-03-27,2026-03-27T13:31:15,DR,5544.0,-87942.48,Cash,,Cash DR ATM withdrawal,CP-B-ATM,ATM cash withdrawal,Supplier,Cash,ATM withdrawal,N,,,Y,N,N,NA,,CBS_SYNTH,0.93,None,
TXN-B-20260327-0512,ACC-CTB-002-SB1,CTB-RTL-002,2026-03-27,2026-03-27,2026-03-27T14:11:18,DR,638.39,-88580.87,Card,,Card DR Reliance Trends,CP-B-SHOP,Reliance Trends,Supplier,Card spend,Retail purchase,N,,,N,N,N,NA,,CBS_SYNTH,0.95,None,
TXN-B-20260327-0513,ACC-CTB-002-SB1,CTB-RTL-002,2026-03-27,2026-03-27,2026-03-27T19:07:44,DR,1293.39,-89874.26,Card,,Card DR GlobalMart Online,CP-B-GM,GlobalMart Online,Supplier,Card spend,Retail purchase,N,,,N,N,N,NA,,CBS_SYNTH,0.96,None,
TXN-B-20260329-0514,ACC-CTB-002-SB1,CTB-RTL-002,2026-03-29,2026-03-29,2026-03-29T14:00:25,DR,9702.0,-99576.26,NetBanking,,NetBanking DR Credit card bill,CP-B-BANK,Contoso Bank,Bank,Card bill,Credit card payment,N,,,N,N,N,NA,FAC-B-CC-001,CBS_SYNTH,0.92,None,
TXN-B-20260331-0515,ACC-CTB-002-SB1,CTB-RTL-002,2026-03-31,2026-03-31,2026-03-31T13:33:45,DR,599.23,-100175.49,Card,,Card DR GlobalMart Online,CP-B-GM,GlobalMart Online,Supplier,Card spend,Retail purchase,N,,,N,N,N,NA,,CBS_SYNTH,0.96,None,
TXN-B-20260331-0516,ACC-CTB-002-SB1,CTB-RTL-002,2026-03-31,2026-03-31,2026-03-31T14:54:19,DR,893.07,-101068.56,Card,,Card DR MSEDCL / Utilities,CP-B-UTIL,MSEDCL / Utilities,Supplier,Card spend,Retail purchase,N,,,N,N,N,NA,,CBS_SYNTH,0.91,None,
TXN-B-20260331-0517,ACC-CTB-002-SB1,CTB-RTL-002,2026-03-31,2026-03-31,2026-03-31T15:16:51,CR,1619.41,-99449.15,Internal,,Internal CR Savings interest,CP-B-BANK,Contoso Bank,Bank,Income,Savings interest,N,,,N,N,N,NA,,CBS_SYNTH,0.93,None,
TXN-B-20260407-0518,ACC-CTB-002-SB1,CTB-RTL-002,2026-04-07,2026-04-07,2026-04-07T09:30:00,DR,18900.0,-99449.15,AutoDebit,NACH400518,AutoDebit DR Loan EMI RETURNED (insufficient balance),CP-B-BANK,Contoso Bank (Loan EMI),Bank,EMI,Loan EMI,N,,,N,N,Y,Insufficient balance (auto-debit),FAC-B-PL-001,CBS_SYNTH,0.97,EMIBounce,
TXN-B-20260507-0519,ACC-CTB-002-SB1,CTB-RTL-002,2026-05-07,2026-05-07,2026-05-07T09:30:00,DR,18900.0,-99449.15,AutoDebit,NACH500519,AutoDebit DR Loan EMI RETURNED (insufficient balance),CP-B-BANK,Contoso Bank (Loan EMI),Bank,EMI,Loan EMI,N,,,N,N,Y,Insufficient balance (auto-debit),FAC-B-PL-001,CBS_SYNTH,0.97,EMIBounce,
TXN-C1-20250401-0001,ACC-CTB-003-SB1,CTB-RTL-003,2025-04-01,2025-04-01,2025-04-01T10:23:38,CR,50352.57,146352.57,NEFT,,NEFT CR Monthly salary credit,CP-C1-INC,Monthly salary credit,Buyer,Income,Salary credit,N,,,N,N,N,NA,,CBS_SYNTH,0.93,None,
TXN-C1-20250401-0002,ACC-CTB-003-SB1,CTB-RTL-003,2025-04-01,2025-04-01,2025-04-01T16:25:14,DR,3430.14,142922.43,Card,,Card DR GlobalMart Online,CP-C1-GM,GlobalMart Online,Supplier,Card spend,Retail purchase,N,,,N,N,N,NA,,CBS_SYNTH,0.93,None,
TXN-C1-20250401-0003,ACC-CTB-003-SB1,CTB-RTL-003,2025-04-01,2025-04-01,2025-04-01T20:05:20,DR,1705.84,141216.59,Card,,Card DR Zomato,CP-C1-FOOD,Zomato,Supplier,Card spend,Retail purchase,N,,,N,N,N,NA,,CBS_SYNTH,0.92,None,
TXN-C1-20250402-0004,ACC-CTB-003-SB1,CTB-RTL-003,2025-04-02,2025-04-02,2025-04-02T11:56:02,DR,1588.73,139627.86,Card,,Card DR Indian Oil Fuel,CP-C1-FUEL,Indian Oil Fuel,Supplier,Card spend,Retail purchase,N,,,N,N,N,NA,,CBS_SYNTH,0.96,None,
TXN-C1-20250402-0005,ACC-CTB-003-SB1,CTB-RTL-003,2025-04-02,2025-04-02,2025-04-02T17:58:21,DR,4600.63,135027.23,Card,,Card DR GlobalMart Online,CP-C1-GM,GlobalMart Online,Supplier,Card spend,Retail purchase,N,,,N,N,N,NA,,CBS_SYNTH,0.96,None,
TXN-C1-20250403-0006,ACC-CTB-003-SB1,CTB-RTL-003,2025-04-03,2025-04-03,2025-04-03T12:25:05,DR,1026.11,134001.12,Card,,Card DR GlobalMart Online,CP-C1-GM,GlobalMart Online,Supplier,Card spend,Retail purchase,N,,,N,N,N,NA,,CBS_SYNTH,0.89,None,
TXN-C1-20250403-0007,ACC-CTB-003-SB1,CTB-RTL-003,2025-04-03,2025-04-03,2025-04-03T19:09:48,DR,1451.49,132549.63,Card,,Card DR Zomato,CP-C1-FOOD,Zomato,Supplier,Card spend,Retail purchase,N,,,N,N,N,NA,,CBS_SYNTH,0.94,None,
TXN-C1-20250404-0008,ACC-CTB-003-SB1,CTB-RTL-003,2025-04-04,2025-04-04,2025-04-04T12:06:47,DR,1108.3,131441.33,Card,,Card DR Zomato,CP-C1-FOOD,Zomato,Supplier,Card spend,Retail purchase,N,,,N,N,N,NA,,CBS_SYNTH,0.89,None,
TXN-C1-20250405-0009,ACC-CTB-003-SB1,CTB-RTL-003,2025-04-05,2025-04-05,2025-04-05T19:21:02,DR,1205.47,130235.86,Card,,Card DR Zomato,CP-C1-FOOD,Zomato,Supplier,Card spend,Retail purchase,N,,,N,N,N,NA,,CBS_SYNTH,0.93,None,
TXN-C1-20250406-0010,ACC-CTB-003-SB1,CTB-RTL-003,2025-04-06,2025-04-06,2025-04-06T11:07:43,DR,1436.32,128799.54,Card,,Card DR MSEDCL / Utilities,CP-C1-UTIL,MSEDCL / Utilities,Supplier,Card spend,Retail purchase,N,,,N,N,N,NA,,CBS_SYNTH,0.94,None,
TXN-C1-20250407-0011,ACC-CTB-003-SB1,CTB-RTL-003,2025-04-07,2025-04-07,2025-04-07T12:34:50,DR,4377.29,124422.25,Card,,Card DR GlobalMart Online,CP-C1-GM,GlobalMart Online,Supplier,Card spend,Retail purchase,N,,,N,N,N,NA,,CBS_SYNTH,0.95,None,
TXN-C1-20250407-0012,ACC-CTB-003-SB1,CTB-RTL-003,2025-04-07,2025-04-07,2025-04-07T18:06:11,DR,18900.0,105522.25,AutoDebit,,AutoDebit DR Contoso Bank (Loan EMI),CP-C1-BANK,Contoso Bank (Loan EMI),Bank,EMI,Loan EMI,N,,,N,N,N,NA,FAC-C1-PL-001,CBS_SYNTH,0.97,None,
TXN-C1-20250408-0013,ACC-CTB-003-SB1,CTB-RTL-003,2025-04-08,2025-04-08,2025-04-08T12:41:23,DR,3350.25,102172.0,Card,,Card DR GlobalMart Online,CP-C1-GM,GlobalMart Online,Supplier,Card spend,Retail purchase,N,,,N,N,N,NA,,CBS_SYNTH,0.93,None,
TXN-C1-20250409-0014,ACC-CTB-003-SB1,CTB-RTL-003,2025-04-09,2025-04-09,2025-04-09T17:06:54,DR,3937.71,98234.29,Card,,Card DR Reliance Trends,CP-C1-SHOP,Reliance Trends,Supplier,Card spend,Retail purchase,N,,,N,N,N,NA,,CBS_SYNTH,0.91,None,
TXN-C1-20250410-0015,ACC-CTB-003-SB1,CTB-RTL-003,2025-04-10,2025-04-10,2025-04-10T17:32:31,DR,387.08,97847.21,Card,,Card DR Zomato,CP-C1-FOOD,Zomato,Supplier,Card spend,Retail purchase,N,,,N,N,N,NA,,CBS_SYNTH,0.89,None,
TXN-C1-20250411-0016,ACC-CTB-003-SB1,CTB-RTL-003,2025-04-11,2025-04-11,2025-04-11T12:39:26,DR,1771.47,96075.74,Card,,Card DR GlobalMart Online,CP-C1-GM,GlobalMart Online,Supplier,Card spend,Retail purchase,N,,,N,N,N,NA,,CBS_SYNTH,0.96,None,
TXN-C1-20250412-0017,ACC-CTB-003-SB1,CTB-RTL-003,2025-04-12,2025-04-12,2025-04-12T15:54:18,DR,2122.39,93953.35,Card,,Card DR GlobalMart Online,CP-C1-GM,GlobalMart Online,Supplier,Card spend,Retail purchase,N,,,N,N,N,NA,,CBS_SYNTH,0.89,None,
TXN-C1-20250413-0018,ACC-CTB-003-SB1,CTB-RTL-003,2025-04-13,2025-04-13,2025-04-13T13:46:19,DR,2184.24,91769.11,Card,,Card DR Reliance Trends,CP-C1-SHOP,Reliance Trends,Supplier,Card spend,Retail purchase,N,,,N,N,N,NA,,CBS_SYNTH,0.99,None,
TXN-C1-20250414-0019,ACC-CTB-003-SB1,CTB-RTL-003,2025-04-14,2025-04-14,2025-04-14T18:39:05,DR,1811.56,89957.55,Card,,Card DR GlobalMart Online,CP-C1-GM,GlobalMart Online,Supplier,Card spend,Retail purchase,N,,,N,N,N,NA,,CBS_SYNTH,0.95,None,
TXN-C1-20250415-0020,ACC-CTB-003-SB1,CTB-RTL-003,2025-04-15,2025-04-15,2025-04-15T12:29:33,DR,2184.99,87772.56,Card,,Card DR GlobalMart Online,CP-C1-GM,GlobalMart Online,Supplier,Card spend,Retail purchase,N,,,N,N,N,NA,,CBS_SYNTH,0.89,None,
TXN-C1-20250416-0021,ACC-CTB-003-SB1,CTB-RTL-003,2025-04-16,2025-04-16,2025-04-16T13:49:59,DR,5700.97,82071.59,ATM,,ATM DR ATM cash withdrawal,CP-C1-ATM,ATM cash withdrawal,Supplier,Cash,ATM withdrawal,N,,,Y,N,N,NA,,CBS_SYNTH,0.9,None,
TXN-C1-20250416-0022,ACC-CTB-003-SB1,CTB-RTL-003,2025-04-16,2025-04-16,2025-04-16T18:57:24,DR,2680.36,79391.23,ATM,,ATM DR ATM cash withdrawal,CP-C1-ATM,ATM cash withdrawal,Supplier,Cash,ATM withdrawal,N,,,Y,N,N,NA,,CBS_SYNTH,0.93,None,
TXN-C1-20250417-0023,ACC-CTB-003-SB1,CTB-RTL-003,2025-04-17,2025-04-17,2025-04-17T11:49:07,CR,65535.44,144926.67,NEFT,,NEFT CR Monthly salary credit,CP-C1-INC,Monthly salary credit,Buyer,Income,Salary credit,N,,,N,N,N,NA,,CBS_SYNTH,0.95,None,
TXN-C1-20250417-0024,ACC-CTB-003-SB1,CTB-RTL-003,2025-04-17,2025-04-17,2025-04-17T15:12:56,DR,1345.51,143581.16,Card,,Card DR GlobalMart Online,CP-C1-GM,GlobalMart Online,Supplier,Card spend,Retail purchase,N,,,N,N,N,NA,,CBS_SYNTH,0.88,None,
TXN-C1-20250417-0025,ACC-CTB-003-SB1,CTB-RTL-003,2025-04-17,2025-04-17,2025-04-17T19:47:07,DR,2082.72,141498.44,Card,,Card DR Indian Oil Fuel,CP-C1-FUEL,Indian Oil Fuel,Supplier,Card spend,Retail purchase,N,,,N,N,N,NA,,CBS_SYNTH,0.89,None,
TXN-C1-20250418-0026,ACC-CTB-003-SB1,CTB-RTL-003,2025-04-18,2025-04-18,2025-04-18T16:59:50,DR,2156.2,139342.24,Card,,Card DR MSEDCL / Utilities,CP-C1-UTIL,MSEDCL / Utilities,Supplier,Card spend,Retail purchase,N,,,N,N,N,NA,,CBS_SYNTH,0.94,None,
TXN-C1-20250419-0027,ACC-CTB-003-SB1,CTB-RTL-003,2025-04-19,2025-04-19,2025-04-19T14:36:48,DR,4689.81,134652.43,ATM,,ATM DR ATM cash withdrawal,CP-C1-ATM,ATM cash withdrawal,Supplier,Cash,ATM withdrawal,N,,,Y,N,N,NA,,CBS_SYNTH,0.99,None,
TXN-C1-20250420-0028,ACC-CTB-003-SB1,CTB-RTL-003,2025-04-20,2025-04-20,2025-04-20T18:59:10,DR,1893.74,132758.69,Card,,Card DR Indian Oil Fuel,CP-C1-FUEL,Indian Oil Fuel,Supplier,Card spend,Retail purchase,N,,,N,N,N,NA,,CBS_SYNTH,0.98,None,
TXN-C1-20250421-0029,ACC-CTB-003-SB1,CTB-RTL-003,2025-04-21,2025-04-21,2025-04-21T11:30:28,DR,2216.03,130542.66,Card,,Card DR GlobalMart Online,CP-C1-GM,GlobalMart Online,Supplier,Card spend,Retail purchase,N,,,N,N,N,NA,,CBS_SYNTH,0.98,None,
TXN-C1-20250422-0030,ACC-CTB-003-SB1,CTB-RTL-003,2025-04-22,2025-04-22,2025-04-22T14:55:25,DR,1837.65,128705.01,Card,,Card DR MSEDCL / Utilities,CP-C1-UTIL,MSEDCL / Utilities,Supplier,Card spend,Retail purchase,N,,,N,N,N,NA,,CBS_SYNTH,0.89,None,
TXN-C1-20250423-0031,ACC-CTB-003-SB1,CTB-RTL-003,2025-04-23,2025-04-23,2025-04-23T12:33:29,DR,2555.94,126149.07,Card,,Card DR GlobalMart Online,CP-C1-GM,GlobalMart Online,Supplier,Card spend,Retail purchase,N,,,N,N,N,NA,,CBS_SYNTH,0.95,None,
TXN-C1-20250424-0032,ACC-CTB-003-SB1,CTB-RTL-003,2025-04-24,2025-04-24,2025-04-24T18:57:00,DR,4301.67,121847.4,Card,,Card DR Reliance Trends,CP-C1-SHOP,Reliance Trends,Supplier,Card spend,Retail purchase,N,,,N,N,N,NA,,CBS_SYNTH,0.97,None,
TXN-C1-20250425-0033,ACC-CTB-003-SB1,CTB-RTL-003,2025-04-25,2025-04-25,2025-04-25T13:50:34,DR,1345.08,120502.32,Card,,Card DR Zomato,CP-C1-FOOD,Zomato,Supplier,Card spend,Retail purchase,N,,,N,N,N,NA,,CBS_SYNTH,0.96,None,
TXN-C1-20250426-0034,ACC-CTB-003-SB1,CTB-RTL-003,2025-04-26,2025-04-26,2025-04-26T17:21:13,DR,2422.42,118079.9,Card,,Card DR GlobalMart Online,CP-C1-GM,GlobalMart Online,Supplier,Card spend,Retail purchase,N,,,N,N,N,NA,,CBS_SYNTH,0.93,None,
TXN-C1-20250428-0035,ACC-CTB-003-SB1,CTB-RTL-003,2025-04-28,2025-04-28,2025-04-28T18:26:03,DR,878.99,117200.91,Card,,Card DR Zomato,CP-C1-FOOD,Zomato,Supplier,Card spend,Retail purchase,N,,,N,N,N,NA,,CBS_SYNTH,0.97,None,
TXN-C1-20250429-0036,ACC-CTB-003-SB1,CTB-RTL-003,2025-04-29,2025-04-29,2025-04-29T18:28:57,DR,2721.34,114479.57,Card,,Card DR Reliance Trends,CP-C1-SHOP,Reliance Trends,Supplier,Card spend,Retail purchase,N,,,N,N,N,NA,,CBS_SYNTH,0.95,None,
TXN-C1-20250430-0037,ACC-CTB-003-SB1,CTB-RTL-003,2025-04-30,2025-04-30,2025-04-30T13:53:01,DR,1011.07,113468.5,Card,,Card DR Zomato,CP-C1-FOOD,Zomato,Supplier,Card spend,Retail purchase,N,,,N,N,N,NA,,CBS_SYNTH,0.92,None,
TXN-C1-20250501-0038,ACC-CTB-003-SB1,CTB-RTL-003,2025-05-01,2025-05-01,2025-05-01T10:49:52,CR,53224.0,166692.5,NEFT,,NEFT CR Monthly salary credit,CP-C1-INC,Monthly salary credit,Buyer,Income,Salary credit,N,,,N,N,N,NA,,CBS_SYNTH,0.9,None,
TXN-C1-20250501-0039,ACC-CTB-003-SB1,CTB-RTL-003,2025-05-01,2025-05-01,2025-05-01T14:31:25,DR,4919.36,161773.14,Card,,Card DR Reliance Trends,CP-C1-SHOP,Reliance Trends,Supplier,Card spend,Retail purchase,N,,,N,N,N,NA,,CBS_SYNTH,0.95,None,
TXN-C1-20250501-0040,ACC-CTB-003-SB1,CTB-RTL-003,2025-05-01,2025-05-01,2025-05-01T18:21:44,DR,979.37,160793.77,Card,,Card DR GlobalMart Online,CP-C1-GM,GlobalMart Online,Supplier,Card spend,Retail purchase,N,,,N,N,N,NA,,CBS_SYNTH,0.97,None,
TXN-C1-20250502-0041,ACC-CTB-003-SB1,CTB-RTL-003,2025-05-02,2025-05-02,2025-05-02T13:44:46,DR,6778.85,154014.92,ATM,,ATM DR ATM cash withdrawal,CP-C1-ATM,ATM cash withdrawal,Supplier,Cash,ATM withdrawal,N,,,Y,N,N,NA,,CBS_SYNTH,0.96,None,
TXN-C1-20250502-0042,ACC-CTB-003-SB1,CTB-RTL-003,2025-05-02,2025-05-02,2025-05-02T16:49:21,DR,2183.13,151831.79,Card,,Card DR Reliance Trends,CP-C1-SHOP,Reliance Trends,Supplier,Card spend,Retail purchase,N,,,N,N,N,NA,,CBS_SYNTH,0.89,None,
TXN-C1-20250503-0043,ACC-CTB-003-SB1,CTB-RTL-003,2025-05-03,2025-05-03,2025-05-03T10:33:54,DR,3932.32,147899.47,Card,,Card DR GlobalMart Online,CP-C1-GM,GlobalMart Online,Supplier,Card spend,Retail purchase,N,,,N,N,N,NA,,CBS_SYNTH,0.96,None,
TXN-C1-20250503-0044,ACC-CTB-003-SB1,CTB-RTL-003,2025-05-03,2025-05-03,2025-05-03T20:15:01,DR,595.85,147303.62,Card,,Card DR MSEDCL / Utilities,CP-C1-UTIL,MSEDCL / Utilities,Supplier,Card spend,Retail purchase,N,,,N,N,N,NA,,CBS_SYNTH,0.9,None,
TXN-C1-20250504-0045,ACC-CTB-003-SB1,CTB-RTL-003,2025-05-04,2025-05-04,2025-05-04T12:03:01,DR,797.88,146505.74,Card,,Card DR MSEDCL / Utilities,CP-C1-UTIL,MSEDCL / Utilities,Supplier,Card spend,Retail purchase,N,,,N,N,N,NA,,CBS_SYNTH,0.94,None,
TXN-C1-20250505-0046,ACC-CTB-003-SB1,CTB-RTL-003,2025-05-05,2025-05-05,2025-05-05T18:08:37,DR,1919.79,144585.95,ATM,,ATM DR ATM cash withdrawal,CP-C1-ATM,ATM cash withdrawal,Supplier,Cash,ATM withdrawal,N,,,Y,N,N,NA,,CBS_SYNTH,0.92,None,
TXN-C1-20250506-0047,ACC-CTB-003-SB1,CTB-RTL-003,2025-05-06,2025-05-06,2025-05-06T17:30:58,DR,2121.57,142464.38,Card,,Card DR GlobalMart Online,CP-C1-GM,GlobalMart Online,Supplier,Card spend,Retail purchase,N,,,N,N,N,NA,,CBS_SYNTH,0.89,None,
TXN-C1-20250507-0048,ACC-CTB-003-SB1,CTB-RTL-003,2025-05-07,2025-05-07,2025-05-07T13:37:21,DR,18900.0,123564.38,AutoDebit,,AutoDebit DR Contoso Bank (Loan EMI),CP-C1-BANK,Contoso Bank (Loan EMI),Bank,EMI,Loan EMI,N,,,N,N,N,NA,FAC-C1-PL-001,CBS_SYNTH,0.97,None,
TXN-C1-20250507-0049,ACC-CTB-003-SB1,CTB-RTL-003,2025-05-07,2025-05-07,2025-05-07T17:22:28,DR,3676.02,119888.36,ATM,,ATM DR ATM cash withdrawal,CP-C1-ATM,ATM cash withdrawal,Supplier,Cash,ATM withdrawal,N,,,Y,N,N,NA,,CBS_SYNTH,0.93,None,
TXN-C1-20250508-0050,ACC-CTB-003-SB1,CTB-RTL-003,2025-05-08,2025-05-08,2025-05-08T17:34:42,DR,2106.58,117781.78,Card,,Card DR GlobalMart Online,CP-C1-GM,GlobalMart Online,Supplier,Card spend,Retail purchase,N,,,N,N,N,NA,,CBS_SYNTH,0.96,None,
TXN-C1-20250509-0051,ACC-CTB-003-SB1,CTB-RTL-003,2025-05-09,2025-05-09,2025-05-09T17:56:57,DR,2422.0,115359.78,Card,,Card DR MSEDCL / Utilities,CP-C1-UTIL,MSEDCL / Utilities,Supplier,Card spend,Retail purchase,N,,,N,N,N,NA,,CBS_SYNTH,0.92,None,
TXN-C1-20250510-0052,ACC-CTB-003-SB1,CTB-RTL-003,2025-05-10,2025-05-10,2025-05-10T17:53:08,DR,2430.03,112929.75,Card,,Card DR GlobalMart Online,CP-C1-GM,GlobalMart Online,Supplier,Card spend,Retail purchase,N,,,N,N,N,NA,,CBS_SYNTH,0.93,None,
TXN-C1-20250511-0053,ACC-CTB-003-SB1,CTB-RTL-003,2025-05-11,2025-05-11,2025-05-11T15:15:20,DR,3135.16,109794.59,Card,,Card DR GlobalMart Online,CP-C1-GM,GlobalMart Online,Supplier,Card spend,Retail purchase,N,,,N,N,N,NA,,CBS_SYNTH,0.98,None,
TXN-C1-20250512-0054,ACC-CTB-003-SB1,CTB-RTL-003,2025-05-12,2025-05-12,2025-05-12T13:43:00,DR,1576.57,108218.02,Card,,Card DR Zomato,CP-C1-FOOD,Zomato,Supplier,Card spend,Retail purchase,N,,,N,N,N,NA,,CBS_SYNTH,0.96,None,
TXN-C1-20250513-0055,ACC-CTB-003-SB1,CTB-RTL-003,2025-05-13,2025-05-13,2025-05-13T19:16:56,DR,1212.1,107005.92,Card,,Card DR GlobalMart Online,CP-C1-GM,GlobalMart Online,Supplier,Card spend,Retail purchase,N,,,N,N,N,NA,,CBS_SYNTH,0.89,None,
TXN-C1-20250514-0056,ACC-CTB-003-SB1,CTB-RTL-003,2025-05-14,2025-05-14,2025-05-14T13:30:31,DR,600.14,106405.78,Card,,Card DR GlobalMart Online,CP-C1-GM,GlobalMart Online,Supplier,Card spend,Retail purchase,N,,,N,N,N,NA,,CBS_SYNTH,0.96,None,
TXN-C1-20250515-0057,ACC-CTB-003-SB1,CTB-RTL-003,2025-05-15,2025-05-15,2025-05-15T12:53:53,DR,1682.64,104723.14,Card,,Card DR MSEDCL / Utilities,CP-C1-UTIL,MSEDCL / Utilities,Supplier,Card spend,Retail purchase,N,,,N,N,N,NA,,CBS_SYNTH,0.94,None,
TXN-C1-20250516-0058,ACC-CTB-003-SB1,CTB-RTL-003,2025-05-16,2025-05-16,2025-05-16T10:42:59,CR,57258.3,161981.44,NEFT,,NEFT CR Monthly salary credit,CP-C1-INC,Monthly salary credit,Buyer,Income,Salary credit,N,,,N,N,N,NA,,CBS_SYNTH,0.94,None,
TXN-C1-20250516-0059,ACC-CTB-003-SB1,CTB-RTL-003,2025-05-16,2025-05-16,2025-05-16T16:10:50,DR,675.61,161305.83,Card,,Card DR Zomato,CP-C1-FOOD,Zomato,Supplier,Card spend,Retail purchase,N,,,N,N,N,NA,,CBS_SYNTH,0.96,None,
TXN-C1-20250516-0060,ACC-CTB-003-SB1,CTB-RTL-003,2025-05-16,2025-05-16,2025-05-16T19:01:02,DR,1489.63,159816.2,Card,,Card DR MSEDCL / Utilities,CP-C1-UTIL,MSEDCL / Utilities,Supplier,Card spend,Retail purchase,N,,,N,N,N,NA,,CBS_SYNTH,0.98,None,
TXN-C1-20250517-0061,ACC-CTB-003-SB1,CTB-RTL-003,2025-05-17,2025-05-17,2025-05-17T12:35:05,DR,3480.73,156335.47,ATM,,ATM DR ATM cash withdrawal,CP-C1-ATM,ATM cash withdrawal,Supplier,Cash,ATM withdrawal,N,,,Y,N,N,NA,,CBS_SYNTH,0.9,None,
TXN-C1-20250517-0062,ACC-CTB-003-SB1,CTB-RTL-003,2025-05-17,2025-05-17,2025-05-17T18:09:10,DR,2385.42,153950.05,Card,,Card DR GlobalMart Online,CP-C1-GM,GlobalMart Online,Supplier,Card spend,Retail purchase,N,,,N,N,N,NA,,CBS_SYNTH,0.93,None,
TXN-C1-20250518-0063,ACC-CTB-003-SB1,CTB-RTL-003,2025-05-18,2025-05-18,2025-05-18T11:53:47,DR,2885.71,151064.34,Card,,Card DR GlobalMart Online,CP-C1-GM,GlobalMart Online,Supplier,Card spend,Retail purchase,N,,,N,N,N,NA,,CBS_SYNTH,0.99,None,
TXN-C1-20250519-0064,ACC-CTB-003-SB1,CTB-RTL-003,2025-05-19,2025-05-19,2025-05-19T12:43:13,DR,2137.29,148927.05,Card,,Card DR GlobalMart Online,CP-C1-GM,GlobalMart Online,Supplier,Card spend,Retail purchase,N,,,N,N,N,NA,,CBS_SYNTH,0.94,None,
TXN-C1-20250520-0065,ACC-CTB-003-SB1,CTB-RTL-003,2025-05-20,2025-05-20,2025-05-20T14:56:01,DR,1309.21,147617.84,Card,,Card DR Reliance Trends,CP-C1-SHOP,Reliance Trends,Supplier,Card spend,Retail purchase,N,,,N,N,N,NA,,CBS_SYNTH,0.99,None,
TXN-C1-20250521-0066,ACC-CTB-003-SB1,CTB-RTL-003,2025-05-21,2025-05-21,2025-05-21T15:46:00,DR,3845.88,143771.96,Card,,Card DR GlobalMart Online,CP-C1-GM,GlobalMart Online,Supplier,Card spend,Retail purchase,N,,,N,N,N,NA,,CBS_SYNTH,0.95,None,
TXN-C1-20250522-0067,ACC-CTB-003-SB1,CTB-RTL-003,2025-05-22,2025-05-22,2025-05-22T16:34:50,DR,1063.09,142708.87,Card,,Card DR MSEDCL / Utilities,CP-C1-UTIL,MSEDCL / Utilities,Supplier,Card spend,Retail purchase,N,,,N,N,N,NA,,CBS_SYNTH,0.89,None,
TXN-C1-20250523-0068,ACC-CTB-003-SB1,CTB-RTL-003,2025-05-23,2025-05-23,2025-05-23T17:33:40,DR,2713.06,139995.81,Card,,Card DR Indian Oil Fuel,CP-C1-FUEL,Indian Oil Fuel,Supplier,Card spend,Retail purchase,N,,,N,N,N,NA,,CBS_SYNTH,0.97,None,
TXN-C1-20250524-0069,ACC-CTB-003-SB1,CTB-RTL-003,2025-05-24,2025-05-24,2025-05-24T15:07:00,DR,1435.6,138560.21,Card,,Card DR GlobalMart Online,CP-C1-GM,GlobalMart Online,Supplier,Card spend,Retail purchase,N,,,N,N,N,NA,,CBS_SYNTH,0.89,None,
TXN-C1-20250525-0070,ACC-CTB-003-SB1,CTB-RTL-003,2025-05-25,2025-05-25,2025-05-25T18:49:19,DR,3293.11,135267.1,Card,,Card DR Reliance Trends,CP-C1-SHOP,Reliance Trends,Supplier,Card spend,Retail purchase,N,,,N,N,N,NA,,CBS_SYNTH,0.93,None,
TXN-C1-20250526-0071,ACC-CTB-003-SB1,CTB-RTL-003,2025-05-26,2025-05-26,2025-05-26T19:19:37,DR,1231.46,134035.64,Card,,Card DR Reliance Trends,CP-C1-SHOP,Reliance Trends,Supplier,Card spend,Retail purchase,N,,,N,N,N,NA,,CBS_SYNTH,0.9,None,
TXN-C1-20250527-0072,ACC-CTB-003-SB1,CTB-RTL-003,2025-05-27,2025-05-27,2025-05-27T13:30:03,DR,1889.1,132146.54,Card,,Card DR Indian Oil Fuel,CP-C1-FUEL,Indian Oil Fuel,Supplier,Card spend,Retail purchase,N,,,N,N,N,NA,,CBS_SYNTH,0.88,None,
TXN-C1-20250528-0073,ACC-CTB-003-SB1,CTB-RTL-003,2025-05-28,2025-05-28,2025-05-28T16:07:28,DR,661.68,131484.86,Card,,Card DR GlobalMart Online,CP-C1-GM,GlobalMart Online,Supplier,Card spend,Retail purchase,N,,,N,N,N,NA,,CBS_SYNTH,0.91,None,
TXN-C1-20250529-0074,ACC-CTB-003-SB1,CTB-RTL-003,2025-05-29,2025-05-29,2025-05-29T12:13:54,DR,1258.2,130226.66,Card,,Card DR Indian Oil Fuel,CP-C1-FUEL,Indian Oil Fuel,Supplier,Card spend,Retail purchase,N,,,N,N,N,NA,,CBS_SYNTH,0.89,None,
TXN-C1-20250530-0075,ACC-CTB-003-SB1,CTB-RTL-003,2025-05-30,2025-05-30,2025-05-30T18:48:27,DR,2828.5,127398.16,ATM,,ATM DR ATM cash withdrawal,CP-C1-ATM,ATM cash withdrawal,Supplier,Cash,ATM withdrawal,N,,,Y,N,N,NA,,CBS_SYNTH,0.99,None,
TXN-C1-20250531-0076,ACC-CTB-003-SB1,CTB-RTL-003,2025-05-31,2025-05-31,2025-05-31T12:52:34,DR,1184.33,126213.83,Card,,Card DR Indian Oil Fuel,CP-C1-FUEL,Indian Oil Fuel,Supplier,Card spend,Retail purchase,N,,,N,N,N,NA,,CBS_SYNTH,0.97,None,
TXN-C1-20250601-0077,ACC-CTB-003-SB1,CTB-RTL-003,2025-06-01,2025-06-01,2025-06-01T10:44:27,CR,68879.31,195093.14,NEFT,,NEFT CR Monthly salary credit,CP-C1-INC,Monthly salary credit,Buyer,Income,Salary credit,N,,,N,N,N,NA,,CBS_SYNTH,0.94,None,
TXN-C1-20250601-0078,ACC-CTB-003-SB1,CTB-RTL-003,2025-06-01,2025-06-01,2025-06-01T18:12:46,DR,774.83,194318.31,Card,,Card DR Indian Oil Fuel,CP-C1-FUEL,Indian Oil Fuel,Supplier,Card spend,Retail purchase,N,,,N,N,N,NA,,CBS_SYNTH,0.92,None,
TXN-C1-20250602-0079,ACC-CTB-003-SB1,CTB-RTL-003,2025-06-02,2025-06-02,2025-06-02T10:21:10,DR,2869.13,191449.18,Card,,Card DR GlobalMart Online,CP-C1-GM,GlobalMart Online,Supplier,Card spend,Retail purchase,N,,,N,N,N,NA,,CBS_SYNTH,0.9,None,
TXN-C1-20250602-0080,ACC-CTB-003-SB1,CTB-RTL-003,2025-06-02,2025-06-02,2025-06-02T18:53:47,DR,2932.63,188516.55,Card,,Card DR GlobalMart Online,CP-C1-GM,GlobalMart Online,Supplier,Card spend,Retail purchase,N,,,N,N,N,NA,,CBS_SYNTH,0.95,None,
TXN-C1-20250603-0081,ACC-CTB-003-SB1,CTB-RTL-003,2025-06-03,2025-06-03,2025-06-03T12:44:36,DR,3212.6,185303.95,Card,,Card DR GlobalMart Online,CP-C1-GM,GlobalMart Online,Supplier,Card spend,Retail purchase,N,,,N,N,N,NA,,CBS_SYNTH,0.97,None,
TXN-C1-20250603-0082,ACC-CTB-003-SB1,CTB-RTL-003,2025-06-03,2025-06-03,2025-06-03T19:34:30,DR,3766.32,181537.63,Card,,Card DR GlobalMart Online,CP-C1-GM,GlobalMart Online,Supplier,Card spend,Retail purchase,N,,,N,N,N,NA,,CBS_SYNTH,0.91,None,
TXN-C1-20250604-0083,ACC-CTB-003-SB1,CTB-RTL-003,2025-06-04,2025-06-04,2025-06-04T17:51:38,DR,1802.58,179735.05,Card,,Card DR Reliance Trends,CP-C1-SHOP,Reliance Trends,Supplier,Card spend,Retail purchase,N,,,N,N,N,NA,,CBS_SYNTH,0.96,None,
TXN-C1-20250605-0084,ACC-CTB-003-SB1,CTB-RTL-003,2025-06-05,2025-06-05,2025-06-05T17:16:27,DR,713.07,179021.98,Card,,Card DR GlobalMart Online,CP-C1-GM,GlobalMart Online,Supplier,Card spend,Retail purchase,N,,,N,N,N,NA,,CBS_SYNTH,0.94,None,
TXN-C1-20250606-0085,ACC-CTB-003-SB1,CTB-RTL-003,2025-06-06,2025-06-06,2025-06-06T12:19:13,DR,1560.11,177461.87,Card,,Card DR MSEDCL / Utilities,CP-C1-UTIL,MSEDCL / Utilities,Supplier,Card spend,Retail purchase,N,,,N,N,N,NA,,CBS_SYNTH,0.91,None,
TXN-C1-20250607-0086,ACC-CTB-003-SB1,CTB-RTL-003,2025-06-07,2025-06-07,2025-06-07T10:38:57,DR,1707.53,175754.34,Card,,Card DR GlobalMart Online,CP-C1-GM,GlobalMart Online,Supplier,Card spend,Retail purchase,N,,,N,N,N,NA,,CBS_SYNTH,0.93,None,
TXN-C1-20250607-0087,ACC-CTB-003-SB1,CTB-RTL-003,2025-06-07,2025-06-07,2025-06-07T20:14:35,DR,18900.0,156854.34,AutoDebit,,AutoDebit DR Contoso Bank (Loan EMI),CP-C1-BANK,Contoso Bank (Loan EMI),Bank,EMI,Loan EMI,N,,,N,N,N,NA,FAC-C1-PL-001,CBS_SYNTH,0.97,None,
TXN-C1-20250608-0088,ACC-CTB-003-SB1,CTB-RTL-003,2025-06-08,2025-06-08,2025-06-08T12:59:50,DR,5005.89,151848.45,ATM,,ATM DR ATM cash withdrawal,CP-C1-ATM,ATM cash withdrawal,Supplier,Cash,ATM withdrawal,N,,,Y,N,N,NA,,CBS_SYNTH,0.91,None,
TXN-C1-20250609-0089,ACC-CTB-003-SB1,CTB-RTL-003,2025-06-09,2025-06-09,2025-06-09T16:39:20,DR,2458.26,149390.19,Card,,Card DR GlobalMart Online,CP-C1-GM,GlobalMart Online,Supplier,Card spend,Retail purchase,N,,,N,N,N,NA,,CBS_SYNTH,0.93,None,
TXN-C1-20250610-0090,ACC-CTB-003-SB1,CTB-RTL-003,2025-06-10,2025-06-10,2025-06-10T17:05:37,DR,4578.65,144811.54,Card,,Card DR GlobalMart Online,CP-C1-GM,GlobalMart Online,Supplier,Card spend,Retail purchase,N,,,N,N,N,NA,,CBS_SYNTH,0.95,None,
TXN-C1-20250611-0091,ACC-CTB-003-SB1,CTB-RTL-003,2025-06-11,2025-06-11,2025-06-11T13:13:38,DR,263.58,144547.96,Card,,Card DR Zomato,CP-C1-FOOD,Zomato,Supplier,Card spend,Retail purchase,N,,,N,N,N,NA,,CBS_SYNTH,0.9,None,
TXN-C1-20250612-0092,ACC-CTB-003-SB1,CTB-RTL-003,2025-06-12,2025-06-12,2025-06-12T14:07:00,DR,1455.62,143092.34,Card,,Card DR GlobalMart Online,CP-C1-GM,GlobalMart Online,Supplier,Card spend,Retail purchase,N,,,N,N,N,NA,,CBS_SYNTH,0.98,None,
TXN-C1-20250613-0093,ACC-CTB-003-SB1,CTB-RTL-003,2025-06-13,2025-06-13,2025-06-13T13:17:40,DR,6400.88,136691.46,ATM,,ATM DR ATM cash withdrawal,CP-C1-ATM,ATM cash withdrawal,Supplier,Cash,ATM withdrawal,N,,,Y,N,N,NA,,CBS_SYNTH,0.92,None,
TXN-C1-20250614-0094,ACC-CTB-003-SB1,CTB-RTL-003,2025-06-14,2025-06-14,2025-06-14T19:06:02,DR,2960.13,133731.33,Card,,Card DR GlobalMart Online,CP-C1-GM,GlobalMart Online,Supplier,Card spend,Retail purchase,N,,,N,N,N,NA,,CBS_SYNTH,0.94,None,
TXN-C1-20250615-0095,ACC-CTB-003-SB1,CTB-RTL-003,2025-06-15,2025-06-15,2025-06-15T15:39:24,DR,1075.11,132656.22,ATM,,ATM DR ATM cash withdrawal,CP-C1-ATM,ATM cash withdrawal,Supplier,Cash,ATM withdrawal,N,,,Y,N,N,NA,,CBS_SYNTH,0.91,None,
TXN-C1-20250616-0096,ACC-CTB-003-SB1,CTB-RTL-003,2025-06-16,2025-06-16,2025-06-16T10:05:58,DR,1043.91,131612.31,Card,,Card DR Zomato,CP-C1-FOOD,Zomato,Supplier,Card spend,Retail purchase,N,,,N,N,N,NA,,CBS_SYNTH,0.94,None,
TXN-C1-20250616-0097,ACC-CTB-003-SB1,CTB-RTL-003,2025-06-16,2025-06-16,2025-06-16T18:24:49,DR,3426.13,128186.18,Card,,Card DR Reliance Trends,CP-C1-SHOP,Reliance Trends,Supplier,Card spend,Retail purchase,N,,,N,N,N,NA,,CBS_SYNTH,0.96,None,
TXN-C1-20250617-0098,ACC-CTB-003-SB1,CTB-RTL-003,2025-06-17,2025-06-17,2025-06-17T10:15:50,CR,55305.37,183491.55,NEFT,,NEFT CR Monthly salary credit,CP-C1-INC,Monthly salary credit,Buyer,Income,Salary credit,N,,,N,N,N,NA,,CBS_SYNTH,0.92,None,
TXN-C1-20250617-0099,ACC-CTB-003-SB1,CTB-RTL-003,2025-06-17,2025-06-17,2025-06-17T14:14:56,DR,1700.35,181791.2,Card,,Card DR Zomato,CP-C1-FOOD,Zomato,Supplier,Card spend,Retail purchase,N,,,N,N,N,NA,,CBS_SYNTH,0.88,None,
TXN-C1-20250617-0100,ACC-CTB-003-SB1,CTB-RTL-003,2025-06-17,2025-06-17,2025-06-17T20:18:27,DR,983.05,180808.15,Card,,Card DR Indian Oil Fuel,CP-C1-FUEL,Indian Oil Fuel,Supplier,Card spend,Retail purchase,N,,,N,N,N,NA,,CBS_SYNTH,0.89,None,
TXN-C1-20250618-0101,ACC-CTB-003-SB1,CTB-RTL-003,2025-06-18,2025-06-18,2025-06-18T16:33:00,DR,1232.64,179575.51,Card,,Card DR Zomato,CP-C1-FOOD,Zomato,Supplier,Card spend,Retail purchase,N,,,N,N,N,NA,,CBS_SYNTH,0.89,None,
TXN-C1-20250619-0102,ACC-CTB-003-SB1,CTB-RTL-003,2025-06-19,2025-06-19,2025-06-19T18:57:54,DR,1164.17,178411.34,Card,,Card DR Indian Oil Fuel,CP-C1-FUEL,Indian Oil Fuel,Supplier,Card spend,Retail purchase,N,,,N,N,N,NA,,CBS_SYNTH,0.93,None,
TXN-C1-20250620-0103,ACC-CTB-003-SB1,CTB-RTL-003,2025-06-20,2025-06-20,2025-06-20T17:25:27,DR,1185.96,177225.38,Card,,Card DR Zomato,CP-C1-FOOD,Zomato,Supplier,Card spend,Retail purchase,N,,,N,N,N,NA,,CBS_SYNTH,0.94,None,
TXN-C1-20250621-0104,ACC-CTB-003-SB1,CTB-RTL-003,2025-06-21,2025-06-21,2025-06-21T16:15:02,DR,1221.34,176004.04,Card,,Card DR Indian Oil Fuel,CP-C1-FUEL,Indian Oil Fuel,Supplier,Card spend,Retail purchase,N,,,N,N,N,NA,,CBS_SYNTH,0.97,None,
TXN-C1-20250622-0105,ACC-CTB-003-SB1,CTB-RTL-003,2025-06-22,2025-06-22,2025-06-22T14:15:21,DR,4669.14,171334.9,Card,,Card DR GlobalMart Online,CP-C1-GM,GlobalMart Online,Supplier,Card spend,Retail purchase,N,,,N,N,N,NA,,CBS_SYNTH,0.89,None,
TXN-C1-20250623-0106,ACC-CTB-003-SB1,CTB-RTL-003,2025-06-23,2025-06-23,2025-06-23T12:07:10,DR,881.18,170453.72,Card,,Card DR Zomato,CP-C1-FOOD,Zomato,Supplier,Card spend,Retail purchase,N,,,N,N,N,NA,,CBS_SYNTH,0.95,None,
TXN-C1-20250624-0107,ACC-CTB-003-SB1,CTB-RTL-003,2025-06-24,2025-06-24,2025-06-24T13:10:37,DR,765.18,169688.54,Card,,Card DR Zomato,CP-C1-FOOD,Zomato,Supplier,Card spend,Retail purchase,N,,,N,N,N,NA,,CBS_SYNTH,0.9,None,
TXN-C1-20250625-0108,ACC-CTB-003-SB1,CTB-RTL-003,2025-06-25,2025-06-25,2025-06-25T19:05:22,DR,2131.19,167557.35,Card,,Card DR Indian Oil Fuel,CP-C1-FUEL,Indian Oil Fuel,Supplier,Card spend,Retail purchase,N,,,N,N,N,NA,,CBS_SYNTH,0.94,None,
TXN-C1-20250626-0109,ACC-CTB-003-SB1,CTB-RTL-003,2025-06-26,2025-06-26,2025-06-26T12:36:41,DR,2843.99,164713.36,Card,,Card DR GlobalMart Online,CP-C1-GM,GlobalMart Online,Supplier,Card spend,Retail purchase,N,,,N,N,N,NA,,CBS_SYNTH,0.9,None,
TXN-C1-20250627-0110,ACC-CTB-003-SB1,CTB-RTL-003,2025-06-27,2025-06-27,2025-06-27T14:40:19,DR,1362.94,163350.42,Card,,Card DR Zomato,CP-C1-FOOD,Zomato,Supplier,Card spend,Retail purchase,N,,,N,N,N,NA,,CBS_SYNTH,0.94,None,
TXN-C1-20250628-0111,ACC-CTB-003-SB1,CTB-RTL-003,2025-06-28,2025-06-28,2025-06-28T16:13:32,DR,3594.62,159755.8,ATM,,ATM DR ATM cash withdrawal,CP-C1-ATM,ATM cash withdrawal,Supplier,Cash,ATM withdrawal,N,,,Y,N,N,NA,,CBS_SYNTH,0.92,None,
TXN-C1-20250630-0112,ACC-CTB-003-SB1,CTB-RTL-003,2025-06-30,2025-06-30,2025-06-30T12:43:39,CR,1115.72,160871.52,Internal,,Internal CR Contoso Bank,CP-C1-BANK,Contoso Bank,Bank,Income,Savings interest,N,,,N,N,N,NA,,CBS_SYNTH,0.93,None,
TXN-C1-20250630-0113,ACC-CTB-003-SB1,CTB-RTL-003,2025-06-30,2025-06-30,2025-06-30T18:19:53,DR,5484.22,155387.3,Card,,Card DR Reliance Trends,CP-C1-SHOP,Reliance Trends,Supplier,Card spend,Retail purchase,N,,,N,N,N,NA,,CBS_SYNTH,0.96,None,
TXN-C1-20250701-0114,ACC-CTB-003-SB1,CTB-RTL-003,2025-07-01,2025-07-01,2025-07-01T11:40:20,DR,4485.69,150901.61,ATM,,ATM DR ATM cash withdrawal,CP-C1-ATM,ATM cash withdrawal,Supplier,Cash,ATM withdrawal,N,,,Y,N,N,NA,,CBS_SYNTH,0.91,None,
TXN-C1-20250701-0115,ACC-CTB-003-SB1,CTB-RTL-003,2025-07-01,2025-07-01,2025-07-01T16:41:56,DR,1584.98,149316.63,Card,,Card DR Zomato,CP-C1-FOOD,Zomato,Supplier,Card spend,Retail purchase,N,,,N,N,N,NA,,CBS_SYNTH,0.96,None,
TXN-C1-20250702-0116,ACC-CTB-003-SB1,CTB-RTL-003,2025-07-02,2025-07-02,2025-07-02T12:21:51,CR,64740.55,214057.18,NEFT,,NEFT CR Monthly salary credit,CP-C1-INC,Monthly salary credit,Buyer,Income,Salary credit,N,,,N,N,N,NA,,CBS_SYNTH,0.93,None,
TXN-C1-20250702-0117,ACC-CTB-003-SB1,CTB-RTL-003,2025-07-02,2025-07-02,2025-07-02T13:59:19,DR,2654.29,211402.89,Card,,Card DR Reliance Trends,CP-C1-SHOP,Reliance Trends,Supplier,Card spend,Retail purchase,N,,,N,N,N,NA,,CBS_SYNTH,0.89,None,
TXN-C1-20250702-0118,ACC-CTB-003-SB1,CTB-RTL-003,2025-07-02,2025-07-02,2025-07-02T20:31:46,DR,2495.21,208907.68,Card,,Card DR MSEDCL / Utilities,CP-C1-UTIL,MSEDCL / Utilities,Supplier,Card spend,Retail purchase,N,,,N,N,N,NA,,CBS_SYNTH,0.97,None,
TXN-C1-20250703-0119,ACC-CTB-003-SB1,CTB-RTL-003,2025-07-03,2025-07-03,2025-07-03T11:59:21,DR,1209.32,207698.36,Card,,Card DR Zomato,CP-C1-FOOD,Zomato,Supplier,Card spend,Retail purchase,N,,,N,N,N,NA,,CBS_SYNTH,0.88,None,
TXN-C1-20250703-0120,ACC-CTB-003-SB1,CTB-RTL-003,2025-07-03,2025-07-03,2025-07-03T17:50:03,DR,2514.11,205184.25,Card,,Card DR Reliance Trends,CP-C1-SHOP,Reliance Trends,Supplier,Card spend,Retail purchase,N,,,N,N,N,NA,,CBS_SYNTH,0.93,None,
TXN-C1-20250704-0121,ACC-CTB-003-SB1,CTB-RTL-003,2025-07-04,2025-07-04,2025-07-04T14:58:09,DR,958.27,204225.98,Card,,Card DR Indian Oil Fuel,CP-C1-FUEL,Indian Oil Fuel,Supplier,Card spend,Retail purchase,N,,,N,N,N,NA,,CBS_SYNTH,0.88,None,
TXN-C1-20250705-0122,ACC-CTB-003-SB1,CTB-RTL-003,2025-07-05,2025-07-05,2025-07-05T15:18:55,DR,2415.35,201810.63,ATM,,ATM DR ATM cash withdrawal,CP-C1-ATM,ATM cash withdrawal,Supplier,Cash,ATM withdrawal,N,,,Y,N,N,NA,,CBS_SYNTH,0.98,None,
TXN-C1-20250706-0123,ACC-CTB-003-SB1,CTB-RTL-003,2025-07-06,2025-07-06,2025-07-06T18:59:53,DR,2938.19,198872.44,Card,,Card DR GlobalMart Online,CP-C1-GM,GlobalMart Online,Supplier,Card spend,Retail purchase,N,,,N,N,N,NA,,CBS_SYNTH,0.9,None,
TXN-C1-20250707-0124,ACC-CTB-003-SB1,CTB-RTL-003,2025-07-07,2025-07-07,2025-07-07T12:14:36,DR,18900.0,179972.44,AutoDebit,,AutoDebit DR Contoso Bank (Loan EMI),CP-C1-BANK,Contoso Bank (Loan EMI),Bank,EMI,Loan EMI,N,,,N,N,N,NA,FAC-C1-PL-001,CBS_SYNTH,0.97,None,
TXN-C1-20250707-0125,ACC-CTB-003-SB1,CTB-RTL-003,2025-07-07,2025-07-07,2025-07-07T17:10:26,DR,6091.48,173880.96,ATM,,ATM DR ATM cash withdrawal,CP-C1-ATM,ATM cash withdrawal,Supplier,Cash,ATM withdrawal,N,,,Y,N,N,NA,,CBS_SYNTH,0.96,None,
TXN-C1-20250708-0126,ACC-CTB-003-SB1,CTB-RTL-003,2025-07-08,2025-07-08,2025-07-08T16:16:28,DR,619.56,173261.4,Card,,Card DR Zomato,CP-C1-FOOD,Zomato,Supplier,Card spend,Retail purchase,N,,,N,N,N,NA,,CBS_SYNTH,0.92,None,
TXN-C1-20250709-0127,ACC-CTB-003-SB1,CTB-RTL-003,2025-07-09,2025-07-09,2025-07-09T12:47:40,DR,4141.41,169119.99,Card,,Card DR GlobalMart Online,CP-C1-GM,GlobalMart Online,Supplier,Card spend,Retail purchase,N,,,N,N,N,NA,,CBS_SYNTH,0.91,None,
TXN-C1-20250710-0128,ACC-CTB-003-SB1,CTB-RTL-003,2025-07-10,2025-07-10,2025-07-10T17:48:42,DR,1234.95,167885.04,Card,,Card DR Zomato,CP-C1-FOOD,Zomato,Supplier,Card spend,Retail purchase,N,,,N,N,N,NA,,CBS_SYNTH,0.89,None,
TXN-C1-20250711-0129,ACC-CTB-003-SB1,CTB-RTL-003,2025-07-11,2025-07-11,2025-07-11T17:06:06,DR,2604.62,165280.42,Card,,Card DR Indian Oil Fuel,CP-C1-FUEL,Indian Oil Fuel,Supplier,Card spend,Retail purchase,N,,,N,N,N,NA,,CBS_SYNTH,0.98,None,
TXN-C1-20250712-0130,ACC-CTB-003-SB1,CTB-RTL-003,2025-07-12,2025-07-12,2025-07-12T19:23:25,DR,2971.81,162308.61,Card,,Card DR GlobalMart Online,CP-C1-GM,GlobalMart Online,Supplier,Card spend,Retail purchase,N,,,N,N,N,NA,,CBS_SYNTH,0.94,None,
TXN-C1-20250713-0131,ACC-CTB-003-SB1,CTB-RTL-003,2025-07-13,2025-07-13,2025-07-13T11:23:00,DR,5011.43,157297.18,Card,,Card DR GlobalMart Online,CP-C1-GM,GlobalMart Online,Supplier,Card spend,Retail purchase,N,,,N,N,N,NA,,CBS_SYNTH,0.96,None,
TXN-C1-20250714-0132,ACC-CTB-003-SB1,CTB-RTL-003,2025-07-14,2025-07-14,2025-07-14T15:42:32,DR,882.59,156414.59,Card,,Card DR Zomato,CP-C1-FOOD,Zomato,Supplier,Card spend,Retail purchase,N,,,N,N,N,NA,,CBS_SYNTH,0.88,None,
TXN-C1-20250715-0133,ACC-CTB-003-SB1,CTB-RTL-003,2025-07-15,2025-07-15,2025-07-15T11:20:27,DR,1858.63,154555.96,Card,,Card DR Indian Oil Fuel,CP-C1-FUEL,Indian Oil Fuel,Supplier,Card spend,Retail purchase,N,,,N,N,N,NA,,CBS_SYNTH,0.96,None,
TXN-C1-20250716-0134,ACC-CTB-003-SB1,CTB-RTL-003,2025-07-16,2025-07-16,2025-07-16T11:07:32,DR,1207.97,153347.99,Card,,Card DR Reliance Trends,CP-C1-SHOP,Reliance Trends,Supplier,Card spend,Retail purchase,N,,,N,N,N,NA,,CBS_SYNTH,0.88,None,
TXN-C1-20250716-0135,ACC-CTB-003-SB1,CTB-RTL-003,2025-07-16,2025-07-16,2025-07-16T20:03:19,DR,3888.55,149459.44,Card,,Card DR GlobalMart Online,CP-C1-GM,GlobalMart Online,Supplier,Card spend,Retail purchase,N,,,N,N,N,NA,,CBS_SYNTH,0.88,None,
TXN-C1-20250717-0136,ACC-CTB-003-SB1,CTB-RTL-003,2025-07-17,2025-07-17,2025-07-17T11:47:25,CR,65654.11,215113.55,NEFT,,NEFT CR Monthly salary credit,CP-C1-INC,Monthly salary credit,Buyer,Income,Salary credit,N,,,N,N,N,NA,,CBS_SYNTH,0.95,None,
TXN-C1-20250717-0137,ACC-CTB-003-SB1,CTB-RTL-003,2025-07-17,2025-07-17,2025-07-17T15:33:29,DR,2730.13,212383.42,Card,,Card DR Indian Oil Fuel,CP-C1-FUEL,Indian Oil Fuel,Supplier,Card spend,Retail purchase,N,,,N,N,N,NA,,CBS_SYNTH,0.88,None,
TXN-C1-20250717-0138,ACC-CTB-003-SB1,CTB-RTL-003,2025-07-17,2025-07-17,2025-07-17T19:22:41,DR,1147.46,211235.96,Card,,Card DR Zomato,CP-C1-FOOD,Zomato,Supplier,Card spend,Retail purchase,N,,,N,N,N,NA,,CBS_SYNTH,0.92,None,
TXN-C1-20250718-0139,ACC-CTB-003-SB1,CTB-RTL-003,2025-07-18,2025-07-18,2025-07-18T16:41:46,DR,3889.63,207346.33,Card,,Card DR GlobalMart Online,CP-C1-GM,GlobalMart Online,Supplier,Card spend,Retail purchase,N,,,N,N,N,NA,,CBS_SYNTH,0.97,None,
TXN-C1-20250719-0140,ACC-CTB-003-SB1,CTB-RTL-003,2025-07-19,2025-07-19,2025-07-19T13:25:44,DR,860.49,206485.84,Card,,Card DR Zomato,CP-C1-FOOD,Zomato,Supplier,Card spend,Retail purchase,N,,,N,N,N,NA,,CBS_SYNTH,0.93,None,
TXN-C1-20250720-0141,ACC-CTB-003-SB1,CTB-RTL-003,2025-07-20,2025-07-20,2025-07-20T14:59:07,DR,4897.98,201587.86,Card,,Card DR GlobalMart Online,CP-C1-GM,GlobalMart Online,Supplier,Card spend,Retail purchase,N,,,N,N,N,NA,,CBS_SYNTH,0.93,None,
TXN-C1-20250721-0142,ACC-CTB-003-SB1,CTB-RTL-003,2025-07-21,2025-07-21,2025-07-21T17:56:22,DR,2661.53,198926.33,Card,,Card DR Indian Oil Fuel,CP-C1-FUEL,Indian Oil Fuel,Supplier,Card spend,Retail purchase,N,,,N,N,N,NA,,CBS_SYNTH,0.98,None,
TXN-C1-20250722-0143,ACC-CTB-003-SB1,CTB-RTL-003,2025-07-22,2025-07-22,2025-07-22T12:42:05,DR,4989.15,193937.18,Card,,Card DR GlobalMart Online,CP-C1-GM,GlobalMart Online,Supplier,Card spend,Retail purchase,N,,,N,N,N,NA,,CBS_SYNTH,0.9,None,
TXN-C1-20250723-0144,ACC-CTB-003-SB1,CTB-RTL-003,2025-07-23,2025-07-23,2025-07-23T11:35:06,DR,4763.79,189173.39,Card,,Card DR Reliance Trends,CP-C1-SHOP,Reliance Trends,Supplier,Card spend,Retail purchase,N,,,N,N,N,NA,,CBS_SYNTH,0.89,None,
TXN-C1-20250724-0145,ACC-CTB-003-SB1,CTB-RTL-003,2025-07-24,2025-07-24,2025-07-24T11:58:03,DR,1564.11,187609.28,Card,,Card DR MSEDCL / Utilities,CP-C1-UTIL,MSEDCL / Utilities,Supplier,Card spend,Retail purchase,N,,,N,N,N,NA,,CBS_SYNTH,0.97,None,
TXN-C1-20250725-0146,ACC-CTB-003-SB1,CTB-RTL-003,2025-07-25,2025-07-25,2025-07-25T19:18:41,DR,1189.69,186419.59,Card,,Card DR Reliance Trends,CP-C1-SHOP,Reliance Trends,Supplier,Card spend,Retail purchase,N,,,N,N,N,NA,,CBS_SYNTH,0.95,None,
TXN-C1-20250726-0147,ACC-CTB-003-SB1,CTB-RTL-003,2025-07-26,2025-07-26,2025-07-26T13:54:29,DR,3501.58,182918.01,ATM,,ATM DR ATM cash withdrawal,CP-C1-ATM,ATM cash withdrawal,Supplier,Cash,ATM withdrawal,N,,,Y,N,N,NA,,CBS_SYNTH,0.92,None,
TXN-C1-20250728-0148,ACC-CTB-003-SB1,CTB-RTL-003,2025-07-28,2025-07-28,2025-07-28T17:06:32,DR,2224.13,180693.88,ATM,,ATM DR ATM cash withdrawal,CP-C1-ATM,ATM cash withdrawal,Supplier,Cash,ATM withdrawal,N,,,Y,N,N,NA,,CBS_SYNTH,0.92,None,
TXN-C1-20250729-0149,ACC-CTB-003-SB1,CTB-RTL-003,2025-07-29,2025-07-29,2025-07-29T15:47:44,DR,4051.09,176642.79,Card,,Card DR Reliance Trends,CP-C1-SHOP,Reliance Trends,Supplier,Card spend,Retail purchase,N,,,N,N,N,NA,,CBS_SYNTH,0.93,None,
TXN-C1-20250730-0150,ACC-CTB-003-SB1,CTB-RTL-003,2025-07-30,2025-07-30,2025-07-30T15:14:16,DR,1878.6,174764.19,Card,,Card DR MSEDCL / Utilities,CP-C1-UTIL,MSEDCL / Utilities,Supplier,Card spend,Retail purchase,N,,,N,N,N,NA,,CBS_SYNTH,0.95,None,
TXN-C1-20250731-0151,ACC-CTB-003-SB1,CTB-RTL-003,2025-07-31,2025-07-31,2025-07-31T14:37:09,DR,1422.39,173341.8,Card,,Card DR Zomato,CP-C1-FOOD,Zomato,Supplier,Card spend,Retail purchase,N,,,N,N,N,NA,,CBS_SYNTH,0.95,None,
TXN-C1-20250801-0152,ACC-CTB-003-SB1,CTB-RTL-003,2025-08-01,2025-08-01,2025-08-01T13:03:59,DR,1017.11,172324.69,Card,,Card DR MSEDCL / Utilities,CP-C1-UTIL,MSEDCL / Utilities,Supplier,Card spend,Retail purchase,N,,,N,N,N,NA,,CBS_SYNTH,0.95,None,
TXN-C1-20250801-0153,ACC-CTB-003-SB1,CTB-RTL-003,2025-08-01,2025-08-01,2025-08-01T19:29:04,DR,1358.15,170966.54,Card,,Card DR Indian Oil Fuel,CP-C1-FUEL,Indian Oil Fuel,Supplier,Card spend,Retail purchase,N,,,N,N,N,NA,,CBS_SYNTH,0.89,None,
TXN-C1-20250802-0154,ACC-CTB-003-SB1,CTB-RTL-003,2025-08-02,2025-08-02,2025-08-02T11:27:18,CR,53136.69,224103.23,NEFT,,NEFT CR Monthly salary credit,CP-C1-INC,Monthly salary credit,Buyer,Income,Salary credit,N,,,N,N,N,NA,,CBS_SYNTH,0.96,None,
TXN-C1-20250802-0155,ACC-CTB-003-SB1,CTB-RTL-003,2025-08-02,2025-08-02,2025-08-02T15:05:38,DR,1792.42,222310.81,Card,,Card DR Reliance Trends,CP-C1-SHOP,Reliance Trends,Supplier,Card spend,Retail purchase,N,,,N,N,N,NA,,CBS_SYNTH,0.89,None,
TXN-C1-20250802-0156,ACC-CTB-003-SB1,CTB-RTL-003,2025-08-02,2025-08-02,2025-08-02T19:12:49,DR,1673.91,220636.9,Card,,Card DR Reliance Trends,CP-C1-SHOP,Reliance Trends,Supplier,Card spend,Retail purchase,N,,,N,N,N,NA,,CBS_SYNTH,0.95,None,
TXN-C1-20250803-0157,ACC-CTB-003-SB1,CTB-RTL-003,2025-08-03,2025-08-03,2025-08-03T11:41:28,DR,2270.19,218366.71,Card,,Card DR GlobalMart Online,CP-C1-GM,GlobalMart Online,Supplier,Card spend,Retail purchase,N,,,N,N,N,NA,,CBS_SYNTH,0.97,None,
TXN-C1-20250804-0158,ACC-CTB-003-SB1,CTB-RTL-003,2025-08-04,2025-08-04,2025-08-04T17:32:40,DR,3778.6,214588.11,Card,,Card DR Reliance Trends,CP-C1-SHOP,Reliance Trends,Supplier,Card spend,Retail purchase,N,,,N,N,N,NA,,CBS_SYNTH,0.89,None,
TXN-C1-20250805-0159,ACC-CTB-003-SB1,CTB-RTL-003,2025-08-05,2025-08-05,2025-08-05T14:58:10,DR,2936.18,211651.93,ATM,,ATM DR ATM cash withdrawal,CP-C1-ATM,ATM cash withdrawal,Supplier,Cash,ATM withdrawal,N,,,Y,N,N,NA,,CBS_SYNTH,0.92,None,
TXN-C1-20250806-0160,ACC-CTB-003-SB1,CTB-RTL-003,2025-08-06,2025-08-06,2025-08-06T17:19:33,DR,3492.43,208159.5,Card,,Card DR GlobalMart Online,CP-C1-GM,GlobalMart Online,Supplier,Card spend,Retail purchase,N,,,N,N,N,NA,,CBS_SYNTH,0.95,None,
TXN-C1-20250807-0161,ACC-CTB-003-SB1,CTB-RTL-003,2025-08-07,2025-08-07,2025-08-07T11:04:26,DR,18900.0,189259.5,AutoDebit,,AutoDebit DR Contoso Bank (Loan EMI),CP-C1-BANK,Contoso Bank (Loan EMI),Bank,EMI,Loan EMI,N,,,N,N,N,NA,FAC-C1-PL-001,CBS_SYNTH,0.97,None,
TXN-C1-20250807-0162,ACC-CTB-003-SB1,CTB-RTL-003,2025-08-07,2025-08-07,2025-08-07T20:21:33,DR,1916.75,187342.75,Card,,Card DR Indian Oil Fuel,CP-C1-FUEL,Indian Oil Fuel,Supplier,Card spend,Retail purchase,N,,,N,N,N,NA,,CBS_SYNTH,0.93,None,
TXN-C1-20250808-0163,ACC-CTB-003-SB1,CTB-RTL-003,2025-08-08,2025-08-08,2025-08-08T15:17:50,DR,6873.37,180469.38,ATM,,ATM DR ATM cash withdrawal,CP-C1-ATM,ATM cash withdrawal,Supplier,Cash,ATM withdrawal,N,,,Y,N,N,NA,,CBS_SYNTH,0.96,None,
TXN-C1-20250809-0164,ACC-CTB-003-SB1,CTB-RTL-003,2025-08-09,2025-08-09,2025-08-09T13:54:10,DR,1572.28,178897.1,Card,,Card DR Zomato,CP-C1-FOOD,Zomato,Supplier,Card spend,Retail purchase,N,,,N,N,N,NA,,CBS_SYNTH,0.89,None,
TXN-C1-20250810-0165,ACC-CTB-003-SB1,CTB-RTL-003,2025-08-10,2025-08-10,2025-08-10T18:09:12,DR,1549.7,177347.4,Card,,Card DR Indian Oil Fuel,CP-C1-FUEL,Indian Oil Fuel,Supplier,Card spend,Retail purchase,N,,,N,N,N,NA,,CBS_SYNTH,0.93,None,
TXN-C1-20250811-0166,ACC-CTB-003-SB1,CTB-RTL-003,2025-08-11,2025-08-11,2025-08-11T15:38:07,DR,390.36,176957.04,Card,,Card DR Zomato,CP-C1-FOOD,Zomato,Supplier,Card spend,Retail purchase,N,,,N,N,N,NA,,CBS_SYNTH,0.97,None,
TXN-C1-20250812-0167,ACC-CTB-003-SB1,CTB-RTL-003,2025-08-12,2025-08-12,2025-08-12T16:23:45,DR,302.1,176654.94,Card,,Card DR Zomato,CP-C1-FOOD,Zomato,Supplier,Card spend,Retail purchase,N,,,N,N,N,NA,,CBS_SYNTH,0.95,None,
TXN-C1-20250813-0168,ACC-CTB-003-SB1,CTB-RTL-003,2025-08-13,2025-08-13,2025-08-13T15:09:34,DR,4754.85,171900.09,Card,,Card DR Reliance Trends,CP-C1-SHOP,Reliance Trends,Supplier,Card spend,Retail purchase,N,,,N,N,N,NA,,CBS_SYNTH,0.92,None,
TXN-C1-20250814-0169,ACC-CTB-003-SB1,CTB-RTL-003,2025-08-14,2025-08-14,2025-08-14T15:26:58,DR,2103.32,169796.77,Card,,Card DR MSEDCL / Utilities,CP-C1-UTIL,MSEDCL / Utilities,Supplier,Card spend,Retail purchase,N,,,N,N,N,NA,,CBS_SYNTH,0.89,None,
TXN-C1-20250815-0170,ACC-CTB-003-SB1,CTB-RTL-003,2025-08-15,2025-08-15,2025-08-15T14:05:10,DR,858.44,168938.33,Card,,Card DR Zomato,CP-C1-FOOD,Zomato,Supplier,Card spend,Retail purchase,N,,,N,N,N,NA,,CBS_SYNTH,0.92,None,
TXN-C1-20250816-0171,ACC-CTB-003-SB1,CTB-RTL-003,2025-08-16,2025-08-16,2025-08-16T11:21:13,CR,52939.91,221878.24,NEFT,,NEFT CR Monthly salary credit,CP-C1-INC,Monthly salary credit,Buyer,Income,Salary credit,N,,,N,N,N,NA,,CBS_SYNTH,0.9,None,
TXN-C1-20250816-0172,ACC-CTB-003-SB1,CTB-RTL-003,2025-08-16,2025-08-16,2025-08-16T15:46:28,DR,2743.07,219135.17,Card,,Card DR Indian Oil Fuel,CP-C1-FUEL,Indian Oil Fuel,Supplier,Card spend,Retail purchase,N,,,N,N,N,NA,,CBS_SYNTH,0.9,None,
TXN-C1-20250816-0173,ACC-CTB-003-SB1,CTB-RTL-003,2025-08-16,2025-08-16,2025-08-16T18:53:29,DR,6198.7,212936.47,ATM,,ATM DR ATM cash withdrawal,CP-C1-ATM,ATM cash withdrawal,Supplier,Cash,ATM withdrawal,N,,,Y,N,N,NA,,CBS_SYNTH,0.97,None,
TXN-C1-20250817-0174,ACC-CTB-003-SB1,CTB-RTL-003,2025-08-17,2025-08-17,2025-08-17T11:05:54,DR,463.24,212473.23,Card,,Card DR Zomato,CP-C1-FOOD,Zomato,Supplier,Card spend,Retail purchase,N,,,N,N,N,NA,,CBS_SYNTH,0.96,None,
TXN-C1-20250818-0175,ACC-CTB-003-SB1,CTB-RTL-003,2025-08-18,2025-08-18,2025-08-18T12:40:46,DR,1373.22,211100.01,Card,,Card DR Zomato,CP-C1-FOOD,Zomato,Supplier,Card spend,Retail purchase,N,,,N,N,N,NA,,CBS_SYNTH,0.9,None,
TXN-C1-20250819-0176,ACC-CTB-003-SB1,CTB-RTL-003,2025-08-19,2025-08-19,2025-08-19T18:29:08,DR,7093.11,204006.9,ATM,,ATM DR ATM cash withdrawal,CP-C1-ATM,ATM cash withdrawal,Supplier,Cash,ATM withdrawal,N,,,Y,N,N,NA,,CBS_SYNTH,0.95,None,
TXN-C1-20250820-0177,ACC-CTB-003-SB1,CTB-RTL-003,2025-08-20,2025-08-20,2025-08-20T19:11:37,DR,1485.27,202521.63,ATM,,ATM DR ATM cash withdrawal,CP-C1-ATM,ATM cash withdrawal,Supplier,Cash,ATM withdrawal,N,,,Y,N,N,NA,,CBS_SYNTH,0.93,None,
TXN-C1-20250821-0178,ACC-CTB-003-SB1,CTB-RTL-003,2025-08-21,2025-08-21,2025-08-21T16:27:59,DR,378.21,202143.42,Card,,Card DR Zomato,CP-C1-FOOD,Zomato,Supplier,Card spend,Retail purchase,N,,,N,N,N,NA,,CBS_SYNTH,0.93,None,
TXN-C1-20250822-0179,ACC-CTB-003-SB1,CTB-RTL-003,2025-08-22,2025-08-22,2025-08-22T14:44:35,DR,2679.05,199464.37,Card,,Card DR Indian Oil Fuel,CP-C1-FUEL,Indian Oil Fuel,Supplier,Card spend,Retail purchase,N,,,N,N,N,NA,,CBS_SYNTH,0.89,None,
TXN-C1-20250823-0180,ACC-CTB-003-SB1,CTB-RTL-003,2025-08-23,2025-08-23,2025-08-23T18:59:35,DR,638.24,198826.13,Card,,Card DR Zomato,CP-C1-FOOD,Zomato,Supplier,Card spend,Retail purchase,N,,,N,N,N,NA,,CBS_SYNTH,0.95,None,
TXN-C1-20250824-0181,ACC-CTB-003-SB1,CTB-RTL-003,2025-08-24,2025-08-24,2025-08-24T14:11:45,DR,4800.55,194025.58,Card,,Card DR Reliance Trends,CP-C1-SHOP,Reliance Trends,Supplier,Card spend,Retail purchase,N,,,N,N,N,NA,,CBS_SYNTH,0.97,None,
TXN-C1-20250825-0182,ACC-CTB-003-SB1,CTB-RTL-003,2025-08-25,2025-08-25,2025-08-25T14:14:11,DR,3746.15,190279.43,Card,,Card DR GlobalMart Online,CP-C1-GM,GlobalMart Online,Supplier,Card spend,Retail purchase,N,,,N,N,N,NA,,CBS_SYNTH,0.9,None,
TXN-C1-20250826-0183,ACC-CTB-003-SB1,CTB-RTL-003,2025-08-26,2025-08-26,2025-08-26T18:36:22,DR,3079.94,187199.49,Card,,Card DR Reliance Trends,CP-C1-SHOP,Reliance Trends,Supplier,Card spend,Retail purchase,N,,,N,N,N,NA,,CBS_SYNTH,0.89,None,
TXN-C1-20250827-0184,ACC-CTB-003-SB1,CTB-RTL-003,2025-08-27,2025-08-27,2025-08-27T17:17:33,DR,1817.92,185381.57,Card,,Card DR Indian Oil Fuel,CP-C1-FUEL,Indian Oil Fuel,Supplier,Card spend,Retail purchase,N,,,N,N,N,NA,,CBS_SYNTH,0.97,None,
TXN-C1-20250828-0185,ACC-CTB-003-SB1,CTB-RTL-003,2025-08-28,2025-08-28,2025-08-28T15:19:26,DR,3646.04,181735.53,Card,,Card DR Reliance Trends,CP-C1-SHOP,Reliance Trends,Supplier,Card spend,Retail purchase,N,,,N,N,N,NA,,CBS_SYNTH,0.9,None,
TXN-C1-20250829-0186,ACC-CTB-003-SB1,CTB-RTL-003,2025-08-29,2025-08-29,2025-08-29T13:38:14,DR,1695.38,180040.15,Card,,Card DR Zomato,CP-C1-FOOD,Zomato,Supplier,Card spend,Retail purchase,N,,,N,N,N,NA,,CBS_SYNTH,0.94,None,
TXN-C1-20250830-0187,ACC-CTB-003-SB1,CTB-RTL-003,2025-08-30,2025-08-30,2025-08-30T12:14:25,DR,342.22,179697.93,Card,,Card DR Zomato,CP-C1-FOOD,Zomato,Supplier,Card spend,Retail purchase,N,,,N,N,N,NA,,CBS_SYNTH,0.94,None,
TXN-C1-20250901-0188,ACC-CTB-003-SB1,CTB-RTL-003,2025-09-01,2025-09-01,2025-09-01T13:48:30,DR,2081.08,177616.85,Card,,Card DR GlobalMart Online,CP-C1-GM,GlobalMart Online,Supplier,Card spend,Retail purchase,N,,,N,N,N,NA,,CBS_SYNTH,0.91,None,
TXN-C1-20250901-0189,ACC-CTB-003-SB1,CTB-RTL-003,2025-09-01,2025-09-01,2025-09-01T18:31:14,DR,662.76,176954.09,Card,,Card DR Indian Oil Fuel,CP-C1-FUEL,Indian Oil Fuel,Supplier,Card spend,Retail purchase,N,,,N,N,N,NA,,CBS_SYNTH,0.95,None,
TXN-C1-20250902-0190,ACC-CTB-003-SB1,CTB-RTL-003,2025-09-02,2025-09-02,2025-09-02T10:37:39,CR,60158.88,237112.97,NEFT,,NEFT CR Monthly salary credit,CP-C1-INC,Monthly salary credit,Buyer,Income,Salary credit,N,,,N,N,N,NA,,CBS_SYNTH,0.91,None,
TXN-C1-20250902-0191,ACC-CTB-003-SB1,CTB-RTL-003,2025-09-02,2025-09-02,2025-09-02T14:31:53,DR,3918.69,233194.28,Card,,Card DR GlobalMart Online,CP-C1-GM,GlobalMart Online,Supplier,Card spend,Retail purchase,N,,,N,N,N,NA,,CBS_SYNTH,0.93,None,
TXN-C1-20250902-0192,ACC-CTB-003-SB1,CTB-RTL-003,2025-09-02,2025-09-02,2025-09-02T18:32:06,DR,1150.99,232043.29,Card,,Card DR Zomato,CP-C1-FOOD,Zomato,Supplier,Card spend,Retail purchase,N,,,N,N,N,NA,,CBS_SYNTH,0.98,None,
TXN-C1-20250903-0193,ACC-CTB-003-SB1,CTB-RTL-003,2025-09-03,2025-09-03,2025-09-03T13:23:06,DR,677.59,231365.7,Card,,Card DR Zomato,CP-C1-FOOD,Zomato,Supplier,Card spend,Retail purchase,N,,,N,N,N,NA,,CBS_SYNTH,0.95,None,
TXN-C1-20250903-0194,ACC-CTB-003-SB1,CTB-RTL-003,2025-09-03,2025-09-03,2025-09-03T18:05:15,DR,2470.57,228895.13,ATM,,ATM DR ATM cash withdrawal,CP-C1-ATM,ATM cash withdrawal,Supplier,Cash,ATM withdrawal,N,,,Y,N,N,NA,,CBS_SYNTH,0.98,None,
TXN-C1-20250904-0195,ACC-CTB-003-SB1,CTB-RTL-003,2025-09-04,2025-09-04,2025-09-04T12:25:57,DR,6038.3,222856.83,Card,,Card DR Reliance Trends,CP-C1-SHOP,Reliance Trends,Supplier,Card spend,Retail purchase,N,,,N,N,N,NA,,CBS_SYNTH,0.98,None,
TXN-C1-20250904-0196,ACC-CTB-003-SB1,CTB-RTL-003,2025-09-04,2025-09-04,2025-09-04T19:34:01,DR,671.84,222184.99,Card,,Card DR Zomato,CP-C1-FOOD,Zomato,Supplier,Card spend,Retail purchase,N,,,N,N,N,NA,,CBS_SYNTH,0.89,None,
TXN-C1-20250905-0197,ACC-CTB-003-SB1,CTB-RTL-003,2025-09-05,2025-09-05,2025-09-05T10:41:32,DR,2260.39,219924.6,Card,,Card DR Indian Oil Fuel,CP-C1-FUEL,Indian Oil Fuel,Supplier,Card spend,Retail purchase,N,,,N,N,N,NA,,CBS_SYNTH,0.92,None,
TXN-C1-20250905-0198,ACC-CTB-003-SB1,CTB-RTL-003,2025-09-05,2025-09-05,2025-09-05T19:47:16,DR,1742.0,218182.6,Card,,Card DR MSEDCL / Utilities,CP-C1-UTIL,MSEDCL / Utilities,Supplier,Card spend,Retail purchase,N,,,N,N,N,NA,,CBS_SYNTH,0.97,None,
TXN-C1-20250906-0199,ACC-CTB-003-SB1,CTB-RTL-003,2025-09-06,2025-09-06,2025-09-06T15:12:38,DR,1975.52,216207.08,Card,,Card DR Indian Oil Fuel,CP-C1-FUEL,Indian Oil Fuel,Supplier,Card spend,Retail purchase,N,,,N,N,N,NA,,CBS_SYNTH,0.94,None,
TXN-C1-20250907-0200,ACC-CTB-003-SB1,CTB-RTL-003,2025-09-07,2025-09-07,2025-09-07T13:58:43,DR,18900.0,197307.08,AutoDebit,,AutoDebit DR Contoso Bank (Loan EMI),CP-C1-BANK,Contoso Bank (Loan EMI),Bank,EMI,Loan EMI,N,,,N,N,N,NA,FAC-C1-PL-001,CBS_SYNTH,0.97,None,
TXN-C1-20250907-0201,ACC-CTB-003-SB1,CTB-RTL-003,2025-09-07,2025-09-07,2025-09-07T18:09:40,DR,7045.53,190261.55,Card,,Card DR Reliance Trends,CP-C1-SHOP,Reliance Trends,Supplier,Card spend,Retail purchase,N,,,N,N,N,NA,,CBS_SYNTH,0.93,None,
TXN-C1-20250908-0202,ACC-CTB-003-SB1,CTB-RTL-003,2025-09-08,2025-09-08,2025-09-08T19:20:01,DR,3099.4,187162.15,ATM,,ATM DR ATM cash withdrawal,CP-C1-ATM,ATM cash withdrawal,Supplier,Cash,ATM withdrawal,N,,,Y,N,N,NA,,CBS_SYNTH,0.96,None,
TXN-C1-20250909-0203,ACC-CTB-003-SB1,CTB-RTL-003,2025-09-09,2025-09-09,2025-09-09T12:41:20,DR,4155.28,183006.87,Card,,Card DR GlobalMart Online,CP-C1-GM,GlobalMart Online,Supplier,Card spend,Retail purchase,N,,,N,N,N,NA,,CBS_SYNTH,0.96,None,
TXN-C1-20250910-0204,ACC-CTB-003-SB1,CTB-RTL-003,2025-09-10,2025-09-10,2025-09-10T17:42:13,DR,2553.19,180453.68,Card,,Card DR Indian Oil Fuel,CP-C1-FUEL,Indian Oil Fuel,Supplier,Card spend,Retail purchase,N,,,N,N,N,NA,,CBS_SYNTH,0.91,None,
TXN-C1-20250911-0205,ACC-CTB-003-SB1,CTB-RTL-003,2025-09-11,2025-09-11,2025-09-11T15:32:34,DR,4732.51,175721.17,Card,,Card DR GlobalMart Online,CP-C1-GM,GlobalMart Online,Supplier,Card spend,Retail purchase,N,,,N,N,N,NA,,CBS_SYNTH,0.96,None,
TXN-C1-20250912-0206,ACC-CTB-003-SB1,CTB-RTL-003,2025-09-12,2025-09-12,2025-09-12T11:12:45,DR,7410.91,168310.26,Card,,Card DR Reliance Trends,CP-C1-SHOP,Reliance Trends,Supplier,Card spend,Retail purchase,N,,,N,N,N,NA,,CBS_SYNTH,0.95,None,
TXN-C1-20250913-0207,ACC-CTB-003-SB1,CTB-RTL-003,2025-09-13,2025-09-13,2025-09-13T14:57:33,DR,607.79,167702.47,Card,,Card DR MSEDCL / Utilities,CP-C1-UTIL,MSEDCL / Utilities,Supplier,Card spend,Retail purchase,N,,,N,N,N,NA,,CBS_SYNTH,0.95,None,
TXN-C1-20250914-0208,ACC-CTB-003-SB1,CTB-RTL-003,2025-09-14,2025-09-14,2025-09-14T14:24:55,DR,822.94,166879.53,Card,,Card DR Zomato,CP-C1-FOOD,Zomato,Supplier,Card spend,Retail purchase,N,,,N,N,N,NA,,CBS_SYNTH,0.97,None,
TXN-C1-20250915-0209,ACC-CTB-003-SB1,CTB-RTL-003,2025-09-15,2025-09-15,2025-09-15T19:23:51,DR,1651.19,165228.34,Card,,Card DR GlobalMart Online,CP-C1-GM,GlobalMart Online,Supplier,Card spend,Retail purchase,N,,,N,N,N,NA,,CBS_SYNTH,0.89,None,
TXN-C1-20250916-0210,ACC-CTB-003-SB1,CTB-RTL-003,2025-09-16,2025-09-16,2025-09-16T11:31:09,DR,2389.64,162838.7,Card,,Card DR Indian Oil Fuel,CP-C1-FUEL,Indian Oil Fuel,Supplier,Card spend,Retail purchase,N,,,N,N,N,NA,,CBS_SYNTH,0.98,None,
TXN-C1-20250916-0211,ACC-CTB-003-SB1,CTB-RTL-003,2025-09-16,2025-09-16,2025-09-16T19:52:23,DR,1514.04,161324.66,Card,,Card DR Zomato,CP-C1-FOOD,Zomato,Supplier,Card spend,Retail purchase,N,,,N,N,N,NA,,CBS_SYNTH,0.96,None,
TXN-C1-20250917-0212,ACC-CTB-003-SB1,CTB-RTL-003,2025-09-17,2025-09-17,2025-09-17T11:00:20,CR,70694.99,232019.65,NEFT,,NEFT CR Monthly salary credit,CP-C1-INC,Monthly salary credit,Buyer,Income,Salary credit,N,,,N,N,N,NA,,CBS_SYNTH,0.9,None,
TXN-C1-20250917-0213,ACC-CTB-003-SB1,CTB-RTL-003,2025-09-17,2025-09-17,2025-09-17T15:09:35,DR,4399.15,227620.5,ATM,,ATM DR ATM cash withdrawal,CP-C1-ATM,ATM cash withdrawal,Supplier,Cash,ATM withdrawal,N,,,Y,N,N,NA,,CBS_SYNTH,0.9,None,
TXN-C1-20250917-0214,ACC-CTB-003-SB1,CTB-RTL-003,2025-09-17,2025-09-17,2025-09-17T19:34:34,DR,2149.0,225471.5,Card,,Card DR Indian Oil Fuel,CP-C1-FUEL,Indian Oil Fuel,Supplier,Card spend,Retail purchase,N,,,N,N,N,NA,,CBS_SYNTH,0.97,None,
TXN-C1-20250918-0215,ACC-CTB-003-SB1,CTB-RTL-003,2025-09-18,2025-09-18,2025-09-18T13:58:03,DR,1973.14,223498.36,Card,,Card DR MSEDCL / Utilities,CP-C1-UTIL,MSEDCL / Utilities,Supplier,Card spend,Retail purchase,N,,,N,N,N,NA,,CBS_SYNTH,0.94,None,
TXN-C1-20250918-0216,ACC-CTB-003-SB1,CTB-RTL-003,2025-09-18,2025-09-18,2025-09-18T19:25:14,DR,1161.85,222336.51,Card,,Card DR Zomato,CP-C1-FOOD,Zomato,Supplier,Card spend,Retail purchase,N,,,N,N,N,NA,,CBS_SYNTH,0.98,None,
TXN-C1-20250919-0217,ACC-CTB-003-SB1,CTB-RTL-003,2025-09-19,2025-09-19,2025-09-19T14:10:19,DR,2241.99,220094.52,ATM,,ATM DR ATM cash withdrawal,CP-C1-ATM,ATM cash withdrawal,Supplier,Cash,ATM withdrawal,N,,,Y,N,N,NA,,CBS_SYNTH,0.9,None,
TXN-C1-20250919-0218,ACC-CTB-003-SB1,CTB-RTL-003,2025-09-19,2025-09-19,2025-09-19T16:41:21,DR,1809.43,218285.09,ATM,,ATM DR ATM cash withdrawal,CP-C1-ATM,ATM cash withdrawal,Supplier,Cash,ATM withdrawal,N,,,Y,N,N,NA,,CBS_SYNTH,0.9,None,
TXN-C1-20250920-0219,ACC-CTB-003-SB1,CTB-RTL-003,2025-09-20,2025-09-20,2025-09-20T11:48:13,DR,2229.84,216055.25,Card,,Card DR Indian Oil Fuel,CP-C1-FUEL,Indian Oil Fuel,Supplier,Card spend,Retail purchase,N,,,N,N,N,NA,,CBS_SYNTH,0.98,None,
TXN-C1-20250921-0220,ACC-CTB-003-SB1,CTB-RTL-003,2025-09-21,2025-09-21,2025-09-21T19:17:38,DR,922.2,215133.05,Card,,Card DR Zomato,CP-C1-FOOD,Zomato,Supplier,Card spend,Retail purchase,N,,,N,N,N,NA,,CBS_SYNTH,0.92,None,
TXN-C1-20250922-0221,ACC-CTB-003-SB1,CTB-RTL-003,2025-09-22,2025-09-22,2025-09-22T17:32:42,DR,1268.39,213864.66,Card,,Card DR Indian Oil Fuel,CP-C1-FUEL,Indian Oil Fuel,Supplier,Card spend,Retail purchase,N,,,N,N,N,NA,,CBS_SYNTH,0.89,None,
TXN-C1-20250923-0222,ACC-CTB-003-SB1,CTB-RTL-003,2025-09-23,2025-09-23,2025-09-23T16:13:02,DR,457.83,213406.83,Card,,Card DR Zomato,CP-C1-FOOD,Zomato,Supplier,Card spend,Retail purchase,N,,,N,N,N,NA,,CBS_SYNTH,0.89,None,
TXN-C1-20250924-0223,ACC-CTB-003-SB1,CTB-RTL-003,2025-09-24,2025-09-24,2025-09-24T17:50:12,DR,524.72,212882.11,Card,,Card DR MSEDCL / Utilities,CP-C1-UTIL,MSEDCL / Utilities,Supplier,Card spend,Retail purchase,N,,,N,N,N,NA,,CBS_SYNTH,0.96,None,
TXN-C1-20250925-0224,ACC-CTB-003-SB1,CTB-RTL-003,2025-09-25,2025-09-25,2025-09-25T15:55:54,DR,2082.83,210799.28,Card,,Card DR MSEDCL / Utilities,CP-C1-UTIL,MSEDCL / Utilities,Supplier,Card spend,Retail purchase,N,,,N,N,N,NA,,CBS_SYNTH,0.92,None,
TXN-C1-20250926-0225,ACC-CTB-003-SB1,CTB-RTL-003,2025-09-26,2025-09-26,2025-09-26T15:10:07,DR,1245.18,209554.1,Card,,Card DR Indian Oil Fuel,CP-C1-FUEL,Indian Oil Fuel,Supplier,Card spend,Retail purchase,N,,,N,N,N,NA,,CBS_SYNTH,0.91,None,
TXN-C1-20250927-0226,ACC-CTB-003-SB1,CTB-RTL-003,2025-09-27,2025-09-27,2025-09-27T17:24:59,DR,881.59,208672.51,Card,,Card DR MSEDCL / Utilities,CP-C1-UTIL,MSEDCL / Utilities,Supplier,Card spend,Retail purchase,N,,,N,N,N,NA,,CBS_SYNTH,0.97,None,
TXN-C1-20250928-0227,ACC-CTB-003-SB1,CTB-RTL-003,2025-09-28,2025-09-28,2025-09-28T15:06:28,DR,351.23,208321.28,Card,,Card DR Zomato,CP-C1-FOOD,Zomato,Supplier,Card spend,Retail purchase,N,,,N,N,N,NA,,CBS_SYNTH,0.92,None,
TXN-C1-20250929-0228,ACC-CTB-003-SB1,CTB-RTL-003,2025-09-29,2025-09-29,2025-09-29T19:06:57,DR,2339.08,205982.2,ATM,,ATM DR ATM cash withdrawal,CP-C1-ATM,ATM cash withdrawal,Supplier,Cash,ATM withdrawal,N,,,Y,N,N,NA,,CBS_SYNTH,0.93,None,
TXN-C1-20250930-0229,ACC-CTB-003-SB1,CTB-RTL-003,2025-09-30,2025-09-30,2025-09-30T11:52:12,CR,1656.57,207638.77,Internal,,Internal CR Contoso Bank,CP-C1-BANK,Contoso Bank,Bank,Income,Savings interest,N,,,N,N,N,NA,,CBS_SYNTH,0.93,None,
TXN-C1-20250930-0230,ACC-CTB-003-SB1,CTB-RTL-003,2025-09-30,2025-09-30,2025-09-30T17:07:21,DR,4673.05,202965.72,Card,,Card DR GlobalMart Online,CP-C1-GM,GlobalMart Online,Supplier,Card spend,Retail purchase,N,,,N,N,N,NA,,CBS_SYNTH,0.98,None,
TXN-C1-20251001-0231,ACC-CTB-003-SB1,CTB-RTL-003,2025-10-01,2025-10-01,2025-10-01T10:06:58,CR,71924.51,274890.23,NEFT,,NEFT CR Monthly salary credit,CP-C1-INC,Monthly salary credit,Buyer,Income,Salary credit,N,,,N,N,N,NA,,CBS_SYNTH,0.95,None,
TXN-C1-20251001-0232,ACC-CTB-003-SB1,CTB-RTL-003,2025-10-01,2025-10-01,2025-10-01T13:13:19,DR,2361.96,272528.27,ATM,,ATM DR ATM cash withdrawal,CP-C1-ATM,ATM cash withdrawal,Supplier,Cash,ATM withdrawal,N,,,Y,N,N,NA,,CBS_SYNTH,0.91,None,
TXN-C1-20251001-0233,ACC-CTB-003-SB1,CTB-RTL-003,2025-10-01,2025-10-01,2025-10-01T17:20:28,DR,5679.67,266848.6,Card,,Card DR GlobalMart Online,CP-C1-GM,GlobalMart Online,Supplier,Card spend,Retail purchase,N,,,N,N,N,NA,,CBS_SYNTH,0.91,None,
TXN-C1-20251001-0234,ACC-CTB-003-SB1,CTB-RTL-003,2025-10-01,2025-10-01,2025-10-01T19:23:41,DR,2740.47,264108.13,Card,,Card DR Indian Oil Fuel,CP-C1-FUEL,Indian Oil Fuel,Supplier,Card spend,Retail purchase,N,,,N,N,N,NA,,CBS_SYNTH,0.92,None,
TXN-C1-20251002-0235,ACC-CTB-003-SB1,CTB-RTL-003,2025-10-02,2025-10-02,2025-10-02T11:49:56,DR,5228.25,258879.88,ATM,,ATM DR ATM cash withdrawal,CP-C1-ATM,ATM cash withdrawal,Supplier,Cash,ATM withdrawal,N,,,Y,N,N,NA,,CBS_SYNTH,0.99,None,
TXN-C1-20251002-0236,ACC-CTB-003-SB1,CTB-RTL-003,2025-10-02,2025-10-02,2025-10-02T14:59:32,DR,1645.46,257234.42,Card,,Card DR MSEDCL / Utilities,CP-C1-UTIL,MSEDCL / Utilities,Supplier,Card spend,Retail purchase,N,,,N,N,N,NA,,CBS_SYNTH,0.89,None,
TXN-C1-20251002-0237,ACC-CTB-003-SB1,CTB-RTL-003,2025-10-02,2025-10-02,2025-10-02T20:11:26,DR,4196.87,253037.55,ATM,,ATM DR ATM cash withdrawal,CP-C1-ATM,ATM cash withdrawal,Supplier,Cash,ATM withdrawal,N,,,Y,N,N,NA,,CBS_SYNTH,0.89,None,
TXN-C1-20251003-0238,ACC-CTB-003-SB1,CTB-RTL-003,2025-10-03,2025-10-03,2025-10-03T11:14:10,DR,6151.53,246886.02,Card,,Card DR GlobalMart Online,CP-C1-GM,GlobalMart Online,Supplier,Card spend,Retail purchase,N,,,N,N,N,NA,,CBS_SYNTH,0.96,None,
TXN-C1-20251003-0239,ACC-CTB-003-SB1,CTB-RTL-003,2025-10-03,2025-10-03,2025-10-03T15:32:08,DR,770.15,246115.87,Card,,Card DR Zomato,CP-C1-FOOD,Zomato,Supplier,Card spend,Retail purchase,N,,,N,N,N,NA,,CBS_SYNTH,0.95,None,
TXN-C1-20251003-0240,ACC-CTB-003-SB1,CTB-RTL-003,2025-10-03,2025-10-03,2025-10-03T20:28:06,DR,575.45,245540.42,Card,,Card DR Zomato,CP-C1-FOOD,Zomato,Supplier,Card spend,Retail purchase,N,,,N,N,N,NA,,CBS_SYNTH,0.99,None,
TXN-C1-20251004-0241,ACC-CTB-003-SB1,CTB-RTL-003,2025-10-04,2025-10-04,2025-10-04T13:54:19,DR,3296.95,242243.47,Card,,Card DR GlobalMart Online,CP-C1-GM,GlobalMart Online,Supplier,Card spend,Retail purchase,N,,,N,N,N,NA,,CBS_SYNTH,0.92,None,
TXN-C1-20251004-0242,ACC-CTB-003-SB1,CTB-RTL-003,2025-10-04,2025-10-04,2025-10-04T17:35:26,DR,1497.52,240745.95,Card,,Card DR MSEDCL / Utilities,CP-C1-UTIL,MSEDCL / Utilities,Supplier,Card spend,Retail purchase,N,,,N,N,N,NA,,CBS_SYNTH,0.96,None,
TXN-C1-20251005-0243,ACC-CTB-003-SB1,CTB-RTL-003,2025-10-05,2025-10-05,2025-10-05T15:55:40,DR,4892.41,235853.54,Card,,Card DR Reliance Trends,CP-C1-SHOP,Reliance Trends,Supplier,Card spend,Retail purchase,N,,,N,N,N,NA,,CBS_SYNTH,0.92,None,
TXN-C1-20251006-0244,ACC-CTB-003-SB1,CTB-RTL-003,2025-10-06,2025-10-06,2025-10-06T11:25:07,DR,1609.92,234243.62,ATM,,ATM DR ATM cash withdrawal,CP-C1-ATM,ATM cash withdrawal,Supplier,Cash,ATM withdrawal,N,,,Y,N,N,NA,,CBS_SYNTH,0.98,None,
TXN-C1-20251006-0245,ACC-CTB-003-SB1,CTB-RTL-003,2025-10-06,2025-10-06,2025-10-06T18:05:02,DR,618.63,233624.99,Card,,Card DR Zomato,CP-C1-FOOD,Zomato,Supplier,Card spend,Retail purchase,N,,,N,N,N,NA,,CBS_SYNTH,0.91,None,
TXN-C1-20251007-0246,ACC-CTB-003-SB1,CTB-RTL-003,2025-10-07,2025-10-07,2025-10-07T12:11:27,DR,18900.0,214724.99,AutoDebit,,AutoDebit DR Contoso Bank (Loan EMI),CP-C1-BANK,Contoso Bank (Loan EMI),Bank,EMI,Loan EMI,N,,,N,N,N,NA,FAC-C1-PL-001,CBS_SYNTH,0.97,None,
TXN-C1-20251007-0247,ACC-CTB-003-SB1,CTB-RTL-003,2025-10-07,2025-10-07,2025-10-07T16:34:19,DR,5824.41,208900.58,Card,,Card DR Reliance Trends,CP-C1-SHOP,Reliance Trends,Supplier,Card spend,Retail purchase,N,,,N,N,N,NA,,CBS_SYNTH,0.99,None,
TXN-C1-20251007-0248,ACC-CTB-003-SB1,CTB-RTL-003,2025-10-07,2025-10-07,2025-10-07T18:43:42,DR,492.79,208407.79,Card,,Card DR Indian Oil Fuel,CP-C1-FUEL,Indian Oil Fuel,Supplier,Card spend,Retail purchase,N,,,N,N,N,NA,,CBS_SYNTH,0.93,None,
TXN-C1-20251008-0249,ACC-CTB-003-SB1,CTB-RTL-003,2025-10-08,2025-10-08,2025-10-08T10:22:46,DR,5148.39,203259.4,Card,,Card DR Reliance Trends,CP-C1-SHOP,Reliance Trends,Supplier,Card spend,Retail purchase,N,,,N,N,N,NA,,CBS_SYNTH,0.89,None,
TXN-C1-20251008-0250,ACC-CTB-003-SB1,CTB-RTL-003,2025-10-08,2025-10-08,2025-10-08T17:48:02,DR,1010.54,202248.86,ATM,,ATM DR ATM cash withdrawal,CP-C1-ATM,ATM cash withdrawal,Supplier,Cash,ATM withdrawal,N,,,Y,N,N,NA,,CBS_SYNTH,0.91,None,
TXN-C1-20251009-0251,ACC-CTB-003-SB1,CTB-RTL-003,2025-10-09,2025-10-09,2025-10-09T13:57:40,DR,918.9,201329.96,Card,,Card DR MSEDCL / Utilities,CP-C1-UTIL,MSEDCL / Utilities,Supplier,Card spend,Retail purchase,N,,,N,N,N,NA,,CBS_SYNTH,0.92,None,
TXN-C1-20251009-0252,ACC-CTB-003-SB1,CTB-RTL-003,2025-10-09,2025-10-09,2025-10-09T17:35:29,DR,5127.01,196202.95,Card,,Card DR Reliance Trends,CP-C1-SHOP,Reliance Trends,Supplier,Card spend,Retail purchase,N,,,N,N,N,NA,,CBS_SYNTH,0.94,None,
TXN-C1-20251010-0253,ACC-CTB-003-SB1,CTB-RTL-003,2025-10-10,2025-10-10,2025-10-10T14:00:34,DR,3418.07,192784.88,Card,,Card DR Reliance Trends,CP-C1-SHOP,Reliance Trends,Supplier,Card spend,Retail purchase,N,,,N,N,N,NA,,CBS_SYNTH,0.93,None,
TXN-C1-20251010-0254,ACC-CTB-003-SB1,CTB-RTL-003,2025-10-10,2025-10-10,2025-10-10T17:53:25,DR,1488.98,191295.9,Card,,Card DR MSEDCL / Utilities,CP-C1-UTIL,MSEDCL / Utilities,Supplier,Card spend,Retail purchase,N,,,N,N,N,NA,,CBS_SYNTH,0.98,None,
TXN-C1-20251011-0255,ACC-CTB-003-SB1,CTB-RTL-003,2025-10-11,2025-10-11,2025-10-11T13:25:59,DR,2623.16,188672.74,Card,,Card DR Reliance Trends,CP-C1-SHOP,Reliance Trends,Supplier,Card spend,Retail purchase,N,,,N,N,N,NA,,CBS_SYNTH,0.94,None,
TXN-C1-20251011-0256,ACC-CTB-003-SB1,CTB-RTL-003,2025-10-11,2025-10-11,2025-10-11T19:14:23,DR,1604.32,187068.42,Card,,Card DR Indian Oil Fuel,CP-C1-FUEL,Indian Oil Fuel,Supplier,Card spend,Retail purchase,N,,,N,N,N,NA,,CBS_SYNTH,0.89,None,
TXN-C1-20251012-0257,ACC-CTB-003-SB1,CTB-RTL-003,2025-10-12,2025-10-12,2025-10-12T19:20:12,DR,5745.22,181323.2,Card,,Card DR GlobalMart Online,CP-C1-GM,GlobalMart Online,Supplier,Card spend,Retail purchase,N,,,N,N,N,NA,,CBS_SYNTH,0.98,None,
TXN-C1-20251013-0258,ACC-CTB-003-SB1,CTB-RTL-003,2025-10-13,2025-10-13,2025-10-13T12:53:55,DR,208.14,181115.06,Card,,Card DR Zomato,CP-C1-FOOD,Zomato,Supplier,Card spend,Retail purchase,N,,,N,N,N,NA,,CBS_SYNTH,0.98,None,
TXN-C1-20251013-0259,ACC-CTB-003-SB1,CTB-RTL-003,2025-10-13,2025-10-13,2025-10-13T18:50:32,DR,567.93,180547.13,Card,,Card DR Zomato,CP-C1-FOOD,Zomato,Supplier,Card spend,Retail purchase,N,,,N,N,N,NA,,CBS_SYNTH,0.97,None,
TXN-C1-20251014-0260,ACC-CTB-003-SB1,CTB-RTL-003,2025-10-14,2025-10-14,2025-10-14T12:24:36,DR,863.79,179683.34,Card,,Card DR Zomato,CP-C1-FOOD,Zomato,Supplier,Card spend,Retail purchase,N,,,N,N,N,NA,,CBS_SYNTH,0.93,None,
TXN-C1-20251014-0261,ACC-CTB-003-SB1,CTB-RTL-003,2025-10-14,2025-10-14,2025-10-14T19:31:53,DR,6944.48,172738.86,Card,,Card DR Reliance Trends,CP-C1-SHOP,Reliance Trends,Supplier,Card spend,Retail purchase,N,,,N,N,N,NA,,CBS_SYNTH,0.96,None,
TXN-C1-20251015-0262,ACC-CTB-003-SB1,CTB-RTL-003,2025-10-15,2025-10-15,2025-10-15T10:26:10,DR,2330.8,170408.06,Card,,Card DR Reliance Trends,CP-C1-SHOP,Reliance Trends,Supplier,Card spend,Retail purchase,N,,,N,N,N,NA,,CBS_SYNTH,0.9,None,
TXN-C1-20251015-0263,ACC-CTB-003-SB1,CTB-RTL-003,2025-10-15,2025-10-15,2025-10-15T17:34:07,DR,5554.09,164853.97,Card,,Card DR GlobalMart Online,CP-C1-GM,GlobalMart Online,Supplier,Card spend,Retail purchase,N,,,N,N,N,NA,,CBS_SYNTH,0.94,None,
TXN-C1-20251016-0264,ACC-CTB-003-SB1,CTB-RTL-003,2025-10-16,2025-10-16,2025-10-16T10:35:59,CR,71461.77,236315.74,NEFT,,NEFT CR Monthly salary credit,CP-C1-INC,Monthly salary credit,Buyer,Income,Salary credit,N,,,N,N,N,NA,,CBS_SYNTH,0.93,None,
TXN-C1-20251016-0265,ACC-CTB-003-SB1,CTB-RTL-003,2025-10-16,2025-10-16,2025-10-16T14:04:55,DR,2148.43,234167.31,Card,,Card DR GlobalMart Online,CP-C1-GM,GlobalMart Online,Supplier,Card spend,Retail purchase,N,,,N,N,N,NA,,CBS_SYNTH,0.88,None,
TXN-C1-20251016-0266,ACC-CTB-003-SB1,CTB-RTL-003,2025-10-16,2025-10-16,2025-10-16T16:23:46,DR,982.11,233185.2,Card,,Card DR Indian Oil Fuel,CP-C1-FUEL,Indian Oil Fuel,Supplier,Card spend,Retail purchase,N,,,N,N,N,NA,,CBS_SYNTH,0.97,None,
TXN-C1-20251016-0267,ACC-CTB-003-SB1,CTB-RTL-003,2025-10-16,2025-10-16,2025-10-16T19:15:07,DR,922.3,232262.9,Card,,Card DR Zomato,CP-C1-FOOD,Zomato,Supplier,Card spend,Retail purchase,N,,,N,N,N,NA,,CBS_SYNTH,0.88,None,
TXN-C1-20251017-0268,ACC-CTB-003-SB1,CTB-RTL-003,2025-10-17,2025-10-17,2025-10-17T10:24:07,DR,2508.49,229754.41,Card,,Card DR Indian Oil Fuel,CP-C1-FUEL,Indian Oil Fuel,Supplier,Card spend,Retail purchase,N,,,N,N,N,NA,,CBS_SYNTH,0.91,None,
TXN-C1-20251017-0269,ACC-CTB-003-SB1,CTB-RTL-003,2025-10-17,2025-10-17,2025-10-17T14:12:13,DR,990.98,228763.43,Card,,Card DR Reliance Trends,CP-C1-SHOP,Reliance Trends,Supplier,Card spend,Retail purchase,N,,,N,N,N,NA,,CBS_SYNTH,0.98,None,
TXN-C1-20251017-0270,ACC-CTB-003-SB1,CTB-RTL-003,2025-10-17,2025-10-17,2025-10-17T20:13:40,DR,3566.78,225196.65,Card,,Card DR Reliance Trends,CP-C1-SHOP,Reliance Trends,Supplier,Card spend,Retail purchase,N,,,N,N,N,NA,,CBS_SYNTH,0.99,None,
TXN-C1-20251018-0271,ACC-CTB-003-SB1,CTB-RTL-003,2025-10-18,2025-10-18,2025-10-18T11:19:09,DR,1584.27,223612.38,Card,,Card DR Indian Oil Fuel,CP-C1-FUEL,Indian Oil Fuel,Supplier,Card spend,Retail purchase,N,,,N,N,N,NA,,CBS_SYNTH,0.91,None,
TXN-C1-20251018-0272,ACC-CTB-003-SB1,CTB-RTL-003,2025-10-18,2025-10-18,2025-10-18T20:13:14,DR,454.38,223158.0,Card,,Card DR Zomato,CP-C1-FOOD,Zomato,Supplier,Card spend,Retail purchase,N,,,N,N,N,NA,,CBS_SYNTH,0.93,None,
TXN-C1-20251019-0273,ACC-CTB-003-SB1,CTB-RTL-003,2025-10-19,2025-10-19,2025-10-19T15:08:44,DR,1126.23,222031.77,Card,,Card DR Zomato,CP-C1-FOOD,Zomato,Supplier,Card spend,Retail purchase,N,,,N,N,N,NA,,CBS_SYNTH,0.94,None,
TXN-C1-20251020-0274,ACC-CTB-003-SB1,CTB-RTL-003,2025-10-20,2025-10-20,2025-10-20T11:33:26,DR,970.6,221061.17,Card,,Card DR Indian Oil Fuel,CP-C1-FUEL,Indian Oil Fuel,Supplier,Card spend,Retail purchase,N,,,N,N,N,NA,,CBS_SYNTH,0.91,None,
TXN-C1-20251020-0275,ACC-CTB-003-SB1,CTB-RTL-003,2025-10-20,2025-10-20,2025-10-20T19:19:23,DR,5903.56,215157.61,Card,,Card DR GlobalMart Online,CP-C1-GM,GlobalMart Online,Supplier,Card spend,Retail purchase,N,,,N,N,N,NA,,CBS_SYNTH,0.98,None,
TXN-C1-20251021-0276,ACC-CTB-003-SB1,CTB-RTL-003,2025-10-21,2025-10-21,2025-10-21T13:37:22,DR,5350.13,209807.48,Card,,Card DR GlobalMart Online,CP-C1-GM,GlobalMart Online,Supplier,Card spend,Retail purchase,N,,,N,N,N,NA,,CBS_SYNTH,0.89,None,
TXN-C1-20251021-0277,ACC-CTB-003-SB1,CTB-RTL-003,2025-10-21,2025-10-21,2025-10-21T17:02:50,DR,1553.75,208253.73,Card,,Card DR GlobalMart Online,CP-C1-GM,GlobalMart Online,Supplier,Card spend,Retail purchase,N,,,N,N,N,NA,,CBS_SYNTH,0.94,None,
TXN-C1-20251022-0278,ACC-CTB-003-SB1,CTB-RTL-003,2025-10-22,2025-10-22,2025-10-22T12:17:50,DR,5869.24,202384.49,Card,,Card DR GlobalMart Online,CP-C1-GM,GlobalMart Online,Supplier,Card spend,Retail purchase,N,,,N,N,N,NA,,CBS_SYNTH,0.96,None,
TXN-C1-20251022-0279,ACC-CTB-003-SB1,CTB-RTL-003,2025-10-22,2025-10-22,2025-10-22T19:34:10,DR,2520.43,199864.06,Card,,Card DR MSEDCL / Utilities,CP-C1-UTIL,MSEDCL / Utilities,Supplier,Card spend,Retail purchase,N,,,N,N,N,NA,,CBS_SYNTH,0.98,None,
TXN-C1-20251023-0280,ACC-CTB-003-SB1,CTB-RTL-003,2025-10-23,2025-10-23,2025-10-23T13:32:22,DR,357.3,199506.76,Card,,Card DR Zomato,CP-C1-FOOD,Zomato,Supplier,Card spend,Retail purchase,N,,,N,N,N,NA,,CBS_SYNTH,0.89,None,
TXN-C1-20251023-0281,ACC-CTB-003-SB1,CTB-RTL-003,2025-10-23,2025-10-23,2025-10-23T19:32:00,DR,295.81,199210.95,Card,,Card DR Zomato,CP-C1-FOOD,Zomato,Supplier,Card spend,Retail purchase,N,,,N,N,N,NA,,CBS_SYNTH,0.93,None,
TXN-C1-20251024-0282,ACC-CTB-003-SB1,CTB-RTL-003,2025-10-24,2025-10-24,2025-10-24T12:05:27,DR,1476.91,197734.04,ATM,,ATM DR ATM cash withdrawal,CP-C1-ATM,ATM cash withdrawal,Supplier,Cash,ATM withdrawal,N,,,Y,N,N,NA,,CBS_SYNTH,0.98,None,
TXN-C1-20251024-0283,ACC-CTB-003-SB1,CTB-RTL-003,2025-10-24,2025-10-24,2025-10-24T17:24:40,DR,1368.83,196365.21,Card,,Card DR Zomato,CP-C1-FOOD,Zomato,Supplier,Card spend,Retail purchase,N,,,N,N,N,NA,,CBS_SYNTH,0.96,None,
TXN-C1-20251025-0284,ACC-CTB-003-SB1,CTB-RTL-003,2025-10-25,2025-10-25,2025-10-25T10:47:18,DR,3879.42,192485.79,Card,,Card DR Reliance Trends,CP-C1-SHOP,Reliance Trends,Supplier,Card spend,Retail purchase,N,,,N,N,N,NA,,CBS_SYNTH,0.98,None,
TXN-C1-20251025-0285,ACC-CTB-003-SB1,CTB-RTL-003,2025-10-25,2025-10-25,2025-10-25T17:55:58,DR,1410.03,191075.76,Card,,Card DR Zomato,CP-C1-FOOD,Zomato,Supplier,Card spend,Retail purchase,N,,,N,N,N,NA,,CBS_SYNTH,0.98,None,
TXN-C1-20251026-0286,ACC-CTB-003-SB1,CTB-RTL-003,2025-10-26,2025-10-26,2025-10-26T15:58:56,DR,2305.68,188770.08,Card,,Card DR Indian Oil Fuel,CP-C1-FUEL,Indian Oil Fuel,Supplier,Card spend,Retail purchase,N,,,N,N,N,NA,,CBS_SYNTH,0.89,None,
TXN-C1-20251027-0287,ACC-CTB-003-SB1,CTB-RTL-003,2025-10-27,2025-10-27,2025-10-27T12:17:20,DR,6052.35,182717.73,Card,,Card DR Reliance Trends,CP-C1-SHOP,Reliance Trends,Supplier,Card spend,Retail purchase,N,,,N,N,N,NA,,CBS_SYNTH,0.92,None,
TXN-C1-20251028-0288,ACC-CTB-003-SB1,CTB-RTL-003,2025-10-28,2025-10-28,2025-10-28T11:34:12,DR,1115.69,181602.04,Card,,Card DR MSEDCL / Utilities,CP-C1-UTIL,MSEDCL / Utilities,Supplier,Card spend,Retail purchase,N,,,N,N,N,NA,,CBS_SYNTH,0.89,None,
TXN-C1-20251029-0289,ACC-CTB-003-SB1,CTB-RTL-003,2025-10-29,2025-10-29,2025-10-29T13:13:52,DR,2142.07,179459.97,Card,,Card DR GlobalMart Online,CP-C1-GM,GlobalMart Online,Supplier,Card spend,Retail purchase,N,,,N,N,N,NA,,CBS_SYNTH,0.88,None,
TXN-C1-20251030-0290,ACC-CTB-003-SB1,CTB-RTL-003,2025-10-30,2025-10-30,2025-10-30T12:35:31,DR,3652.48,175807.49,Card,,Card DR GlobalMart Online,CP-C1-GM,GlobalMart Online,Supplier,Card spend,Retail purchase,N,,,N,N,N,NA,,CBS_SYNTH,0.98,None,
TXN-C1-20251031-0291,ACC-CTB-003-SB1,CTB-RTL-003,2025-10-31,2025-10-31,2025-10-31T19:06:35,DR,2227.22,173580.27,Card,,Card DR MSEDCL / Utilities,CP-C1-UTIL,MSEDCL / Utilities,Supplier,Card spend,Retail purchase,N,,,N,N,N,NA,,CBS_SYNTH,0.95,None,
TXN-C1-20251101-0292,ACC-CTB-003-SB1,CTB-RTL-003,2025-11-01,2025-11-01,2025-11-01T11:34:49,CR,74014.77,247595.04,NEFT,,NEFT CR Monthly salary credit,CP-C1-INC,Monthly salary credit,Buyer,Income,Salary credit,N,,,N,N,N,NA,,CBS_SYNTH,0.91,None,
TXN-C1-20251101-0293,ACC-CTB-003-SB1,CTB-RTL-003,2025-11-01,2025-11-01,2025-11-01T15:46:24,DR,844.11,246750.93,Card,,Card DR GlobalMart Online,CP-C1-GM,GlobalMart Online,Supplier,Card spend,Retail purchase,N,,,N,N,N,NA,,CBS_SYNTH,0.96,None,
TXN-C1-20251101-0294,ACC-CTB-003-SB1,CTB-RTL-003,2025-11-01,2025-11-01,2025-11-01T18:28:55,DR,1382.93,245368.0,Card,,Card DR Zomato,CP-C1-FOOD,Zomato,Supplier,Card spend,Retail purchase,N,,,N,N,N,NA,,CBS_SYNTH,0.97,None,
TXN-C1-20251102-0295,ACC-CTB-003-SB1,CTB-RTL-003,2025-11-02,2025-11-02,2025-11-02T11:10:34,DR,875.07,244492.93,Card,,Card DR MSEDCL / Utilities,CP-C1-UTIL,MSEDCL / Utilities,Supplier,Card spend,Retail purchase,N,,,N,N,N,NA,,CBS_SYNTH,0.94,None,
TXN-C1-20251103-0296,ACC-CTB-003-SB1,CTB-RTL-003,2025-11-03,2025-11-03,2025-11-03T11:17:20,DR,2288.71,242204.22,Card,,Card DR Indian Oil Fuel,CP-C1-FUEL,Indian Oil Fuel,Supplier,Card spend,Retail purchase,N,,,N,N,N,NA,,CBS_SYNTH,0.89,None,
TXN-C1-20251103-0297,ACC-CTB-003-SB1,CTB-RTL-003,2025-11-03,2025-11-03,2025-11-03T18:41:39,DR,1690.73,240513.49,Card,,Card DR Zomato,CP-C1-FOOD,Zomato,Supplier,Card spend,Retail purchase,N,,,N,N,N,NA,,CBS_SYNTH,0.97,None,
TXN-C1-20251104-0298,ACC-CTB-003-SB1,CTB-RTL-003,2025-11-04,2025-11-04,2025-11-04T13:18:29,DR,2353.01,238160.48,Card,,Card DR MSEDCL / Utilities,CP-C1-UTIL,MSEDCL / Utilities,Supplier,Card spend,Retail purchase,N,,,N,N,N,NA,,CBS_SYNTH,0.9,None,
TXN-C1-20251104-0299,ACC-CTB-003-SB1,CTB-RTL-003,2025-11-04,2025-11-04,2025-11-04T16:50:20,DR,882.05,237278.43,Card,,Card DR MSEDCL / Utilities,CP-C1-UTIL,MSEDCL / Utilities,Supplier,Card spend,Retail purchase,N,,,N,N,N,NA,,CBS_SYNTH,0.91,None,
TXN-C1-20251105-0300,ACC-CTB-003-SB1,CTB-RTL-003,2025-11-05,2025-11-05,2025-11-05T11:38:23,DR,837.91,236440.52,Card,,Card DR Indian Oil Fuel,CP-C1-FUEL,Indian Oil Fuel,Supplier,Card spend,Retail purchase,N,,,N,N,N,NA,,CBS_SYNTH,0.9,None,
TXN-C1-20251105-0301,ACC-CTB-003-SB1,CTB-RTL-003,2025-11-05,2025-11-05,2025-11-05T18:10:56,DR,938.55,235501.97,Card,,Card DR Indian Oil Fuel,CP-C1-FUEL,Indian Oil Fuel,Supplier,Card spend,Retail purchase,N,,,N,N,N,NA,,CBS_SYNTH,0.94,None,
TXN-C1-20251106-0302,ACC-CTB-003-SB1,CTB-RTL-003,2025-11-06,2025-11-06,2025-11-06T19:23:12,DR,2352.58,233149.39,Card,,Card DR Reliance Trends,CP-C1-SHOP,Reliance Trends,Supplier,Card spend,Retail purchase,N,,,N,N,N,NA,,CBS_SYNTH,0.96,None,
TXN-C1-20251107-0303,ACC-CTB-003-SB1,CTB-RTL-003,2025-11-07,2025-11-07,2025-11-07T10:56:39,DR,1769.46,231379.93,Card,,Card DR Indian Oil Fuel,CP-C1-FUEL,Indian Oil Fuel,Supplier,Card spend,Retail purchase,N,,,N,N,N,NA,,CBS_SYNTH,0.97,None,
TXN-C1-20251107-0304,ACC-CTB-003-SB1,CTB-RTL-003,2025-11-07,2025-11-07,2025-11-07T18:44:09,DR,18900.0,212479.93,AutoDebit,,AutoDebit DR Contoso Bank (Loan EMI),CP-C1-BANK,Contoso Bank (Loan EMI),Bank,EMI,Loan EMI,N,,,N,N,N,NA,FAC-C1-PL-001,CBS_SYNTH,0.97,None,
TXN-C1-20251108-0305,ACC-CTB-003-SB1,CTB-RTL-003,2025-11-08,2025-11-08,2025-11-08T17:18:01,DR,5152.17,207327.76,Card,,Card DR GlobalMart Online,CP-C1-GM,GlobalMart Online,Supplier,Card spend,Retail purchase,N,,,N,N,N,NA,,CBS_SYNTH,0.97,None,
TXN-C1-20251109-0306,ACC-CTB-003-SB1,CTB-RTL-003,2025-11-09,2025-11-09,2025-11-09T12:44:28,DR,1732.05,205595.71,Card,,Card DR MSEDCL / Utilities,CP-C1-UTIL,MSEDCL / Utilities,Supplier,Card spend,Retail purchase,N,,,N,N,N,NA,,CBS_SYNTH,0.9,None,
TXN-C1-20251110-0307,ACC-CTB-003-SB1,CTB-RTL-003,2025-11-10,2025-11-10,2025-11-10T17:43:19,DR,2090.99,203504.72,Card,,Card DR MSEDCL / Utilities,CP-C1-UTIL,MSEDCL / Utilities,Supplier,Card spend,Retail purchase,N,,,N,N,N,NA,,CBS_SYNTH,0.9,None,
TXN-C1-20251111-0308,ACC-CTB-003-SB1,CTB-RTL-003,2025-11-11,2025-11-11,2025-11-11T14:39:22,DR,5029.04,198475.68,Card,,Card DR GlobalMart Online,CP-C1-GM,GlobalMart Online,Supplier,Card spend,Retail purchase,N,,,N,N,N,NA,,CBS_SYNTH,0.96,None,
TXN-C1-20251112-0309,ACC-CTB-003-SB1,CTB-RTL-003,2025-11-12,2025-11-12,2025-11-12T12:29:06,DR,1479.13,196996.55,Card,,Card DR Zomato,CP-C1-FOOD,Zomato,Supplier,Card spend,Retail purchase,N,,,N,N,N,NA,,CBS_SYNTH,0.96,None,
TXN-C1-20251113-0310,ACC-CTB-003-SB1,CTB-RTL-003,2025-11-13,2025-11-13,2025-11-13T17:20:47,DR,2238.28,194758.27,Card,,Card DR Indian Oil Fuel,CP-C1-FUEL,Indian Oil Fuel,Supplier,Card spend,Retail purchase,N,,,N,N,N,NA,,CBS_SYNTH,0.95,None,
TXN-C1-20251114-0311,ACC-CTB-003-SB1,CTB-RTL-003,2025-11-14,2025-11-14,2025-11-14T18:03:47,DR,1544.53,193213.74,Card,,Card DR Zomato,CP-C1-FOOD,Zomato,Supplier,Card spend,Retail purchase,N,,,N,N,N,NA,,CBS_SYNTH,0.91,None,
TXN-C1-20251115-0312,ACC-CTB-003-SB1,CTB-RTL-003,2025-11-15,2025-11-15,2025-11-15T16:38:41,DR,1921.56,191292.18,Card,,Card DR Reliance Trends,CP-C1-SHOP,Reliance Trends,Supplier,Card spend,Retail purchase,N,,,N,N,N,NA,,CBS_SYNTH,0.89,None,
TXN-C1-20251116-0313,ACC-CTB-003-SB1,CTB-RTL-003,2025-11-16,2025-11-16,2025-11-16T14:47:29,DR,1761.68,189530.5,Card,,Card DR Indian Oil Fuel,CP-C1-FUEL,Indian Oil Fuel,Supplier,Card spend,Retail purchase,N,,,N,N,N,NA,,CBS_SYNTH,0.98,None,
TXN-C1-20251117-0314,ACC-CTB-003-SB1,CTB-RTL-003,2025-11-17,2025-11-17,2025-11-17T11:12:40,CR,57909.27,247439.77,NEFT,,NEFT CR Monthly salary credit,CP-C1-INC,Monthly salary credit,Buyer,Income,Salary credit,N,,,N,N,N,NA,,CBS_SYNTH,0.96,None,
TXN-C1-20251117-0315,ACC-CTB-003-SB1,CTB-RTL-003,2025-11-17,2025-11-17,2025-11-17T15:05:00,DR,1389.99,246049.78,Card,,Card DR Zomato,CP-C1-FOOD,Zomato,Supplier,Card spend,Retail purchase,N,,,N,N,N,NA,,CBS_SYNTH,0.92,None,
TXN-C1-20251117-0316,ACC-CTB-003-SB1,CTB-RTL-003,2025-11-17,2025-11-17,2025-11-17T19:43:51,DR,6232.54,239817.24,Card,,Card DR GlobalMart Online,CP-C1-GM,GlobalMart Online,Supplier,Card spend,Retail purchase,N,,,N,N,N,NA,,CBS_SYNTH,0.92,None,
TXN-C1-20251118-0317,ACC-CTB-003-SB1,CTB-RTL-003,2025-11-18,2025-11-18,2025-11-18T13:35:55,DR,1006.64,238810.6,Card,,Card DR Zomato,CP-C1-FOOD,Zomato,Supplier,Card spend,Retail purchase,N,,,N,N,N,NA,,CBS_SYNTH,0.89,None,
TXN-C1-20251118-0318,ACC-CTB-003-SB1,CTB-RTL-003,2025-11-18,2025-11-18,2025-11-18T19:20:11,DR,1520.83,237289.77,Card,,Card DR Zomato,CP-C1-FOOD,Zomato,Supplier,Card spend,Retail purchase,N,,,N,N,N,NA,,CBS_SYNTH,0.89,None,
TXN-C1-20251119-0319,ACC-CTB-003-SB1,CTB-RTL-003,2025-11-19,2025-11-19,2025-11-19T13:55:40,DR,4840.99,232448.78,Card,,Card DR Reliance Trends,CP-C1-SHOP,Reliance Trends,Supplier,Card spend,Retail purchase,N,,,N,N,N,NA,,CBS_SYNTH,0.92,None,
TXN-C1-20251119-0320,ACC-CTB-003-SB1,CTB-RTL-003,2025-11-19,2025-11-19,2025-11-19T18:33:44,DR,1844.85,230603.93,Card,,Card DR MSEDCL / Utilities,CP-C1-UTIL,MSEDCL / Utilities,Supplier,Card spend,Retail purchase,N,,,N,N,N,NA,,CBS_SYNTH,0.97,None,
TXN-C1-20251120-0321,ACC-CTB-003-SB1,CTB-RTL-003,2025-11-20,2025-11-20,2025-11-20T11:11:40,DR,3159.8,227444.13,Card,,Card DR Reliance Trends,CP-C1-SHOP,Reliance Trends,Supplier,Card spend,Retail purchase,N,,,N,N,N,NA,,CBS_SYNTH,0.92,None,
TXN-C1-20251121-0322,ACC-CTB-003-SB1,CTB-RTL-003,2025-11-21,2025-11-21,2025-11-21T18:26:23,DR,4352.71,223091.42,ATM,,ATM DR ATM cash withdrawal,CP-C1-ATM,ATM cash withdrawal,Supplier,Cash,ATM withdrawal,N,,,Y,N,N,NA,,CBS_SYNTH,0.9,None,
TXN-C1-20251122-0323,ACC-CTB-003-SB1,CTB-RTL-003,2025-11-22,2025-11-22,2025-11-22T18:11:20,DR,5910.39,217181.03,ATM,,ATM DR ATM cash withdrawal,CP-C1-ATM,ATM cash withdrawal,Supplier,Cash,ATM withdrawal,N,,,Y,N,N,NA,,CBS_SYNTH,0.98,None,
TXN-C1-20251123-0324,ACC-CTB-003-SB1,CTB-RTL-003,2025-11-23,2025-11-23,2025-11-23T14:28:38,DR,4620.63,212560.4,Card,,Card DR Reliance Trends,CP-C1-SHOP,Reliance Trends,Supplier,Card spend,Retail purchase,N,,,N,N,N,NA,,CBS_SYNTH,0.93,None,
TXN-C1-20251124-0325,ACC-CTB-003-SB1,CTB-RTL-003,2025-11-24,2025-11-24,2025-11-24T13:31:07,DR,547.46,212012.94,Card,,Card DR Zomato,CP-C1-FOOD,Zomato,Supplier,Card spend,Retail purchase,N,,,N,N,N,NA,,CBS_SYNTH,0.95,None,
TXN-C1-20251125-0326,ACC-CTB-003-SB1,CTB-RTL-003,2025-11-25,2025-11-25,2025-11-25T18:00:31,DR,2046.22,209966.72,Card,,Card DR GlobalMart Online,CP-C1-GM,GlobalMart Online,Supplier,Card spend,Retail purchase,N,,,N,N,N,NA,,CBS_SYNTH,0.9,None,
TXN-C1-20251126-0327,ACC-CTB-003-SB1,CTB-RTL-003,2025-11-26,2025-11-26,2025-11-26T17:02:35,DR,6071.43,203895.29,Card,,Card DR GlobalMart Online,CP-C1-GM,GlobalMart Online,Supplier,Card spend,Retail purchase,N,,,N,N,N,NA,,CBS_SYNTH,0.97,None,
TXN-C1-20251127-0328,ACC-CTB-003-SB1,CTB-RTL-003,2025-11-27,2025-11-27,2025-11-27T11:08:39,DR,4103.05,199792.24,ATM,,ATM DR ATM cash withdrawal,CP-C1-ATM,ATM cash withdrawal,Supplier,Cash,ATM withdrawal,N,,,Y,N,N,NA,,CBS_SYNTH,0.9,None,
TXN-C1-20251128-0329,ACC-CTB-003-SB1,CTB-RTL-003,2025-11-28,2025-11-28,2025-11-28T19:00:59,DR,718.06,199074.18,Card,,Card DR MSEDCL / Utilities,CP-C1-UTIL,MSEDCL / Utilities,Supplier,Card spend,Retail purchase,N,,,N,N,N,NA,,CBS_SYNTH,0.9,None,
TXN-C1-20251129-0330,ACC-CTB-003-SB1,CTB-RTL-003,2025-11-29,2025-11-29,2025-11-29T16:45:42,DR,1713.15,197361.03,Card,,Card DR Indian Oil Fuel,CP-C1-FUEL,Indian Oil Fuel,Supplier,Card spend,Retail purchase,N,,,N,N,N,NA,,CBS_SYNTH,0.89,None,
TXN-C1-20251130-0331,ACC-CTB-003-SB1,CTB-RTL-003,2025-11-30,2025-11-30,2025-11-30T14:25:00,DR,1836.34,195524.69,Card,,Card DR MSEDCL / Utilities,CP-C1-UTIL,MSEDCL / Utilities,Supplier,Card spend,Retail purchase,N,,,N,N,N,NA,,CBS_SYNTH,0.98,None,
TXN-C1-20251201-0332,ACC-CTB-003-SB1,CTB-RTL-003,2025-12-01,2025-12-01,2025-12-01T13:06:46,DR,1685.4,193839.29,Card,,Card DR Zomato,CP-C1-FOOD,Zomato,Supplier,Card spend,Retail purchase,N,,,N,N,N,NA,,CBS_SYNTH,0.96,None,
TXN-C1-20251201-0333,ACC-CTB-003-SB1,CTB-RTL-003,2025-12-01,2025-12-01,2025-12-01T18:26:56,DR,2229.29,191610.0,Card,,Card DR GlobalMart Online,CP-C1-GM,GlobalMart Online,Supplier,Card spend,Retail purchase,N,,,N,N,N,NA,,CBS_SYNTH,0.97,None,
TXN-C1-20251202-0334,ACC-CTB-003-SB1,CTB-RTL-003,2025-12-02,2025-12-02,2025-12-02T10:36:46,CR,56808.65,248418.65,NEFT,,NEFT CR Monthly salary credit,CP-C1-INC,Monthly salary credit,Buyer,Income,Salary credit,N,,,N,N,N,NA,,CBS_SYNTH,0.96,None,
TXN-C1-20251202-0335,ACC-CTB-003-SB1,CTB-RTL-003,2025-12-02,2025-12-02,2025-12-02T14:54:57,DR,6875.25,241543.4,Card,,Card DR Reliance Trends,CP-C1-SHOP,Reliance Trends,Supplier,Card spend,Retail purchase,N,,,N,N,N,NA,,CBS_SYNTH,0.98,None,
TXN-C1-20251202-0336,ACC-CTB-003-SB1,CTB-RTL-003,2025-12-02,2025-12-02,2025-12-02T19:42:18,DR,2882.15,238661.25,Card,,Card DR GlobalMart Online,CP-C1-GM,GlobalMart Online,Supplier,Card spend,Retail purchase,N,,,N,N,N,NA,,CBS_SYNTH,0.99,None,
TXN-C1-20251203-0337,ACC-CTB-003-SB1,CTB-RTL-003,2025-12-03,2025-12-03,2025-12-03T11:36:50,DR,1054.92,237606.33,Card,,Card DR MSEDCL / Utilities,CP-C1-UTIL,MSEDCL / Utilities,Supplier,Card spend,Retail purchase,N,,,N,N,N,NA,,CBS_SYNTH,0.96,None,
TXN-C1-20251203-0338,ACC-CTB-003-SB1,CTB-RTL-003,2025-12-03,2025-12-03,2025-12-03T16:44:19,DR,1475.88,236130.45,Card,,Card DR MSEDCL / Utilities,CP-C1-UTIL,MSEDCL / Utilities,Supplier,Card spend,Retail purchase,N,,,N,N,N,NA,,CBS_SYNTH,0.9,None,
TXN-C1-20251204-0339,ACC-CTB-003-SB1,CTB-RTL-003,2025-12-04,2025-12-04,2025-12-04T13:02:57,DR,4500.16,231630.29,ATM,,ATM DR ATM cash withdrawal,CP-C1-ATM,ATM cash withdrawal,Supplier,Cash,ATM withdrawal,N,,,Y,N,N,NA,,CBS_SYNTH,0.95,None,
TXN-C1-20251204-0340,ACC-CTB-003-SB1,CTB-RTL-003,2025-12-04,2025-12-04,2025-12-04T16:50:03,DR,2893.73,228736.56,Card,,Card DR Reliance Trends,CP-C1-SHOP,Reliance Trends,Supplier,Card spend,Retail purchase,N,,,N,N,N,NA,,CBS_SYNTH,0.98,None,
TXN-C1-20251205-0341,ACC-CTB-003-SB1,CTB-RTL-003,2025-12-05,2025-12-05,2025-12-05T11:17:15,DR,1030.16,227706.4,Card,,Card DR Reliance Trends,CP-C1-SHOP,Reliance Trends,Supplier,Card spend,Retail purchase,N,,,N,N,N,NA,,CBS_SYNTH,0.95,None,
TXN-C1-20251205-0342,ACC-CTB-003-SB1,CTB-RTL-003,2025-12-05,2025-12-05,2025-12-05T18:31:13,DR,5406.06,222300.34,ATM,,ATM DR ATM cash withdrawal,CP-C1-ATM,ATM cash withdrawal,Supplier,Cash,ATM withdrawal,N,,,Y,N,N,NA,,CBS_SYNTH,0.95,None,
TXN-C1-20251206-0343,ACC-CTB-003-SB1,CTB-RTL-003,2025-12-06,2025-12-06,2025-12-06T17:47:54,DR,4151.56,218148.78,Card,,Card DR GlobalMart Online,CP-C1-GM,GlobalMart Online,Supplier,Card spend,Retail purchase,N,,,N,N,N,NA,,CBS_SYNTH,0.95,None,
TXN-C1-20251207-0344,ACC-CTB-003-SB1,CTB-RTL-003,2025-12-07,2025-12-07,2025-12-07T10:40:25,DR,516.21,217632.57,Card,,Card DR Zomato,CP-C1-FOOD,Zomato,Supplier,Card spend,Retail purchase,N,,,N,N,N,NA,,CBS_SYNTH,0.94,None,
TXN-C1-20251207-0345,ACC-CTB-003-SB1,CTB-RTL-003,2025-12-07,2025-12-07,2025-12-07T16:57:02,DR,18900.0,198732.57,AutoDebit,,AutoDebit DR Contoso Bank (Loan EMI),CP-C1-BANK,Contoso Bank (Loan EMI),Bank,EMI,Loan EMI,N,,,N,N,N,NA,FAC-C1-PL-001,CBS_SYNTH,0.97,None,
TXN-C1-20251208-0346,ACC-CTB-003-SB1,CTB-RTL-003,2025-12-08,2025-12-08,2025-12-08T16:18:36,DR,834.82,197897.75,Card,,Card DR Indian Oil Fuel,CP-C1-FUEL,Indian Oil Fuel,Supplier,Card spend,Retail purchase,N,,,N,N,N,NA,,CBS_SYNTH,0.89,None,
TXN-C1-20251209-0347,ACC-CTB-003-SB1,CTB-RTL-003,2025-12-09,2025-12-09,2025-12-09T18:41:44,DR,1445.86,196451.89,Card,,Card DR MSEDCL / Utilities,CP-C1-UTIL,MSEDCL / Utilities,Supplier,Card spend,Retail purchase,N,,,N,N,N,NA,,CBS_SYNTH,0.95,None,
TXN-C1-20251210-0348,ACC-CTB-003-SB1,CTB-RTL-003,2025-12-10,2025-12-10,2025-12-10T14:41:36,DR,775.94,195675.95,Card,,Card DR GlobalMart Online,CP-C1-GM,GlobalMart Online,Supplier,Card spend,Retail purchase,N,,,N,N,N,NA,,CBS_SYNTH,0.89,None,
TXN-C1-20251211-0349,ACC-CTB-003-SB1,CTB-RTL-003,2025-12-11,2025-12-11,2025-12-11T18:37:01,DR,268.06,195407.89,Card,,Card DR Zomato,CP-C1-FOOD,Zomato,Supplier,Card spend,Retail purchase,N,,,N,N,N,NA,,CBS_SYNTH,0.91,None,
TXN-C1-20251212-0350,ACC-CTB-003-SB1,CTB-RTL-003,2025-12-12,2025-12-12,2025-12-12T13:56:04,DR,1654.95,193752.94,Card,,Card DR MSEDCL / Utilities,CP-C1-UTIL,MSEDCL / Utilities,Supplier,Card spend,Retail purchase,N,,,N,N,N,NA,,CBS_SYNTH,0.92,None,
TXN-C1-20251213-0351,ACC-CTB-003-SB1,CTB-RTL-003,2025-12-13,2025-12-13,2025-12-13T18:52:00,DR,1573.35,192179.59,Card,,Card DR GlobalMart Online,CP-C1-GM,GlobalMart Online,Supplier,Card spend,Retail purchase,N,,,N,N,N,NA,,CBS_SYNTH,0.88,None,
TXN-C1-20251214-0352,ACC-CTB-003-SB1,CTB-RTL-003,2025-12-14,2025-12-14,2025-12-14T11:54:05,DR,5969.56,186210.03,ATM,,ATM DR ATM cash withdrawal,CP-C1-ATM,ATM cash withdrawal,Supplier,Cash,ATM withdrawal,N,,,Y,N,N,NA,,CBS_SYNTH,0.98,None,
TXN-C1-20251215-0353,ACC-CTB-003-SB1,CTB-RTL-003,2025-12-15,2025-12-15,2025-12-15T17:52:27,DR,2648.23,183561.8,Card,,Card DR GlobalMart Online,CP-C1-GM,GlobalMart Online,Supplier,Card spend,Retail purchase,N,,,N,N,N,NA,,CBS_SYNTH,0.92,None,
TXN-C1-20251216-0354,ACC-CTB-003-SB1,CTB-RTL-003,2025-12-16,2025-12-16,2025-12-16T11:36:39,DR,1889.42,181672.38,Card,,Card DR Indian Oil Fuel,CP-C1-FUEL,Indian Oil Fuel,Supplier,Card spend,Retail purchase,N,,,N,N,N,NA,,CBS_SYNTH,0.91,None,
TXN-C1-20251216-0355,ACC-CTB-003-SB1,CTB-RTL-003,2025-12-16,2025-12-16,2025-12-16T16:51:07,DR,868.32,180804.06,Card,,Card DR Indian Oil Fuel,CP-C1-FUEL,Indian Oil Fuel,Supplier,Card spend,Retail purchase,N,,,N,N,N,NA,,CBS_SYNTH,0.9,None,
TXN-C1-20251217-0356,ACC-CTB-003-SB1,CTB-RTL-003,2025-12-17,2025-12-17,2025-12-17T10:53:19,CR,73683.26,254487.32,NEFT,,NEFT CR Monthly salary credit,CP-C1-INC,Monthly salary credit,Buyer,Income,Salary credit,N,,,N,N,N,NA,,CBS_SYNTH,0.91,None,
TXN-C1-20251217-0357,ACC-CTB-003-SB1,CTB-RTL-003,2025-12-17,2025-12-17,2025-12-17T14:20:30,DR,885.49,253601.83,Card,,Card DR Indian Oil Fuel,CP-C1-FUEL,Indian Oil Fuel,Supplier,Card spend,Retail purchase,N,,,N,N,N,NA,,CBS_SYNTH,0.91,None,
TXN-C1-20251217-0358,ACC-CTB-003-SB1,CTB-RTL-003,2025-12-17,2025-12-17,2025-12-17T19:16:53,DR,1806.12,251795.71,Card,,Card DR Indian Oil Fuel,CP-C1-FUEL,Indian Oil Fuel,Supplier,Card spend,Retail purchase,N,,,N,N,N,NA,,CBS_SYNTH,0.97,None,
TXN-C1-20251218-0359,ACC-CTB-003-SB1,CTB-RTL-003,2025-12-18,2025-12-18,2025-12-18T14:05:31,DR,3800.2,247995.51,ATM,,ATM DR ATM cash withdrawal,CP-C1-ATM,ATM cash withdrawal,Supplier,Cash,ATM withdrawal,N,,,Y,N,N,NA,,CBS_SYNTH,0.95,None,
TXN-C1-20251218-0360,ACC-CTB-003-SB1,CTB-RTL-003,2025-12-18,2025-12-18,2025-12-18T19:37:53,DR,1537.91,246457.6,Card,,Card DR Zomato,CP-C1-FOOD,Zomato,Supplier,Card spend,Retail purchase,N,,,N,N,N,NA,,CBS_SYNTH,0.98,None,
TXN-C1-20251219-0361,ACC-CTB-003-SB1,CTB-RTL-003,2025-12-19,2025-12-19,2025-12-19T13:46:00,DR,1509.17,244948.43,Card,,Card DR MSEDCL / Utilities,CP-C1-UTIL,MSEDCL / Utilities,Supplier,Card spend,Retail purchase,N,,,N,N,N,NA,,CBS_SYNTH,0.9,None,
TXN-C1-20251219-0362,ACC-CTB-003-SB1,CTB-RTL-003,2025-12-19,2025-12-19,2025-12-19T20:12:22,DR,2507.57,242440.86,Card,,Card DR Reliance Trends,CP-C1-SHOP,Reliance Trends,Supplier,Card spend,Retail purchase,N,,,N,N,N,NA,,CBS_SYNTH,0.91,None,
TXN-C1-20251220-0363,ACC-CTB-003-SB1,CTB-RTL-003,2025-12-20,2025-12-20,2025-12-20T18:02:30,DR,528.51,241912.35,Card,,Card DR Zomato,CP-C1-FOOD,Zomato,Supplier,Card spend,Retail purchase,N,,,N,N,N,NA,,CBS_SYNTH,0.92,None,
TXN-C1-20251221-0364,ACC-CTB-003-SB1,CTB-RTL-003,2025-12-21,2025-12-21,2025-12-21T18:39:03,DR,4857.59,237054.76,Card,,Card DR Reliance Trends,CP-C1-SHOP,Reliance Trends,Supplier,Card spend,Retail purchase,N,,,N,N,N,NA,,CBS_SYNTH,0.9,None,
TXN-C1-20251222-0365,ACC-CTB-003-SB1,CTB-RTL-003,2025-12-22,2025-12-22,2025-12-22T11:43:30,DR,6519.17,230535.59,Card,,Card DR Reliance Trends,CP-C1-SHOP,Reliance Trends,Supplier,Card spend,Retail purchase,N,,,N,N,N,NA,,CBS_SYNTH,0.95,None,
TXN-C1-20251223-0366,ACC-CTB-003-SB1,CTB-RTL-003,2025-12-23,2025-12-23,2025-12-23T13:05:19,DR,942.0,229593.59,Card,,Card DR Zomato,CP-C1-FOOD,Zomato,Supplier,Card spend,Retail purchase,N,,,N,N,N,NA,,CBS_SYNTH,0.9,None,
TXN-C1-20251224-0367,ACC-CTB-003-SB1,CTB-RTL-003,2025-12-24,2025-12-24,2025-12-24T13:21:15,DR,767.86,228825.73,Card,,Card DR Indian Oil Fuel,CP-C1-FUEL,Indian Oil Fuel,Supplier,Card spend,Retail purchase,N,,,N,N,N,NA,,CBS_SYNTH,0.94,None,
TXN-C1-20251225-0368,ACC-CTB-003-SB1,CTB-RTL-003,2025-12-25,2025-12-25,2025-12-25T17:25:53,DR,1104.31,227721.42,Card,,Card DR Zomato,CP-C1-FOOD,Zomato,Supplier,Card spend,Retail purchase,N,,,N,N,N,NA,,CBS_SYNTH,0.91,None,
TXN-C1-20251226-0369,ACC-CTB-003-SB1,CTB-RTL-003,2025-12-26,2025-12-26,2025-12-26T12:37:06,DR,397.07,227324.35,Card,,Card DR Zomato,CP-C1-FOOD,Zomato,Supplier,Card spend,Retail purchase,N,,,N,N,N,NA,,CBS_SYNTH,0.91,None,
TXN-C1-20251227-0370,ACC-CTB-003-SB1,CTB-RTL-003,2025-12-27,2025-12-27,2025-12-27T14:53:43,DR,638.34,226686.01,Card,,Card DR Zomato,CP-C1-FOOD,Zomato,Supplier,Card spend,Retail purchase,N,,,N,N,N,NA,,CBS_SYNTH,0.97,None,
TXN-C1-20251229-0371,ACC-CTB-003-SB1,CTB-RTL-003,2025-12-29,2025-12-29,2025-12-29T15:43:15,DR,1357.97,225328.04,Card,,Card DR MSEDCL / Utilities,CP-C1-UTIL,MSEDCL / Utilities,Supplier,Card spend,Retail purchase,N,,,N,N,N,NA,,CBS_SYNTH,0.97,None,
TXN-C1-20251230-0372,ACC-CTB-003-SB1,CTB-RTL-003,2025-12-30,2025-12-30,2025-12-30T19:00:37,DR,361.24,224966.8,Card,,Card DR Zomato,CP-C1-FOOD,Zomato,Supplier,Card spend,Retail purchase,N,,,N,N,N,NA,,CBS_SYNTH,0.91,None,
TXN-C1-20251231-0373,ACC-CTB-003-SB1,CTB-RTL-003,2025-12-31,2025-12-31,2025-12-31T10:35:27,CR,1007.48,225974.28,Internal,,Internal CR Contoso Bank,CP-C1-BANK,Contoso Bank,Bank,Income,Savings interest,N,,,N,N,N,NA,,CBS_SYNTH,0.93,None,
TXN-C1-20251231-0374,ACC-CTB-003-SB1,CTB-RTL-003,2025-12-31,2025-12-31,2025-12-31T18:30:19,DR,1329.08,224645.2,Card,,Card DR Zomato,CP-C1-FOOD,Zomato,Supplier,Card spend,Retail purchase,N,,,N,N,N,NA,,CBS_SYNTH,0.96,None,
TXN-C1-20260101-0375,ACC-CTB-003-SB1,CTB-RTL-003,2026-01-01,2026-01-01,2026-01-01T11:00:37,CR,66165.49,290810.69,NEFT,,NEFT CR Monthly salary credit,CP-C1-INC,Monthly salary credit,Buyer,Income,Salary credit,N,,,N,N,N,NA,,CBS_SYNTH,0.9,None,
TXN-C1-20260101-0376,ACC-CTB-003-SB1,CTB-RTL-003,2026-01-01,2026-01-01,2026-01-01T17:53:34,DR,2041.38,288769.31,Card,,Card DR Reliance Trends,CP-C1-SHOP,Reliance Trends,Supplier,Card spend,Retail purchase,N,,,N,N,N,NA,,CBS_SYNTH,0.93,None,
TXN-C1-20260102-0377,ACC-CTB-003-SB1,CTB-RTL-003,2026-01-02,2026-01-02,2026-01-02T17:45:48,DR,845.43,287923.88,Card,,Card DR Reliance Trends,CP-C1-SHOP,Reliance Trends,Supplier,Card spend,Retail purchase,N,,,N,N,N,NA,,CBS_SYNTH,0.92,None,
TXN-C1-20260103-0378,ACC-CTB-003-SB1,CTB-RTL-003,2026-01-03,2026-01-03,2026-01-03T18:17:13,DR,2289.14,285634.74,Card,,Card DR MSEDCL / Utilities,CP-C1-UTIL,MSEDCL / Utilities,Supplier,Card spend,Retail purchase,N,,,N,N,N,NA,,CBS_SYNTH,0.95,None,
TXN-C1-20260104-0379,ACC-CTB-003-SB1,CTB-RTL-003,2026-01-04,2026-01-04,2026-01-04T17:22:51,DR,504.54,285130.2,Card,,Card DR Indian Oil Fuel,CP-C1-FUEL,Indian Oil Fuel,Supplier,Card spend,Retail purchase,N,,,N,N,N,NA,,CBS_SYNTH,0.96,None,
TXN-C1-20260105-0380,ACC-CTB-003-SB1,CTB-RTL-003,2026-01-05,2026-01-05,2026-01-05T12:45:44,DR,4992.13,280138.07,Card,,Card DR GlobalMart Online,CP-C1-GM,GlobalMart Online,Supplier,Card spend,Retail purchase,N,,,N,N,N,NA,,CBS_SYNTH,0.96,None,
TXN-C1-20260106-0381,ACC-CTB-003-SB1,CTB-RTL-003,2026-01-06,2026-01-06,2026-01-06T11:23:37,DR,1690.83,278447.24,Card,,Card DR GlobalMart Online,CP-C1-GM,GlobalMart Online,Supplier,Card spend,Retail purchase,N,,,N,N,N,NA,,CBS_SYNTH,0.93,None,
TXN-C1-20260107-0382,ACC-CTB-003-SB1,CTB-RTL-003,2026-01-07,2026-01-07,2026-01-07T13:42:45,DR,18900.0,259547.24,AutoDebit,,AutoDebit DR Contoso Bank (Loan EMI),CP-C1-BANK,Contoso Bank (Loan EMI),Bank,EMI,Loan EMI,N,,,N,N,N,NA,FAC-C1-PL-001,CBS_SYNTH,0.97,None,
TXN-C1-20260107-0383,ACC-CTB-003-SB1,CTB-RTL-003,2026-01-07,2026-01-07,2026-01-07T18:22:57,DR,1210.93,258336.31,Card,,Card DR Indian Oil Fuel,CP-C1-FUEL,Indian Oil Fuel,Supplier,Card spend,Retail purchase,N,,,N,N,N,NA,,CBS_SYNTH,0.95,None,
TXN-C1-20260108-0384,ACC-CTB-003-SB1,CTB-RTL-003,2026-01-08,2026-01-08,2026-01-08T14:38:53,DR,1678.66,256657.65,Card,,Card DR Indian Oil Fuel,CP-C1-FUEL,Indian Oil Fuel,Supplier,Card spend,Retail purchase,N,,,N,N,N,NA,,CBS_SYNTH,0.89,None,
TXN-C1-20260109-0385,ACC-CTB-003-SB1,CTB-RTL-003,2026-01-09,2026-01-09,2026-01-09T16:32:31,DR,756.27,255901.38,Card,,Card DR Zomato,CP-C1-FOOD,Zomato,Supplier,Card spend,Retail purchase,N,,,N,N,N,NA,,CBS_SYNTH,0.94,None,
TXN-C1-20260110-0386,ACC-CTB-003-SB1,CTB-RTL-003,2026-01-10,2026-01-10,2026-01-10T16:14:51,DR,3958.82,251942.56,Card,,Card DR GlobalMart Online,CP-C1-GM,GlobalMart Online,Supplier,Card spend,Retail purchase,N,,,N,N,N,NA,,CBS_SYNTH,0.89,None,
TXN-C1-20260112-0387,ACC-CTB-003-SB1,CTB-RTL-003,2026-01-12,2026-01-12,2026-01-12T14:42:28,DR,2038.0,249904.56,Card,,Card DR MSEDCL / Utilities,CP-C1-UTIL,MSEDCL / Utilities,Supplier,Card spend,Retail purchase,N,,,N,N,N,NA,,CBS_SYNTH,0.96,None,
TXN-C1-20260113-0388,ACC-CTB-003-SB1,CTB-RTL-003,2026-01-13,2026-01-13,2026-01-13T14:43:23,DR,4229.3,245675.26,Card,,Card DR GlobalMart Online,CP-C1-GM,GlobalMart Online,Supplier,Card spend,Retail purchase,N,,,N,N,N,NA,,CBS_SYNTH,0.97,None,
TXN-C1-20260114-0389,ACC-CTB-003-SB1,CTB-RTL-003,2026-01-14,2026-01-14,2026-01-14T16:11:58,DR,1521.47,244153.79,Card,,Card DR MSEDCL / Utilities,CP-C1-UTIL,MSEDCL / Utilities,Supplier,Card spend,Retail purchase,N,,,N,N,N,NA,,CBS_SYNTH,0.9,None,
TXN-C1-20260115-0390,ACC-CTB-003-SB1,CTB-RTL-003,2026-01-15,2026-01-15,2026-01-15T17:35:46,DR,3593.69,240560.1,Card,,Card DR Reliance Trends,CP-C1-SHOP,Reliance Trends,Supplier,Card spend,Retail purchase,N,,,N,N,N,NA,,CBS_SYNTH,0.93,None,
TXN-C1-20260116-0391,ACC-CTB-003-SB1,CTB-RTL-003,2026-01-16,2026-01-16,2026-01-16T19:00:20,DR,4640.27,235919.83,Card,,Card DR GlobalMart Online,CP-C1-GM,GlobalMart Online,Supplier,Card spend,Retail purchase,N,,,N,N,N,NA,,CBS_SYNTH,0.89,None,
TXN-C1-20260117-0392,ACC-CTB-003-SB1,CTB-RTL-003,2026-01-17,2026-01-17,2026-01-17T13:16:12,CR,59784.93,295704.76,NEFT,,NEFT CR Monthly salary credit,CP-C1-INC,Monthly salary credit,Buyer,Income,Salary credit,N,,,N,N,N,NA,,CBS_SYNTH,0.91,None,
TXN-C1-20260117-0393,ACC-CTB-003-SB1,CTB-RTL-003,2026-01-17,2026-01-17,2026-01-17T17:27:36,DR,1056.31,294648.45,Card,,Card DR Zomato,CP-C1-FOOD,Zomato,Supplier,Card spend,Retail purchase,N,,,N,N,N,NA,,CBS_SYNTH,0.95,None,
TXN-C1-20260118-0394,ACC-CTB-003-SB1,CTB-RTL-003,2026-01-18,2026-01-18,2026-01-18T13:52:29,DR,2226.87,292421.58,Card,,Card DR Reliance Trends,CP-C1-SHOP,Reliance Trends,Supplier,Card spend,Retail purchase,N,,,N,N,N,NA,,CBS_SYNTH,0.98,None,
TXN-C1-20260119-0395,ACC-CTB-003-SB1,CTB-RTL-003,2026-01-19,2026-01-19,2026-01-19T16:34:41,DR,716.37,291705.21,Card,,Card DR Zomato,CP-C1-FOOD,Zomato,Supplier,Card spend,Retail purchase,N,,,N,N,N,NA,,CBS_SYNTH,0.93,None,
TXN-C1-20260120-0396,ACC-CTB-003-SB1,CTB-RTL-003,2026-01-20,2026-01-20,2026-01-20T11:14:55,DR,1610.15,290095.06,Card,,Card DR Zomato,CP-C1-FOOD,Zomato,Supplier,Card spend,Retail purchase,N,,,N,N,N,NA,,CBS_SYNTH,0.99,None,
TXN-C1-20260121-0397,ACC-CTB-003-SB1,CTB-RTL-003,2026-01-21,2026-01-21,2026-01-21T11:06:34,DR,4709.05,285386.01,Card,,Card DR GlobalMart Online,CP-C1-GM,GlobalMart Online,Supplier,Card spend,Retail purchase,N,,,N,N,N,NA,,CBS_SYNTH,0.98,None,
TXN-C1-20260122-0398,ACC-CTB-003-SB1,CTB-RTL-003,2026-01-22,2026-01-22,2026-01-22T11:20:28,DR,2571.73,282814.28,Card,,Card DR GlobalMart Online,CP-C1-GM,GlobalMart Online,Supplier,Card spend,Retail purchase,N,,,N,N,N,NA,,CBS_SYNTH,0.95,None,
TXN-C1-20260123-0399,ACC-CTB-003-SB1,CTB-RTL-003,2026-01-23,2026-01-23,2026-01-23T14:55:20,DR,1419.9,281394.38,Card,,Card DR Reliance Trends,CP-C1-SHOP,Reliance Trends,Supplier,Card spend,Retail purchase,N,,,N,N,N,NA,,CBS_SYNTH,0.89,None,
TXN-C1-20260124-0400,ACC-CTB-003-SB1,CTB-RTL-003,2026-01-24,2026-01-24,2026-01-24T18:44:56,DR,6048.43,275345.95,Card,,Card DR Reliance Trends,CP-C1-SHOP,Reliance Trends,Supplier,Card spend,Retail purchase,N,,,N,N,N,NA,,CBS_SYNTH,0.93,None,
TXN-C1-20260126-0401,ACC-CTB-003-SB1,CTB-RTL-003,2026-01-26,2026-01-26,2026-01-26T13:01:48,DR,1386.12,273959.83,Card,,Card DR Zomato,CP-C1-FOOD,Zomato,Supplier,Card spend,Retail purchase,N,,,N,N,N,NA,,CBS_SYNTH,0.96,None,
TXN-C1-20260127-0402,ACC-CTB-003-SB1,CTB-RTL-003,2026-01-27,2026-01-27,2026-01-27T17:13:27,DR,4654.01,269305.82,Card,,Card DR GlobalMart Online,CP-C1-GM,GlobalMart Online,Supplier,Card spend,Retail purchase,N,,,N,N,N,NA,,CBS_SYNTH,0.89,None,
TXN-C1-20260128-0403,ACC-CTB-003-SB1,CTB-RTL-003,2026-01-28,2026-01-28,2026-01-28T11:26:04,DR,1544.77,267761.05,Card,,Card DR Indian Oil Fuel,CP-C1-FUEL,Indian Oil Fuel,Supplier,Card spend,Retail purchase,N,,,N,N,N,NA,,CBS_SYNTH,0.93,None,
TXN-C1-20260129-0404,ACC-CTB-003-SB1,CTB-RTL-003,2026-01-29,2026-01-29,2026-01-29T11:58:41,DR,200.77,267560.28,Card,,Card DR Zomato,CP-C1-FOOD,Zomato,Supplier,Card spend,Retail purchase,N,,,N,N,N,NA,,CBS_SYNTH,0.89,None,
TXN-C1-20260130-0405,ACC-CTB-003-SB1,CTB-RTL-003,2026-01-30,2026-01-30,2026-01-30T12:56:57,DR,5705.59,261854.69,ATM,,ATM DR ATM cash withdrawal,CP-C1-ATM,ATM cash withdrawal,Supplier,Cash,ATM withdrawal,N,,,Y,N,N,NA,,CBS_SYNTH,0.95,None,
TXN-C1-20260131-0406,ACC-CTB-003-SB1,CTB-RTL-003,2026-01-31,2026-01-31,2026-01-31T13:28:02,DR,780.64,261074.05,Card,,Card DR Zomato,CP-C1-FOOD,Zomato,Supplier,Card spend,Retail purchase,N,,,N,N,N,NA,,CBS_SYNTH,0.96,None,
TXN-C1-20260201-0407,ACC-CTB-003-SB1,CTB-RTL-003,2026-02-01,2026-02-01,2026-02-01T14:40:47,DR,968.78,260105.27,Card,,Card DR MSEDCL / Utilities,CP-C1-UTIL,MSEDCL / Utilities,Supplier,Card spend,Retail purchase,N,,,N,N,N,NA,,CBS_SYNTH,0.96,None,
TXN-C1-20260202-0408,ACC-CTB-003-SB1,CTB-RTL-003,2026-02-02,2026-02-02,2026-02-02T10:27:25,CR,62700.01,322805.28,NEFT,,NEFT CR Monthly salary credit,CP-C1-INC,Monthly salary credit,Buyer,Income,Salary credit,N,,,N,N,N,NA,,CBS_SYNTH,0.94,None,
TXN-C1-20260202-0409,ACC-CTB-003-SB1,CTB-RTL-003,2026-02-02,2026-02-02,2026-02-02T19:42:16,DR,888.43,321916.85,Card,,Card DR Indian Oil Fuel,CP-C1-FUEL,Indian Oil Fuel,Supplier,Card spend,Retail purchase,N,,,N,N,N,NA,,CBS_SYNTH,0.96,None,
TXN-C1-20260203-0410,ACC-CTB-003-SB1,CTB-RTL-003,2026-02-03,2026-02-03,2026-02-03T12:51:10,DR,2534.15,319382.7,Card,,Card DR Indian Oil Fuel,CP-C1-FUEL,Indian Oil Fuel,Supplier,Card spend,Retail purchase,N,,,N,N,N,NA,,CBS_SYNTH,0.96,None,
TXN-C1-20260204-0411,ACC-CTB-003-SB1,CTB-RTL-003,2026-02-04,2026-02-04,2026-02-04T14:39:46,DR,633.79,318748.91,Card,,Card DR GlobalMart Online,CP-C1-GM,GlobalMart Online,Supplier,Card spend,Retail purchase,N,,,N,N,N,NA,,CBS_SYNTH,0.95,None,
TXN-C1-20260205-0412,ACC-CTB-003-SB1,CTB-RTL-003,2026-02-05,2026-02-05,2026-02-05T13:54:45,DR,4944.15,313804.76,Card,,Card DR GlobalMart Online,CP-C1-GM,GlobalMart Online,Supplier,Card spend,Retail purchase,N,,,N,N,N,NA,,CBS_SYNTH,0.91,None,
TXN-C1-20260206-0413,ACC-CTB-003-SB1,CTB-RTL-003,2026-02-06,2026-02-06,2026-02-06T11:40:59,DR,522.91,313281.85,Card,,Card DR MSEDCL / Utilities,CP-C1-UTIL,MSEDCL / Utilities,Supplier,Card spend,Retail purchase,N,,,N,N,N,NA,,CBS_SYNTH,0.93,None,
TXN-C1-20260207-0414,ACC-CTB-003-SB1,CTB-RTL-003,2026-02-07,2026-02-07,2026-02-07T13:45:28,DR,2740.06,310541.79,Card,,Card DR GlobalMart Online,CP-C1-GM,GlobalMart Online,Supplier,Card spend,Retail purchase,N,,,N,N,N,NA,,CBS_SYNTH,0.96,None,
TXN-C1-20260207-0415,ACC-CTB-003-SB1,CTB-RTL-003,2026-02-07,2026-02-07,2026-02-07T19:40:42,DR,18900.0,291641.79,AutoDebit,,AutoDebit DR Contoso Bank (Loan EMI),CP-C1-BANK,Contoso Bank (Loan EMI),Bank,EMI,Loan EMI,N,,,N,N,N,NA,FAC-C1-PL-001,CBS_SYNTH,0.97,None,
TXN-C1-20260209-0416,ACC-CTB-003-SB1,CTB-RTL-003,2026-02-09,2026-02-09,2026-02-09T14:42:09,DR,5553.18,286088.61,Card,,Card DR Reliance Trends,CP-C1-SHOP,Reliance Trends,Supplier,Card spend,Retail purchase,N,,,N,N,N,NA,,CBS_SYNTH,0.99,None,
TXN-C1-20260210-0417,ACC-CTB-003-SB1,CTB-RTL-003,2026-02-10,2026-02-10,2026-02-10T16:44:34,DR,1280.11,284808.5,Card,,Card DR Zomato,CP-C1-FOOD,Zomato,Supplier,Card spend,Retail purchase,N,,,N,N,N,NA,,CBS_SYNTH,0.93,None,
TXN-C1-20260211-0418,ACC-CTB-003-SB1,CTB-RTL-003,2026-02-11,2026-02-11,2026-02-11T12:11:01,DR,4973.66,279834.84,Card,,Card DR GlobalMart Online,CP-C1-GM,GlobalMart Online,Supplier,Card spend,Retail purchase,N,,,N,N,N,NA,,CBS_SYNTH,0.96,None,
TXN-C1-20260212-0419,ACC-CTB-003-SB1,CTB-RTL-003,2026-02-12,2026-02-12,2026-02-12T11:45:07,DR,4610.5,275224.34,Card,,Card DR GlobalMart Online,CP-C1-GM,GlobalMart Online,Supplier,Card spend,Retail purchase,N,,,N,N,N,NA,,CBS_SYNTH,0.96,None,
TXN-C1-20260213-0420,ACC-CTB-003-SB1,CTB-RTL-003,2026-02-13,2026-02-13,2026-02-13T18:01:22,DR,829.27,274395.07,Card,,Card DR Reliance Trends,CP-C1-SHOP,Reliance Trends,Supplier,Card spend,Retail purchase,N,,,N,N,N,NA,,CBS_SYNTH,0.97,None,
TXN-C1-20260214-0421,ACC-CTB-003-SB1,CTB-RTL-003,2026-02-14,2026-02-14,2026-02-14T11:40:59,DR,2666.05,271729.02,Card,,Card DR Indian Oil Fuel,CP-C1-FUEL,Indian Oil Fuel,Supplier,Card spend,Retail purchase,N,,,N,N,N,NA,,CBS_SYNTH,0.9,None,
TXN-C1-20260216-0422,ACC-CTB-003-SB1,CTB-RTL-003,2026-02-16,2026-02-16,2026-02-16T13:37:37,CR,57714.13,329443.15,NEFT,,NEFT CR Monthly salary credit,CP-C1-INC,Monthly salary credit,Buyer,Income,Salary credit,N,,,N,N,N,NA,,CBS_SYNTH,0.97,None,
TXN-C1-20260216-0423,ACC-CTB-003-SB1,CTB-RTL-003,2026-02-16,2026-02-16,2026-02-16T18:43:05,DR,3783.2,325659.95,Card,,Card DR GlobalMart Online,CP-C1-GM,GlobalMart Online,Supplier,Card spend,Retail purchase,N,,,N,N,N,NA,,CBS_SYNTH,0.89,None,
TXN-C1-20260217-0424,ACC-CTB-003-SB1,CTB-RTL-003,2026-02-17,2026-02-17,2026-02-17T17:46:53,DR,987.01,324672.94,Card,,Card DR GlobalMart Online,CP-C1-GM,GlobalMart Online,Supplier,Card spend,Retail purchase,N,,,N,N,N,NA,,CBS_SYNTH,0.92,None,
TXN-C1-20260218-0425,ACC-CTB-003-SB1,CTB-RTL-003,2026-02-18,2026-02-18,2026-02-18T18:52:08,DR,5300.9,319372.04,Card,,Card DR Reliance Trends,CP-C1-SHOP,Reliance Trends,Supplier,Card spend,Retail purchase,N,,,N,N,N,NA,,CBS_SYNTH,0.98,None,
TXN-C1-20260219-0426,ACC-CTB-003-SB1,CTB-RTL-003,2026-02-19,2026-02-19,2026-02-19T14:15:21,DR,1292.53,318079.51,Card,,Card DR Zomato,CP-C1-FOOD,Zomato,Supplier,Card spend,Retail purchase,N,,,N,N,N,NA,,CBS_SYNTH,0.93,None,
TXN-C1-20260220-0427,ACC-CTB-003-SB1,CTB-RTL-003,2026-02-20,2026-02-20,2026-02-20T12:21:27,DR,1069.58,317009.93,Card,,Card DR MSEDCL / Utilities,CP-C1-UTIL,MSEDCL / Utilities,Supplier,Card spend,Retail purchase,N,,,N,N,N,NA,,CBS_SYNTH,0.9,None,
TXN-C1-20260221-0428,ACC-CTB-003-SB1,CTB-RTL-003,2026-02-21,2026-02-21,2026-02-21T15:49:29,DR,1003.97,316005.96,Card,,Card DR MSEDCL / Utilities,CP-C1-UTIL,MSEDCL / Utilities,Supplier,Card spend,Retail purchase,N,,,N,N,N,NA,,CBS_SYNTH,0.89,None,
TXN-C1-20260223-0429,ACC-CTB-003-SB1,CTB-RTL-003,2026-02-23,2026-02-23,2026-02-23T16:07:29,DR,4187.44,311818.52,Card,,Card DR Reliance Trends,CP-C1-SHOP,Reliance Trends,Supplier,Card spend,Retail purchase,N,,,N,N,N,NA,,CBS_SYNTH,0.9,None,
TXN-C1-20260224-0430,ACC-CTB-003-SB1,CTB-RTL-003,2026-02-24,2026-02-24,2026-02-24T17:52:25,DR,983.53,310834.99,Card,,Card DR Reliance Trends,CP-C1-SHOP,Reliance Trends,Supplier,Card spend,Retail purchase,N,,,N,N,N,NA,,CBS_SYNTH,0.96,None,
TXN-C1-20260225-0431,ACC-CTB-003-SB1,CTB-RTL-003,2026-02-25,2026-02-25,2026-02-25T16:28:57,DR,1141.41,309693.58,Card,,Card DR GlobalMart Online,CP-C1-GM,GlobalMart Online,Supplier,Card spend,Retail purchase,N,,,N,N,N,NA,,CBS_SYNTH,0.89,None,
TXN-C1-20260301-0432,ACC-CTB-003-SB1,CTB-RTL-003,2026-03-01,2026-03-01,2026-03-01T12:34:22,DR,3991.6,305701.98,ATM,,ATM DR ATM cash withdrawal,CP-C1-ATM,ATM cash withdrawal,Supplier,Cash,ATM withdrawal,N,,,Y,N,N,NA,,CBS_SYNTH,0.91,None,
TXN-C1-20260302-0433,ACC-CTB-003-SB1,CTB-RTL-003,2026-03-02,2026-03-02,2026-03-02T12:27:22,CR,80425.12,386127.1,NEFT,,NEFT CR Monthly salary credit,CP-C1-INC,Monthly salary credit,Buyer,Income,Salary credit,N,,,N,N,N,NA,,CBS_SYNTH,0.95,None,
TXN-C1-20260302-0434,ACC-CTB-003-SB1,CTB-RTL-003,2026-03-02,2026-03-02,2026-03-02T17:16:42,DR,1247.13,384879.97,Card,,Card DR Zomato,CP-C1-FOOD,Zomato,Supplier,Card spend,Retail purchase,N,,,N,N,N,NA,,CBS_SYNTH,0.96,None,
TXN-C1-20260303-0435,ACC-CTB-003-SB1,CTB-RTL-003,2026-03-03,2026-03-03,2026-03-03T14:43:23,DR,943.64,383936.33,ATM,,ATM DR ATM cash withdrawal,CP-C1-ATM,ATM cash withdrawal,Supplier,Cash,ATM withdrawal,N,,,Y,N,N,NA,,CBS_SYNTH,0.92,None,
TXN-C1-20260304-0436,ACC-CTB-003-SB1,CTB-RTL-003,2026-03-04,2026-03-04,2026-03-04T12:56:25,DR,1253.48,382682.85,Card,,Card DR MSEDCL / Utilities,CP-C1-UTIL,MSEDCL / Utilities,Supplier,Card spend,Retail purchase,N,,,N,N,N,NA,,CBS_SYNTH,0.89,None,
TXN-C1-20260305-0437,ACC-CTB-003-SB1,CTB-RTL-003,2026-03-05,2026-03-05,2026-03-05T11:13:43,DR,241.69,382441.16,Card,,Card DR Zomato,CP-C1-FOOD,Zomato,Supplier,Card spend,Retail purchase,N,,,N,N,N,NA,,CBS_SYNTH,0.99,None,
TXN-C1-20260306-0438,ACC-CTB-003-SB1,CTB-RTL-003,2026-03-06,2026-03-06,2026-03-06T19:05:52,DR,4569.95,377871.21,Card,,Card DR Reliance Trends,CP-C1-SHOP,Reliance Trends,Supplier,Card spend,Retail purchase,N,,,N,N,N,NA,,CBS_SYNTH,0.92,None,
TXN-C1-20260307-0439,ACC-CTB-003-SB1,CTB-RTL-003,2026-03-07,2026-03-07,2026-03-07T13:49:13,DR,18900.0,358971.21,AutoDebit,,AutoDebit DR Contoso Bank (Loan EMI),CP-C1-BANK,Contoso Bank (Loan EMI),Bank,EMI,Loan EMI,N,,,N,N,N,NA,FAC-C1-PL-001,CBS_SYNTH,0.97,None,
TXN-C1-20260307-0440,ACC-CTB-003-SB1,CTB-RTL-003,2026-03-07,2026-03-07,2026-03-07T18:10:10,DR,5415.82,353555.39,Card,,Card DR Reliance Trends,CP-C1-SHOP,Reliance Trends,Supplier,Card spend,Retail purchase,N,,,N,N,N,NA,,CBS_SYNTH,0.93,None,
TXN-C1-20260309-0441,ACC-CTB-003-SB1,CTB-RTL-003,2026-03-09,2026-03-09,2026-03-09T16:20:42,DR,1020.95,352534.44,Card,,Card DR MSEDCL / Utilities,CP-C1-UTIL,MSEDCL / Utilities,Supplier,Card spend,Retail purchase,N,,,N,N,N,NA,,CBS_SYNTH,0.88,None,
TXN-C1-20260310-0442,ACC-CTB-003-SB1,CTB-RTL-003,2026-03-10,2026-03-10,2026-03-10T16:23:17,DR,2971.49,349562.95,Card,,Card DR Reliance Trends,CP-C1-SHOP,Reliance Trends,Supplier,Card spend,Retail purchase,N,,,N,N,N,NA,,CBS_SYNTH,0.94,None,
TXN-C1-20260311-0443,ACC-CTB-003-SB1,CTB-RTL-003,2026-03-11,2026-03-11,2026-03-11T12:00:33,DR,568.13,348994.82,Card,,Card DR Indian Oil Fuel,CP-C1-FUEL,Indian Oil Fuel,Supplier,Card spend,Retail purchase,N,,,N,N,N,NA,,CBS_SYNTH,0.94,None,
TXN-C1-20260312-0444,ACC-CTB-003-SB1,CTB-RTL-003,2026-03-12,2026-03-12,2026-03-12T17:20:32,DR,3446.86,345547.96,Card,,Card DR Reliance Trends,CP-C1-SHOP,Reliance Trends,Supplier,Card spend,Retail purchase,N,,,N,N,N,NA,,CBS_SYNTH,0.97,None,
TXN-C1-20260313-0445,ACC-CTB-003-SB1,CTB-RTL-003,2026-03-13,2026-03-13,2026-03-13T15:29:47,DR,6769.37,338778.59,ATM,,ATM DR ATM cash withdrawal,CP-C1-ATM,ATM cash withdrawal,Supplier,Cash,ATM withdrawal,N,,,Y,N,N,NA,,CBS_SYNTH,0.89,None,
TXN-C1-20260314-0446,ACC-CTB-003-SB1,CTB-RTL-003,2026-03-14,2026-03-14,2026-03-14T16:04:40,DR,1249.98,337528.61,Card,,Card DR Zomato,CP-C1-FOOD,Zomato,Supplier,Card spend,Retail purchase,N,,,N,N,N,NA,,CBS_SYNTH,0.89,None,
TXN-C1-20260316-0447,ACC-CTB-003-SB1,CTB-RTL-003,2026-03-16,2026-03-16,2026-03-16T13:50:16,DR,1778.43,335750.18,Card,,Card DR Indian Oil Fuel,CP-C1-FUEL,Indian Oil Fuel,Supplier,Card spend,Retail purchase,N,,,N,N,N,NA,,CBS_SYNTH,0.96,None,
TXN-C1-20260317-0448,ACC-CTB-003-SB1,CTB-RTL-003,2026-03-17,2026-03-17,2026-03-17T12:58:46,CR,67285.98,403036.16,NEFT,,NEFT CR Monthly salary credit,CP-C1-INC,Monthly salary credit,Buyer,Income,Salary credit,N,,,N,N,N,NA,,CBS_SYNTH,0.97,None,
TXN-C1-20260317-0449,ACC-CTB-003-SB1,CTB-RTL-003,2026-03-17,2026-03-17,2026-03-17T17:50:14,DR,869.0,402167.16,Card,,Card DR MSEDCL / Utilities,CP-C1-UTIL,MSEDCL / Utilities,Supplier,Card spend,Retail purchase,N,,,N,N,N,NA,,CBS_SYNTH,0.98,None,
TXN-C1-20260318-0450,ACC-CTB-003-SB1,CTB-RTL-003,2026-03-18,2026-03-18,2026-03-18T14:25:35,DR,988.76,401178.4,Card,,Card DR Indian Oil Fuel,CP-C1-FUEL,Indian Oil Fuel,Supplier,Card spend,Retail purchase,N,,,N,N,N,NA,,CBS_SYNTH,0.88,None,
TXN-C1-20260319-0451,ACC-CTB-003-SB1,CTB-RTL-003,2026-03-19,2026-03-19,2026-03-19T14:31:39,DR,1189.96,399988.44,Card,,Card DR Zomato,CP-C1-FOOD,Zomato,Supplier,Card spend,Retail purchase,N,,,N,N,N,NA,,CBS_SYNTH,0.99,None,
TXN-C1-20260320-0452,ACC-CTB-003-SB1,CTB-RTL-003,2026-03-20,2026-03-20,2026-03-20T16:50:53,DR,2958.98,397029.46,ATM,,ATM DR ATM cash withdrawal,CP-C1-ATM,ATM cash withdrawal,Supplier,Cash,ATM withdrawal,N,,,Y,N,N,NA,,CBS_SYNTH,0.92,None,
TXN-C1-20260321-0453,ACC-CTB-003-SB1,CTB-RTL-003,2026-03-21,2026-03-21,2026-03-21T16:34:24,DR,2076.3,394953.16,Card,,Card DR Indian Oil Fuel,CP-C1-FUEL,Indian Oil Fuel,Supplier,Card spend,Retail purchase,N,,,N,N,N,NA,,CBS_SYNTH,0.92,None,
TXN-C1-20260323-0454,ACC-CTB-003-SB1,CTB-RTL-003,2026-03-23,2026-03-23,2026-03-23T16:30:15,DR,5364.85,389588.31,ATM,,ATM DR ATM cash withdrawal,CP-C1-ATM,ATM cash withdrawal,Supplier,Cash,ATM withdrawal,N,,,Y,N,N,NA,,CBS_SYNTH,0.91,None,
TXN-C1-20260324-0455,ACC-CTB-003-SB1,CTB-RTL-003,2026-03-24,2026-03-24,2026-03-24T15:49:31,DR,436.37,389151.94,Card,,Card DR Zomato,CP-C1-FOOD,Zomato,Supplier,Card spend,Retail purchase,N,,,N,N,N,NA,,CBS_SYNTH,0.98,None,
TXN-C1-20260325-0456,ACC-CTB-003-SB1,CTB-RTL-003,2026-03-25,2026-03-25,2026-03-25T11:48:55,DR,1660.35,387491.59,Card,,Card DR Zomato,CP-C1-FOOD,Zomato,Supplier,Card spend,Retail purchase,N,,,N,N,N,NA,,CBS_SYNTH,0.93,None,
TXN-C1-20260326-0457,ACC-CTB-003-SB1,CTB-RTL-003,2026-03-26,2026-03-26,2026-03-26T15:01:16,DR,4365.85,383125.74,Card,,Card DR GlobalMart Online,CP-C1-GM,GlobalMart Online,Supplier,Card spend,Retail purchase,N,,,N,N,N,NA,,CBS_SYNTH,0.97,None,
TXN-C1-20260327-0458,ACC-CTB-003-SB1,CTB-RTL-003,2026-03-27,2026-03-27,2026-03-27T12:00:29,DR,253.78,382871.96,Card,,Card DR Zomato,CP-C1-FOOD,Zomato,Supplier,Card spend,Retail purchase,N,,,N,N,N,NA,,CBS_SYNTH,0.89,None,
TXN-C1-20260328-0459,ACC-CTB-003-SB1,CTB-RTL-003,2026-03-28,2026-03-28,2026-03-28T18:12:43,DR,553.74,382318.22,Card,,Card DR Zomato,CP-C1-FOOD,Zomato,Supplier,Card spend,Retail purchase,N,,,N,N,N,NA,,CBS_SYNTH,0.95,None,
TXN-C1-20260330-0460,ACC-CTB-003-SB1,CTB-RTL-003,2026-03-30,2026-03-30,2026-03-30T17:46:31,DR,1011.17,381307.05,Card,,Card DR Indian Oil Fuel,CP-C1-FUEL,Indian Oil Fuel,Supplier,Card spend,Retail purchase,N,,,N,N,N,NA,,CBS_SYNTH,0.92,None,
TXN-C1-20260331-0461,ACC-CTB-003-SB1,CTB-RTL-003,2026-03-31,2026-03-31,2026-03-31T12:47:13,CR,1137.97,382445.02,Internal,,Internal CR Contoso Bank,CP-C1-BANK,Contoso Bank,Bank,Income,Savings interest,N,,,N,N,N,NA,,CBS_SYNTH,0.93,None,
TXN-C1-20260331-0462,ACC-CTB-003-SB1,CTB-RTL-003,2026-03-31,2026-03-31,2026-03-31T19:00:40,DR,569.23,381875.79,Card,,Card DR Indian Oil Fuel,CP-C1-FUEL,Indian Oil Fuel,Supplier,Card spend,Retail purchase,N,,,N,N,N,NA,,CBS_SYNTH,0.88,None,
TXN-C2-20250401-0001,ACC-CTB-004-SB1,CTB-RTL-004,2025-04-01,2025-04-01,2025-04-01T10:58:33,CR,39248.79,90248.79,NEFT,,NEFT CR Monthly salary credit,CP-C2-INC,Monthly salary credit,Buyer,Income,Salary credit,N,,,N,N,N,NA,,CBS_SYNTH,0.93,None,
TXN-C2-20250401-0002,ACC-CTB-004-SB1,CTB-RTL-004,2025-04-01,2025-04-01,2025-04-01T12:42:45,CR,41539.87,131788.66,NEFT,,NEFT CR Monthly salary credit,CP-C2-INC,Monthly salary credit,Buyer,Income,Salary credit,N,,,N,N,N,NA,,CBS_SYNTH,0.91,None,
TXN-C2-20250401-0003,ACC-CTB-004-SB1,CTB-RTL-004,2025-04-01,2025-04-01,2025-04-01T16:45:06,DR,992.07,130796.59,Card,,Card DR Zomato,CP-C2-FOOD,Zomato,Supplier,Card spend,Retail purchase,N,,,N,N,N,NA,,CBS_SYNTH,0.89,None,
TXN-C2-20250401-0004,ACC-CTB-004-SB1,CTB-RTL-004,2025-04-01,2025-04-01,2025-04-01T20:20:01,DR,3065.88,127730.71,Card,,Card DR GlobalMart Online,CP-C2-GM,GlobalMart Online,Supplier,Card spend,Retail purchase,N,,,N,N,N,NA,,CBS_SYNTH,0.93,None,
TXN-C2-20250402-0005,ACC-CTB-004-SB1,CTB-RTL-004,2025-04-02,2025-04-02,2025-04-02T11:07:14,DR,1673.24,126057.47,Card,,Card DR Indian Oil Fuel,CP-C2-FUEL,Indian Oil Fuel,Supplier,Card spend,Retail purchase,N,,,N,N,N,NA,,CBS_SYNTH,0.94,None,
TXN-C2-20250402-0006,ACC-CTB-004-SB1,CTB-RTL-004,2025-04-02,2025-04-02,2025-04-02T16:36:12,DR,855.57,125201.9,Card,,Card DR Indian Oil Fuel,CP-C2-FUEL,Indian Oil Fuel,Supplier,Card spend,Retail purchase,N,,,N,N,N,NA,,CBS_SYNTH,0.91,None,
TXN-C2-20250403-0007,ACC-CTB-004-SB1,CTB-RTL-004,2025-04-03,2025-04-03,2025-04-03T12:17:16,DR,211.08,124990.82,Card,,Card DR Zomato,CP-C2-FOOD,Zomato,Supplier,Card spend,Retail purchase,N,,,N,N,N,NA,,CBS_SYNTH,0.96,None,
TXN-C2-20250403-0008,ACC-CTB-004-SB1,CTB-RTL-004,2025-04-03,2025-04-03,2025-04-03T18:08:42,DR,1386.56,123604.26,Card,,Card DR Indian Oil Fuel,CP-C2-FUEL,Indian Oil Fuel,Supplier,Card spend,Retail purchase,N,,,N,N,N,NA,,CBS_SYNTH,0.98,None,
TXN-C2-20250404-0009,ACC-CTB-004-SB1,CTB-RTL-004,2025-04-04,2025-04-04,2025-04-04T15:59:26,DR,1821.66,121782.6,Card,,Card DR GlobalMart Online,CP-C2-GM,GlobalMart Online,Supplier,Card spend,Retail purchase,N,,,N,N,N,NA,,CBS_SYNTH,0.91,None,
TXN-C2-20250405-0010,ACC-CTB-004-SB1,CTB-RTL-004,2025-04-05,2025-04-05,2025-04-05T14:50:06,DR,4058.93,117723.67,Card,,Card DR GlobalMart Online,CP-C2-GM,GlobalMart Online,Supplier,Card spend,Retail purchase,N,,,N,N,N,NA,,CBS_SYNTH,0.96,None,
TXN-C2-20250406-0011,ACC-CTB-004-SB1,CTB-RTL-004,2025-04-06,2025-04-06,2025-04-06T11:36:15,DR,1489.34,116234.33,Card,,Card DR Indian Oil Fuel,CP-C2-FUEL,Indian Oil Fuel,Supplier,Card spend,Retail purchase,N,,,N,N,N,NA,,CBS_SYNTH,0.88,None,
TXN-C2-20250407-0012,ACC-CTB-004-SB1,CTB-RTL-004,2025-04-07,2025-04-07,2025-04-07T11:34:05,DR,18900.0,97334.33,AutoDebit,,AutoDebit DR Contoso Bank (Loan EMI),CP-C2-BANK,Contoso Bank (Loan EMI),Bank,EMI,Loan EMI,N,,,N,N,N,NA,FAC-C2-PL-001,CBS_SYNTH,0.97,None,
TXN-C2-20250407-0013,ACC-CTB-004-SB1,CTB-RTL-004,2025-04-07,2025-04-07,2025-04-07T19:29:52,DR,1264.56,96069.77,Card,,Card DR GlobalMart Online,CP-C2-GM,GlobalMart Online,Supplier,Card spend,Retail purchase,N,,,N,N,N,NA,,CBS_SYNTH,0.92,None,
TXN-C2-20250408-0014,ACC-CTB-004-SB1,CTB-RTL-004,2025-04-08,2025-04-08,2025-04-08T17:13:20,DR,4844.5,91225.27,Card,,Card DR Reliance Trends,CP-C2-SHOP,Reliance Trends,Supplier,Card spend,Retail purchase,N,,,N,N,N,NA,,CBS_SYNTH,0.97,None,
TXN-C2-20250409-0015,ACC-CTB-004-SB1,CTB-RTL-004,2025-04-09,2025-04-09,2025-04-09T18:24:28,DR,3562.5,87662.77,Card,,Card DR GlobalMart Online,CP-C2-GM,GlobalMart Online,Supplier,Card spend,Retail purchase,N,,,N,N,N,NA,,CBS_SYNTH,0.92,None,
TXN-C2-20250410-0016,ACC-CTB-004-SB1,CTB-RTL-004,2025-04-10,2025-04-10,2025-04-10T17:51:33,DR,1131.89,86530.88,Card,,Card DR Indian Oil Fuel,CP-C2-FUEL,Indian Oil Fuel,Supplier,Card spend,Retail purchase,N,,,N,N,N,NA,,CBS_SYNTH,0.98,None,
TXN-C2-20250411-0017,ACC-CTB-004-SB1,CTB-RTL-004,2025-04-11,2025-04-11,2025-04-11T17:06:33,DR,1481.05,85049.83,Card,,Card DR GlobalMart Online,CP-C2-GM,GlobalMart Online,Supplier,Card spend,Retail purchase,N,,,N,N,N,NA,,CBS_SYNTH,0.88,None,
TXN-C2-20250412-0018,ACC-CTB-004-SB1,CTB-RTL-004,2025-04-12,2025-04-12,2025-04-12T17:32:05,DR,3713.24,81336.59,ATM,,ATM DR ATM cash withdrawal,CP-C2-ATM,ATM cash withdrawal,Supplier,Cash,ATM withdrawal,N,,,Y,N,N,NA,,CBS_SYNTH,0.9,None,
TXN-C2-20250413-0019,ACC-CTB-004-SB1,CTB-RTL-004,2025-04-13,2025-04-13,2025-04-13T14:50:18,DR,1370.0,79966.59,Card,,Card DR Reliance Trends,CP-C2-SHOP,Reliance Trends,Supplier,Card spend,Retail purchase,N,,,N,N,N,NA,,CBS_SYNTH,0.93,None,
TXN-C2-20250414-0020,ACC-CTB-004-SB1,CTB-RTL-004,2025-04-14,2025-04-14,2025-04-14T16:41:49,DR,1944.47,78022.12,Card,,Card DR MSEDCL / Utilities,CP-C2-UTIL,MSEDCL / Utilities,Supplier,Card spend,Retail purchase,N,,,N,N,N,NA,,CBS_SYNTH,0.93,None,
TXN-C2-20250415-0021,ACC-CTB-004-SB1,CTB-RTL-004,2025-04-15,2025-04-15,2025-04-15T17:58:09,DR,1289.62,76732.5,Card,,Card DR Zomato,CP-C2-FOOD,Zomato,Supplier,Card spend,Retail purchase,N,,,N,N,N,NA,,CBS_SYNTH,0.96,None,
TXN-C2-20250416-0022,ACC-CTB-004-SB1,CTB-RTL-004,2025-04-16,2025-04-16,2025-04-16T10:01:11,CR,42232.16,118964.66,NEFT,,NEFT CR Monthly salary credit,CP-C2-INC,Monthly salary credit,Buyer,Income,Salary credit,N,,,N,N,N,NA,,CBS_SYNTH,0.95,None,
TXN-C2-20250416-0023,ACC-CTB-004-SB1,CTB-RTL-004,2025-04-16,2025-04-16,2025-04-16T16:13:57,DR,2402.13,116562.53,ATM,,ATM DR ATM cash withdrawal,CP-C2-ATM,ATM cash withdrawal,Supplier,Cash,ATM withdrawal,N,,,Y,N,N,NA,,CBS_SYNTH,0.89,None,
TXN-C2-20250416-0024,ACC-CTB-004-SB1,CTB-RTL-004,2025-04-16,2025-04-16,2025-04-16T20:07:36,DR,1698.32,114864.21,Card,,Card DR GlobalMart Online,CP-C2-GM,GlobalMart Online,Supplier,Card spend,Retail purchase,N,,,N,N,N,NA,,CBS_SYNTH,0.94,None,
TXN-C2-20250417-0025,ACC-CTB-004-SB1,CTB-RTL-004,2025-04-17,2025-04-17,2025-04-17T10:46:48,DR,1742.46,113121.75,Card,,Card DR GlobalMart Online,CP-C2-GM,GlobalMart Online,Supplier,Card spend,Retail purchase,N,,,N,N,N,NA,,CBS_SYNTH,0.97,None,
TXN-C2-20250417-0026,ACC-CTB-004-SB1,CTB-RTL-004,2025-04-17,2025-04-17,2025-04-17T17:26:23,DR,1396.32,111725.43,Card,,Card DR GlobalMart Online,CP-C2-GM,GlobalMart Online,Supplier,Card spend,Retail purchase,N,,,N,N,N,NA,,CBS_SYNTH,0.96,None,
TXN-C2-20250418-0027,ACC-CTB-004-SB1,CTB-RTL-004,2025-04-18,2025-04-18,2025-04-18T16:47:33,DR,1468.86,110256.57,ATM,,ATM DR ATM cash withdrawal,CP-C2-ATM,ATM cash withdrawal,Supplier,Cash,ATM withdrawal,N,,,Y,N,N,NA,,CBS_SYNTH,0.97,None,
TXN-C2-20250419-0028,ACC-CTB-004-SB1,CTB-RTL-004,2025-04-19,2025-04-19,2025-04-19T18:15:18,DR,2160.65,108095.92,Card,,Card DR Reliance Trends,CP-C2-SHOP,Reliance Trends,Supplier,Card spend,Retail purchase,N,,,N,N,N,NA,,CBS_SYNTH,0.92,None,
TXN-C2-20250420-0029,ACC-CTB-004-SB1,CTB-RTL-004,2025-04-20,2025-04-20,2025-04-20T11:49:54,DR,2049.85,106046.07,Card,,Card DR Indian Oil Fuel,CP-C2-FUEL,Indian Oil Fuel,Supplier,Card spend,Retail purchase,N,,,N,N,N,NA,,CBS_SYNTH,0.95,None,
TXN-C2-20250421-0030,ACC-CTB-004-SB1,CTB-RTL-004,2025-04-21,2025-04-21,2025-04-21T12:07:10,DR,645.62,105400.45,Card,,Card DR GlobalMart Online,CP-C2-GM,GlobalMart Online,Supplier,Card spend,Retail purchase,N,,,N,N,N,NA,,CBS_SYNTH,0.93,None,
TXN-C2-20250422-0031,ACC-CTB-004-SB1,CTB-RTL-004,2025-04-22,2025-04-22,2025-04-22T19:13:14,DR,1058.93,104341.52,Card,,Card DR Zomato,CP-C2-FOOD,Zomato,Supplier,Card spend,Retail purchase,N,,,N,N,N,NA,,CBS_SYNTH,0.95,None,
TXN-C2-20250423-0032,ACC-CTB-004-SB1,CTB-RTL-004,2025-04-23,2025-04-23,2025-04-23T18:24:18,DR,1156.86,103184.66,Card,,Card DR Zomato,CP-C2-FOOD,Zomato,Supplier,Card spend,Retail purchase,N,,,N,N,N,NA,,CBS_SYNTH,0.92,None,
TXN-C2-20250424-0033,ACC-CTB-004-SB1,CTB-RTL-004,2025-04-24,2025-04-24,2025-04-24T14:51:48,DR,2915.2,100269.46,Card,,Card DR Reliance Trends,CP-C2-SHOP,Reliance Trends,Supplier,Card spend,Retail purchase,N,,,N,N,N,NA,,CBS_SYNTH,0.96,None,
TXN-C2-20250425-0034,ACC-CTB-004-SB1,CTB-RTL-004,2025-04-25,2025-04-25,2025-04-25T12:16:44,DR,512.38,99757.08,Card,,Card DR Zomato,CP-C2-FOOD,Zomato,Supplier,Card spend,Retail purchase,N,,,N,N,N,NA,,CBS_SYNTH,0.93,None,
TXN-C2-20250426-0035,ACC-CTB-004-SB1,CTB-RTL-004,2025-04-26,2025-04-26,2025-04-26T17:13:17,DR,3810.99,95946.09,Card,,Card DR Reliance Trends,CP-C2-SHOP,Reliance Trends,Supplier,Card spend,Retail purchase,N,,,N,N,N,NA,,CBS_SYNTH,0.96,None,
TXN-C2-20250428-0036,ACC-CTB-004-SB1,CTB-RTL-004,2025-04-28,2025-04-28,2025-04-28T14:48:23,DR,2389.83,93556.26,ATM,,ATM DR ATM cash withdrawal,CP-C2-ATM,ATM cash withdrawal,Supplier,Cash,ATM withdrawal,N,,,Y,N,N,NA,,CBS_SYNTH,0.94,None,
TXN-C2-20250429-0037,ACC-CTB-004-SB1,CTB-RTL-004,2025-04-29,2025-04-29,2025-04-29T15:12:07,DR,372.92,93183.34,Card,,Card DR Indian Oil Fuel,CP-C2-FUEL,Indian Oil Fuel,Supplier,Card spend,Retail purchase,N,,,N,N,N,NA,,CBS_SYNTH,0.94,None,
TXN-C2-20250430-0038,ACC-CTB-004-SB1,CTB-RTL-004,2025-04-30,2025-04-30,2025-04-30T17:24:40,DR,769.32,92414.02,Card,,Card DR Zomato,CP-C2-FOOD,Zomato,Supplier,Card spend,Retail purchase,N,,,N,N,N,NA,,CBS_SYNTH,0.89,None,
TXN-C2-20250501-0039,ACC-CTB-004-SB1,CTB-RTL-004,2025-05-01,2025-05-01,2025-05-01T10:44:50,CR,37459.4,129873.42,NEFT,,NEFT CR Monthly salary credit,CP-C2-INC,Monthly salary credit,Buyer,Income,Salary credit,N,,,N,N,N,NA,,CBS_SYNTH,0.96,None,
TXN-C2-20250501-0040,ACC-CTB-004-SB1,CTB-RTL-004,2025-05-01,2025-05-01,2025-05-01T16:10:46,DR,998.02,128875.4,Card,,Card DR Zomato,CP-C2-FOOD,Zomato,Supplier,Card spend,Retail purchase,N,,,N,N,N,NA,,CBS_SYNTH,0.91,None,
TXN-C2-20250501-0041,ACC-CTB-004-SB1,CTB-RTL-004,2025-05-01,2025-05-01,2025-05-01T18:14:49,DR,888.88,127986.52,Card,,Card DR Zomato,CP-C2-FOOD,Zomato,Supplier,Card spend,Retail purchase,N,,,N,N,N,NA,,CBS_SYNTH,0.93,None,
TXN-C2-20250502-0042,ACC-CTB-004-SB1,CTB-RTL-004,2025-05-02,2025-05-02,2025-05-02T10:54:39,CR,40121.49,168108.01,NEFT,,NEFT CR Monthly salary credit,CP-C2-INC,Monthly salary credit,Buyer,Income,Salary credit,N,,,N,N,N,NA,,CBS_SYNTH,0.93,None,
TXN-C2-20250502-0043,ACC-CTB-004-SB1,CTB-RTL-004,2025-05-02,2025-05-02,2025-05-02T16:34:38,DR,2636.16,165471.85,Card,,Card DR Reliance Trends,CP-C2-SHOP,Reliance Trends,Supplier,Card spend,Retail purchase,N,,,N,N,N,NA,,CBS_SYNTH,0.92,None,
TXN-C2-20250502-0044,ACC-CTB-004-SB1,CTB-RTL-004,2025-05-02,2025-05-02,2025-05-02T20:12:13,DR,1596.49,163875.36,Card,,Card DR Reliance Trends,CP-C2-SHOP,Reliance Trends,Supplier,Card spend,Retail purchase,N,,,N,N,N,NA,,CBS_SYNTH,0.95,None,
TXN-C2-20250503-0045,ACC-CTB-004-SB1,CTB-RTL-004,2025-05-03,2025-05-03,2025-05-03T10:26:04,DR,699.99,163175.37,Card,,Card DR Zomato,CP-C2-FOOD,Zomato,Supplier,Card spend,Retail purchase,N,,,N,N,N,NA,,CBS_SYNTH,0.9,None,
TXN-C2-20250503-0046,ACC-CTB-004-SB1,CTB-RTL-004,2025-05-03,2025-05-03,2025-05-03T19:55:01,DR,1140.42,162034.95,Card,,Card DR Zomato,CP-C2-FOOD,Zomato,Supplier,Card spend,Retail purchase,N,,,N,N,N,NA,,CBS_SYNTH,0.89,None,
TXN-C2-20250504-0047,ACC-CTB-004-SB1,CTB-RTL-004,2025-05-04,2025-05-04,2025-05-04T15:52:22,DR,2283.89,159751.06,Card,,Card DR Reliance Trends,CP-C2-SHOP,Reliance Trends,Supplier,Card spend,Retail purchase,N,,,N,N,N,NA,,CBS_SYNTH,0.97,None,
TXN-C2-20250505-0048,ACC-CTB-004-SB1,CTB-RTL-004,2025-05-05,2025-05-05,2025-05-05T14:03:35,DR,4355.96,155395.1,ATM,,ATM DR ATM cash withdrawal,CP-C2-ATM,ATM cash withdrawal,Supplier,Cash,ATM withdrawal,N,,,Y,N,N,NA,,CBS_SYNTH,0.96,None,
TXN-C2-20250506-0049,ACC-CTB-004-SB1,CTB-RTL-004,2025-05-06,2025-05-06,2025-05-06T11:52:57,DR,912.74,154482.36,Card,,Card DR Zomato,CP-C2-FOOD,Zomato,Supplier,Card spend,Retail purchase,N,,,N,N,N,NA,,CBS_SYNTH,0.98,None,
TXN-C2-20250507-0050,ACC-CTB-004-SB1,CTB-RTL-004,2025-05-07,2025-05-07,2025-05-07T10:32:22,DR,4729.93,149752.43,Card,,Card DR Reliance Trends,CP-C2-SHOP,Reliance Trends,Supplier,Card spend,Retail purchase,N,,,N,N,N,NA,,CBS_SYNTH,0.95,None,
TXN-C2-20250507-0051,ACC-CTB-004-SB1,CTB-RTL-004,2025-05-07,2025-05-07,2025-05-07T17:45:20,DR,18900.0,130852.43,AutoDebit,,AutoDebit DR Contoso Bank (Loan EMI),CP-C2-BANK,Contoso Bank (Loan EMI),Bank,EMI,Loan EMI,N,,,N,N,N,NA,FAC-C2-PL-001,CBS_SYNTH,0.97,None,
TXN-C2-20250508-0052,ACC-CTB-004-SB1,CTB-RTL-004,2025-05-08,2025-05-08,2025-05-08T11:05:37,DR,1031.12,129821.31,Card,,Card DR Indian Oil Fuel,CP-C2-FUEL,Indian Oil Fuel,Supplier,Card spend,Retail purchase,N,,,N,N,N,NA,,CBS_SYNTH,0.98,None,
TXN-C2-20250509-0053,ACC-CTB-004-SB1,CTB-RTL-004,2025-05-09,2025-05-09,2025-05-09T14:53:32,DR,857.7,128963.61,Card,,Card DR GlobalMart Online,CP-C2-GM,GlobalMart Online,Supplier,Card spend,Retail purchase,N,,,N,N,N,NA,,CBS_SYNTH,0.98,None,
TXN-C2-20250510-0054,ACC-CTB-004-SB1,CTB-RTL-004,2025-05-10,2025-05-10,2025-05-10T19:02:21,DR,795.03,128168.58,Card,,Card DR Zomato,CP-C2-FOOD,Zomato,Supplier,Card spend,Retail purchase,N,,,N,N,N,NA,,CBS_SYNTH,0.96,None,
TXN-C2-20250511-0055,ACC-CTB-004-SB1,CTB-RTL-004,2025-05-11,2025-05-11,2025-05-11T16:08:14,DR,414.61,127753.97,Card,,Card DR Indian Oil Fuel,CP-C2-FUEL,Indian Oil Fuel,Supplier,Card spend,Retail purchase,N,,,N,N,N,NA,,CBS_SYNTH,0.88,None,
TXN-C2-20250512-0056,ACC-CTB-004-SB1,CTB-RTL-004,2025-05-12,2025-05-12,2025-05-12T14:04:59,DR,2185.28,125568.69,Card,,Card DR GlobalMart Online,CP-C2-GM,GlobalMart Online,Supplier,Card spend,Retail purchase,N,,,N,N,N,NA,,CBS_SYNTH,0.88,None,
TXN-C2-20250513-0057,ACC-CTB-004-SB1,CTB-RTL-004,2025-05-13,2025-05-13,2025-05-13T11:07:50,DR,808.58,124760.11,Card,,Card DR MSEDCL / Utilities,CP-C2-UTIL,MSEDCL / Utilities,Supplier,Card spend,Retail purchase,N,,,N,N,N,NA,,CBS_SYNTH,0.98,None,
TXN-C2-20250514-0058,ACC-CTB-004-SB1,CTB-RTL-004,2025-05-14,2025-05-14,2025-05-14T14:05:28,DR,2923.91,121836.2,Card,,Card DR GlobalMart Online,CP-C2-GM,GlobalMart Online,Supplier,Card spend,Retail purchase,N,,,N,N,N,NA,,CBS_SYNTH,0.92,None,
TXN-C2-20250515-0059,ACC-CTB-004-SB1,CTB-RTL-004,2025-05-15,2025-05-15,2025-05-15T19:06:47,DR,4841.95,116994.25,Card,,Card DR Reliance Trends,CP-C2-SHOP,Reliance Trends,Supplier,Card spend,Retail purchase,N,,,N,N,N,NA,,CBS_SYNTH,0.95,None,
TXN-C2-20250516-0060,ACC-CTB-004-SB1,CTB-RTL-004,2025-05-16,2025-05-16,2025-05-16T10:36:53,CR,47897.1,164891.35,NEFT,,NEFT CR Monthly salary credit,CP-C2-INC,Monthly salary credit,Buyer,Income,Salary credit,N,,,N,N,N,NA,,CBS_SYNTH,0.95,None,
TXN-C2-20250516-0061,ACC-CTB-004-SB1,CTB-RTL-004,2025-05-16,2025-05-16,2025-05-16T16:10:37,DR,1272.41,163618.94,Card,,Card DR Zomato,CP-C2-FOOD,Zomato,Supplier,Card spend,Retail purchase,N,,,N,N,N,NA,,CBS_SYNTH,0.9,None,
TXN-C2-20250516-0062,ACC-CTB-004-SB1,CTB-RTL-004,2025-05-16,2025-05-16,2025-05-16T19:33:06,DR,887.72,162731.22,Card,,Card DR Zomato,CP-C2-FOOD,Zomato,Supplier,Card spend,Retail purchase,N,,,N,N,N,NA,,CBS_SYNTH,0.92,None,
TXN-C2-20250517-0063,ACC-CTB-004-SB1,CTB-RTL-004,2025-05-17,2025-05-17,2025-05-17T11:18:51,DR,2059.69,160671.53,Card,,Card DR Indian Oil Fuel,CP-C2-FUEL,Indian Oil Fuel,Supplier,Card spend,Retail purchase,N,,,N,N,N,NA,,CBS_SYNTH,0.95,None,
TXN-C2-20250517-0064,ACC-CTB-004-SB1,CTB-RTL-004,2025-05-17,2025-05-17,2025-05-17T19:43:13,DR,2712.73,157958.8,Card,,Card DR GlobalMart Online,CP-C2-GM,GlobalMart Online,Supplier,Card spend,Retail purchase,N,,,N,N,N,NA,,CBS_SYNTH,0.94,None,
TXN-C2-20250518-0065,ACC-CTB-004-SB1,CTB-RTL-004,2025-05-18,2025-05-18,2025-05-18T15:20:45,DR,2422.61,155536.19,Card,,Card DR GlobalMart Online,CP-C2-GM,GlobalMart Online,Supplier,Card spend,Retail purchase,N,,,N,N,N,NA,,CBS_SYNTH,0.98,None,
TXN-C2-20250519-0066,ACC-CTB-004-SB1,CTB-RTL-004,2025-05-19,2025-05-19,2025-05-19T14:07:05,DR,194.29,155341.9,Card,,Card DR Zomato,CP-C2-FOOD,Zomato,Supplier,Card spend,Retail purchase,N,,,N,N,N,NA,,CBS_SYNTH,0.9,None,
TXN-C2-20250520-0067,ACC-CTB-004-SB1,CTB-RTL-004,2025-05-20,2025-05-20,2025-05-20T16:14:14,DR,1145.27,154196.63,Card,,Card DR Zomato,CP-C2-FOOD,Zomato,Supplier,Card spend,Retail purchase,N,,,N,N,N,NA,,CBS_SYNTH,0.9,None,
TXN-C2-20250521-0068,ACC-CTB-004-SB1,CTB-RTL-004,2025-05-21,2025-05-21,2025-05-21T13:44:42,DR,1189.54,153007.09,Card,,Card DR Reliance Trends,CP-C2-SHOP,Reliance Trends,Supplier,Card spend,Retail purchase,N,,,N,N,N,NA,,CBS_SYNTH,0.97,None,
TXN-C2-20250522-0069,ACC-CTB-004-SB1,CTB-RTL-004,2025-05-22,2025-05-22,2025-05-22T16:38:59,DR,2225.27,150781.82,ATM,,ATM DR ATM cash withdrawal,CP-C2-ATM,ATM cash withdrawal,Supplier,Cash,ATM withdrawal,N,,,Y,N,N,NA,,CBS_SYNTH,0.94,None,
TXN-C2-20250523-0070,ACC-CTB-004-SB1,CTB-RTL-004,2025-05-23,2025-05-23,2025-05-23T14:11:33,DR,1699.16,149082.66,Card,,Card DR Reliance Trends,CP-C2-SHOP,Reliance Trends,Supplier,Card spend,Retail purchase,N,,,N,N,N,NA,,CBS_SYNTH,0.92,None,
TXN-C2-20250524-0071,ACC-CTB-004-SB1,CTB-RTL-004,2025-05-24,2025-05-24,2025-05-24T18:56:15,DR,677.04,148405.62,Card,,Card DR GlobalMart Online,CP-C2-GM,GlobalMart Online,Supplier,Card spend,Retail purchase,N,,,N,N,N,NA,,CBS_SYNTH,0.98,None,
TXN-C2-20250525-0072,ACC-CTB-004-SB1,CTB-RTL-004,2025-05-25,2025-05-25,2025-05-25T13:53:17,DR,1340.87,147064.75,Card,,Card DR Zomato,CP-C2-FOOD,Zomato,Supplier,Card spend,Retail purchase,N,,,N,N,N,NA,,CBS_SYNTH,0.94,None,
TXN-C2-20250526-0073,ACC-CTB-004-SB1,CTB-RTL-004,2025-05-26,2025-05-26,2025-05-26T13:54:53,DR,3987.34,143077.41,Card,,Card DR Reliance Trends,CP-C2-SHOP,Reliance Trends,Supplier,Card spend,Retail purchase,N,,,N,N,N,NA,,CBS_SYNTH,0.96,None,
TXN-C2-20250527-0074,ACC-CTB-004-SB1,CTB-RTL-004,2025-05-27,2025-05-27,2025-05-27T18:47:58,DR,662.67,142414.74,Card,,Card DR Zomato,CP-C2-FOOD,Zomato,Supplier,Card spend,Retail purchase,N,,,N,N,N,NA,,CBS_SYNTH,0.9,None,
TXN-C2-20250528-0075,ACC-CTB-004-SB1,CTB-RTL-004,2025-05-28,2025-05-28,2025-05-28T18:02:09,DR,1606.56,140808.18,Card,,Card DR Indian Oil Fuel,CP-C2-FUEL,Indian Oil Fuel,Supplier,Card spend,Retail purchase,N,,,N,N,N,NA,,CBS_SYNTH,0.97,None,
TXN-C2-20250529-0076,ACC-CTB-004-SB1,CTB-RTL-004,2025-05-29,2025-05-29,2025-05-29T18:05:35,DR,963.46,139844.72,Card,,Card DR GlobalMart Online,CP-C2-GM,GlobalMart Online,Supplier,Card spend,Retail purchase,N,,,N,N,N,NA,,CBS_SYNTH,0.94,None,
TXN-C2-20250530-0077,ACC-CTB-004-SB1,CTB-RTL-004,2025-05-30,2025-05-30,2025-05-30T16:27:23,DR,3486.4,136358.32,ATM,,ATM DR ATM cash withdrawal,CP-C2-ATM,ATM cash withdrawal,Supplier,Cash,ATM withdrawal,N,,,Y,N,N,NA,,CBS_SYNTH,0.94,None,
TXN-C2-20250531-0078,ACC-CTB-004-SB1,CTB-RTL-004,2025-05-31,2025-05-31,2025-05-31T13:19:20,DR,1845.23,134513.09,Card,,Card DR Reliance Trends,CP-C2-SHOP,Reliance Trends,Supplier,Card spend,Retail purchase,N,,,N,N,N,NA,,CBS_SYNTH,0.97,None,
TXN-C2-20250601-0079,ACC-CTB-004-SB1,CTB-RTL-004,2025-06-01,2025-06-01,2025-06-01T11:08:43,DR,2500.73,132012.36,Card,,Card DR Reliance Trends,CP-C2-SHOP,Reliance Trends,Supplier,Card spend,Retail purchase,N,,,N,N,N,NA,,CBS_SYNTH,0.89,None,
TXN-C2-20250602-0080,ACC-CTB-004-SB1,CTB-RTL-004,2025-06-02,2025-06-02,2025-06-02T10:19:48,CR,43177.59,175189.95,NEFT,,NEFT CR Monthly salary credit,CP-C2-INC,Monthly salary credit,Buyer,Income,Salary credit,N,,,N,N,N,NA,,CBS_SYNTH,0.96,None,
TXN-C2-20250602-0081,ACC-CTB-004-SB1,CTB-RTL-004,2025-06-02,2025-06-02,2025-06-02T14:37:38,DR,1842.31,173347.64,Card,,Card DR Indian Oil Fuel,CP-C2-FUEL,Indian Oil Fuel,Supplier,Card spend,Retail purchase,N,,,N,N,N,NA,,CBS_SYNTH,0.88,None,
TXN-C2-20250602-0082,ACC-CTB-004-SB1,CTB-RTL-004,2025-06-02,2025-06-02,2025-06-02T19:21:50,DR,879.69,172467.95,Card,,Card DR Zomato,CP-C2-FOOD,Zomato,Supplier,Card spend,Retail purchase,N,,,N,N,N,NA,,CBS_SYNTH,0.89,None,
TXN-C2-20250603-0083,ACC-CTB-004-SB1,CTB-RTL-004,2025-06-03,2025-06-03,2025-06-03T11:35:10,DR,5569.42,166898.53,ATM,,ATM DR ATM cash withdrawal,CP-C2-ATM,ATM cash withdrawal,Supplier,Cash,ATM withdrawal,N,,,Y,N,N,NA,,CBS_SYNTH,0.99,None,
TXN-C2-20250603-0084,ACC-CTB-004-SB1,CTB-RTL-004,2025-06-03,2025-06-03,2025-06-03T19:59:11,DR,3775.05,163123.48,Card,,Card DR Reliance Trends,CP-C2-SHOP,Reliance Trends,Supplier,Card spend,Retail purchase,N,,,N,N,N,NA,,CBS_SYNTH,0.96,None,
TXN-C2-20250604-0085,ACC-CTB-004-SB1,CTB-RTL-004,2025-06-04,2025-06-04,2025-06-04T19:01:27,DR,4210.36,158913.12,Card,,Card DR Reliance Trends,CP-C2-SHOP,Reliance Trends,Supplier,Card spend,Retail purchase,N,,,N,N,N,NA,,CBS_SYNTH,0.93,None,
TXN-C2-20250605-0086,ACC-CTB-004-SB1,CTB-RTL-004,2025-06-05,2025-06-05,2025-06-05T17:06:16,DR,278.9,158634.22,Card,,Card DR Zomato,CP-C2-FOOD,Zomato,Supplier,Card spend,Retail purchase,N,,,N,N,N,NA,,CBS_SYNTH,0.96,None,
TXN-C2-20250606-0087,ACC-CTB-004-SB1,CTB-RTL-004,2025-06-06,2025-06-06,2025-06-06T18:58:25,DR,1272.59,157361.63,Card,,Card DR Reliance Trends,CP-C2-SHOP,Reliance Trends,Supplier,Card spend,Retail purchase,N,,,N,N,N,NA,,CBS_SYNTH,0.97,None,
TXN-C2-20250607-0088,ACC-CTB-004-SB1,CTB-RTL-004,2025-06-07,2025-06-07,2025-06-07T12:42:39,DR,1211.09,156150.54,Card,,Card DR Indian Oil Fuel,CP-C2-FUEL,Indian Oil Fuel,Supplier,Card spend,Retail purchase,N,,,N,N,N,NA,,CBS_SYNTH,0.94,None,
TXN-C2-20250607-0089,ACC-CTB-004-SB1,CTB-RTL-004,2025-06-07,2025-06-07,2025-06-07T16:18:21,DR,18900.0,137250.54,AutoDebit,,AutoDebit DR Contoso Bank (Loan EMI),CP-C2-BANK,Contoso Bank (Loan EMI),Bank,EMI,Loan EMI,N,,,N,N,N,NA,FAC-C2-PL-001,CBS_SYNTH,0.97,None,
TXN-C2-20250608-0090,ACC-CTB-004-SB1,CTB-RTL-004,2025-06-08,2025-06-08,2025-06-08T17:05:14,DR,659.34,136591.2,Card,,Card DR Zomato,CP-C2-FOOD,Zomato,Supplier,Card spend,Retail purchase,N,,,N,N,N,NA,,CBS_SYNTH,0.93,None,
TXN-C2-20250609-0091,ACC-CTB-004-SB1,CTB-RTL-004,2025-06-09,2025-06-09,2025-06-09T12:39:59,DR,906.95,135684.25,Card,,Card DR MSEDCL / Utilities,CP-C2-UTIL,MSEDCL / Utilities,Supplier,Card spend,Retail purchase,N,,,N,N,N,NA,,CBS_SYNTH,0.94,None,
TXN-C2-20250610-0092,ACC-CTB-004-SB1,CTB-RTL-004,2025-06-10,2025-06-10,2025-06-10T14:50:57,DR,294.25,135390.0,Card,,Card DR Zomato,CP-C2-FOOD,Zomato,Supplier,Card spend,Retail purchase,N,,,N,N,N,NA,,CBS_SYNTH,0.88,None,
TXN-C2-20250611-0093,ACC-CTB-004-SB1,CTB-RTL-004,2025-06-11,2025-06-11,2025-06-11T18:49:51,DR,720.02,134669.98,Card,,Card DR Indian Oil Fuel,CP-C2-FUEL,Indian Oil Fuel,Supplier,Card spend,Retail purchase,N,,,N,N,N,NA,,CBS_SYNTH,0.89,None,
TXN-C2-20250612-0094,ACC-CTB-004-SB1,CTB-RTL-004,2025-06-12,2025-06-12,2025-06-12T13:34:00,DR,1549.52,133120.46,Card,,Card DR Indian Oil Fuel,CP-C2-FUEL,Indian Oil Fuel,Supplier,Card spend,Retail purchase,N,,,N,N,N,NA,,CBS_SYNTH,0.93,None,
TXN-C2-20250613-0095,ACC-CTB-004-SB1,CTB-RTL-004,2025-06-13,2025-06-13,2025-06-13T19:06:02,DR,788.98,132331.48,Card,,Card DR Indian Oil Fuel,CP-C2-FUEL,Indian Oil Fuel,Supplier,Card spend,Retail purchase,N,,,N,N,N,NA,,CBS_SYNTH,0.92,None,
TXN-C2-20250614-0096,ACC-CTB-004-SB1,CTB-RTL-004,2025-06-14,2025-06-14,2025-06-14T15:17:58,DR,508.02,131823.46,Card,,Card DR MSEDCL / Utilities,CP-C2-UTIL,MSEDCL / Utilities,Supplier,Card spend,Retail purchase,N,,,N,N,N,NA,,CBS_SYNTH,0.91,None,
TXN-C2-20250615-0097,ACC-CTB-004-SB1,CTB-RTL-004,2025-06-15,2025-06-15,2025-06-15T16:03:13,DR,3587.6,128235.86,Card,,Card DR GlobalMart Online,CP-C2-GM,GlobalMart Online,Supplier,Card spend,Retail purchase,N,,,N,N,N,NA,,CBS_SYNTH,0.93,None,
TXN-C2-20250616-0098,ACC-CTB-004-SB1,CTB-RTL-004,2025-06-16,2025-06-16,2025-06-16T11:52:16,DR,669.74,127566.12,Card,,Card DR Indian Oil Fuel,CP-C2-FUEL,Indian Oil Fuel,Supplier,Card spend,Retail purchase,N,,,N,N,N,NA,,CBS_SYNTH,0.95,None,
TXN-C2-20250616-0099,ACC-CTB-004-SB1,CTB-RTL-004,2025-06-16,2025-06-16,2025-06-16T16:29:26,DR,2045.08,125521.04,Card,,Card DR MSEDCL / Utilities,CP-C2-UTIL,MSEDCL / Utilities,Supplier,Card spend,Retail purchase,N,,,N,N,N,NA,,CBS_SYNTH,0.88,None,
TXN-C2-20250617-0100,ACC-CTB-004-SB1,CTB-RTL-004,2025-06-17,2025-06-17,2025-06-17T10:59:14,CR,45040.7,170561.74,NEFT,,NEFT CR Monthly salary credit,CP-C2-INC,Monthly salary credit,Buyer,Income,Salary credit,N,,,N,N,N,NA,,CBS_SYNTH,0.94,None,
TXN-C2-20250617-0101,ACC-CTB-004-SB1,CTB-RTL-004,2025-06-17,2025-06-17,2025-06-17T15:27:29,DR,251.73,170310.01,Card,,Card DR Zomato,CP-C2-FOOD,Zomato,Supplier,Card spend,Retail purchase,N,,,N,N,N,NA,,CBS_SYNTH,0.88,None,
TXN-C2-20250617-0102,ACC-CTB-004-SB1,CTB-RTL-004,2025-06-17,2025-06-17,2025-06-17T18:51:03,DR,755.4,169554.61,Card,,Card DR Zomato,CP-C2-FOOD,Zomato,Supplier,Card spend,Retail purchase,N,,,N,N,N,NA,,CBS_SYNTH,0.92,None,
TXN-C2-20250618-0103,ACC-CTB-004-SB1,CTB-RTL-004,2025-06-18,2025-06-18,2025-06-18T13:01:19,DR,2140.12,167414.49,Card,,Card DR GlobalMart Online,CP-C2-GM,GlobalMart Online,Supplier,Card spend,Retail purchase,N,,,N,N,N,NA,,CBS_SYNTH,0.97,None,
TXN-C2-20250619-0104,ACC-CTB-004-SB1,CTB-RTL-004,2025-06-19,2025-06-19,2025-06-19T17:28:35,DR,4490.65,162923.84,Card,,Card DR Reliance Trends,CP-C2-SHOP,Reliance Trends,Supplier,Card spend,Retail purchase,N,,,N,N,N,NA,,CBS_SYNTH,0.93,None,
TXN-C2-20250620-0105,ACC-CTB-004-SB1,CTB-RTL-004,2025-06-20,2025-06-20,2025-06-20T16:59:52,DR,827.69,162096.15,Card,,Card DR Indian Oil Fuel,CP-C2-FUEL,Indian Oil Fuel,Supplier,Card spend,Retail purchase,N,,,N,N,N,NA,,CBS_SYNTH,0.92,None,
TXN-C2-20250621-0106,ACC-CTB-004-SB1,CTB-RTL-004,2025-06-21,2025-06-21,2025-06-21T19:22:18,DR,1177.15,160919.0,Card,,Card DR Indian Oil Fuel,CP-C2-FUEL,Indian Oil Fuel,Supplier,Card spend,Retail purchase,N,,,N,N,N,NA,,CBS_SYNTH,0.93,None,
TXN-C2-20250622-0107,ACC-CTB-004-SB1,CTB-RTL-004,2025-06-22,2025-06-22,2025-06-22T11:39:39,DR,1310.12,159608.88,Card,,Card DR Indian Oil Fuel,CP-C2-FUEL,Indian Oil Fuel,Supplier,Card spend,Retail purchase,N,,,N,N,N,NA,,CBS_SYNTH,0.93,None,
TXN-C2-20250623-0108,ACC-CTB-004-SB1,CTB-RTL-004,2025-06-23,2025-06-23,2025-06-23T12:02:39,DR,2289.89,157318.99,Card,,Card DR GlobalMart Online,CP-C2-GM,GlobalMart Online,Supplier,Card spend,Retail purchase,N,,,N,N,N,NA,,CBS_SYNTH,0.97,None,
TXN-C2-20250624-0109,ACC-CTB-004-SB1,CTB-RTL-004,2025-06-24,2025-06-24,2025-06-24T11:20:47,DR,2254.87,155064.12,Card,,Card DR GlobalMart Online,CP-C2-GM,GlobalMart Online,Supplier,Card spend,Retail purchase,N,,,N,N,N,NA,,CBS_SYNTH,0.94,None,
TXN-C2-20250625-0110,ACC-CTB-004-SB1,CTB-RTL-004,2025-06-25,2025-06-25,2025-06-25T16:09:10,DR,1082.71,153981.41,Card,,Card DR Zomato,CP-C2-FOOD,Zomato,Supplier,Card spend,Retail purchase,N,,,N,N,N,NA,,CBS_SYNTH,0.93,None,
TXN-C2-20250626-0111,ACC-CTB-004-SB1,CTB-RTL-004,2025-06-26,2025-06-26,2025-06-26T13:48:40,DR,3727.11,150254.3,Card,,Card DR Reliance Trends,CP-C2-SHOP,Reliance Trends,Supplier,Card spend,Retail purchase,N,,,N,N,N,NA,,CBS_SYNTH,0.91,None,
TXN-C2-20250627-0112,ACC-CTB-004-SB1,CTB-RTL-004,2025-06-27,2025-06-27,2025-06-27T13:30:06,DR,316.7,149937.6,Card,,Card DR Zomato,CP-C2-FOOD,Zomato,Supplier,Card spend,Retail purchase,N,,,N,N,N,NA,,CBS_SYNTH,0.9,None,
TXN-C2-20250628-0113,ACC-CTB-004-SB1,CTB-RTL-004,2025-06-28,2025-06-28,2025-06-28T13:49:23,DR,2043.12,147894.48,Card,,Card DR GlobalMart Online,CP-C2-GM,GlobalMart Online,Supplier,Card spend,Retail purchase,N,,,N,N,N,NA,,CBS_SYNTH,0.88,None,
TXN-C2-20250630-0114,ACC-CTB-004-SB1,CTB-RTL-004,2025-06-30,2025-06-30,2025-06-30T12:33:38,CR,1085.52,148980.0,Internal,,Internal CR Contoso Bank,CP-C2-BANK,Contoso Bank,Bank,Income,Savings interest,N,,,N,N,N,NA,,CBS_SYNTH,0.93,None,
TXN-C2-20250630-0115,ACC-CTB-004-SB1,CTB-RTL-004,2025-06-30,2025-06-30,2025-06-30T18:45:48,DR,1968.62,147011.38,Card,,Card DR Indian Oil Fuel,CP-C2-FUEL,Indian Oil Fuel,Supplier,Card spend,Retail purchase,N,,,N,N,N,NA,,CBS_SYNTH,0.94,None,
TXN-C2-20250701-0116,ACC-CTB-004-SB1,CTB-RTL-004,2025-07-01,2025-07-01,2025-07-01T10:32:47,CR,40714.03,187725.41,NEFT,,NEFT CR Monthly salary credit,CP-C2-INC,Monthly salary credit,Buyer,Income,Salary credit,N,,,N,N,N,NA,,CBS_SYNTH,0.96,None,
TXN-C2-20250701-0117,ACC-CTB-004-SB1,CTB-RTL-004,2025-07-01,2025-07-01,2025-07-01T15:46:44,DR,1223.21,186502.2,Card,,Card DR Zomato,CP-C2-FOOD,Zomato,Supplier,Card spend,Retail purchase,N,,,N,N,N,NA,,CBS_SYNTH,0.91,None,
TXN-C2-20250701-0118,ACC-CTB-004-SB1,CTB-RTL-004,2025-07-01,2025-07-01,2025-07-01T19:32:12,DR,1321.59,185180.61,Card,,Card DR Zomato,CP-C2-FOOD,Zomato,Supplier,Card spend,Retail purchase,N,,,N,N,N,NA,,CBS_SYNTH,0.98,None,
TXN-C2-20250702-0119,ACC-CTB-004-SB1,CTB-RTL-004,2025-07-02,2025-07-02,2025-07-02T10:57:10,DR,5084.44,180096.17,ATM,,ATM DR ATM cash withdrawal,CP-C2-ATM,ATM cash withdrawal,Supplier,Cash,ATM withdrawal,N,,,Y,N,N,NA,,CBS_SYNTH,0.9,None,
TXN-C2-20250702-0120,ACC-CTB-004-SB1,CTB-RTL-004,2025-07-02,2025-07-02,2025-07-02T18:31:14,DR,1952.24,178143.93,ATM,,ATM DR ATM cash withdrawal,CP-C2-ATM,ATM cash withdrawal,Supplier,Cash,ATM withdrawal,N,,,Y,N,N,NA,,CBS_SYNTH,0.97,None,
TXN-C2-20250703-0121,ACC-CTB-004-SB1,CTB-RTL-004,2025-07-03,2025-07-03,2025-07-03T10:57:19,DR,1041.32,177102.61,Card,,Card DR MSEDCL / Utilities,CP-C2-UTIL,MSEDCL / Utilities,Supplier,Card spend,Retail purchase,N,,,N,N,N,NA,,CBS_SYNTH,0.98,None,
TXN-C2-20250703-0122,ACC-CTB-004-SB1,CTB-RTL-004,2025-07-03,2025-07-03,2025-07-03T17:05:47,DR,712.91,176389.7,Card,,Card DR Indian Oil Fuel,CP-C2-FUEL,Indian Oil Fuel,Supplier,Card spend,Retail purchase,N,,,N,N,N,NA,,CBS_SYNTH,0.89,None,
TXN-C2-20250704-0123,ACC-CTB-004-SB1,CTB-RTL-004,2025-07-04,2025-07-04,2025-07-04T12:55:58,DR,1881.67,174508.03,Card,,Card DR GlobalMart Online,CP-C2-GM,GlobalMart Online,Supplier,Card spend,Retail purchase,N,,,N,N,N,NA,,CBS_SYNTH,0.93,None,
TXN-C2-20250705-0124,ACC-CTB-004-SB1,CTB-RTL-004,2025-07-05,2025-07-05,2025-07-05T16:54:40,DR,589.72,173918.31,Card,,Card DR MSEDCL / Utilities,CP-C2-UTIL,MSEDCL / Utilities,Supplier,Card spend,Retail purchase,N,,,N,N,N,NA,,CBS_SYNTH,0.88,None,
TXN-C2-20250706-0125,ACC-CTB-004-SB1,CTB-RTL-004,2025-07-06,2025-07-06,2025-07-06T13:10:53,DR,2146.07,171772.24,Card,,Card DR Reliance Trends,CP-C2-SHOP,Reliance Trends,Supplier,Card spend,Retail purchase,N,,,N,N,N,NA,,CBS_SYNTH,0.88,None,
TXN-C2-20250707-0126,ACC-CTB-004-SB1,CTB-RTL-004,2025-07-07,2025-07-07,2025-07-07T13:34:20,DR,18900.0,152872.24,AutoDebit,,AutoDebit DR Contoso Bank (Loan EMI),CP-C2-BANK,Contoso Bank (Loan EMI),Bank,EMI,Loan EMI,N,,,N,N,N,NA,FAC-C2-PL-001,CBS_SYNTH,0.97,None,
TXN-C2-20250707-0127,ACC-CTB-004-SB1,CTB-RTL-004,2025-07-07,2025-07-07,2025-07-07T16:29:12,DR,614.85,152257.39,Card,,Card DR Zomato,CP-C2-FOOD,Zomato,Supplier,Card spend,Retail purchase,N,,,N,N,N,NA,,CBS_SYNTH,0.88,None,
TXN-C2-20250708-0128,ACC-CTB-004-SB1,CTB-RTL-004,2025-07-08,2025-07-08,2025-07-08T12:59:00,DR,1383.3,150874.09,Card,,Card DR Zomato,CP-C2-FOOD,Zomato,Supplier,Card spend,Retail purchase,N,,,N,N,N,NA,,CBS_SYNTH,0.91,None,
TXN-C2-20250709-0129,ACC-CTB-004-SB1,CTB-RTL-004,2025-07-09,2025-07-09,2025-07-09T15:54:05,DR,1051.13,149822.96,Card,,Card DR Zomato,CP-C2-FOOD,Zomato,Supplier,Card spend,Retail purchase,N,,,N,N,N,NA,,CBS_SYNTH,0.99,None,
TXN-C2-20250710-0130,ACC-CTB-004-SB1,CTB-RTL-004,2025-07-10,2025-07-10,2025-07-10T15:52:07,DR,1243.58,148579.38,Card,,Card DR Indian Oil Fuel,CP-C2-FUEL,Indian Oil Fuel,Supplier,Card spend,Retail purchase,N,,,N,N,N,NA,,CBS_SYNTH,0.98,None,
TXN-C2-20250711-0131,ACC-CTB-004-SB1,CTB-RTL-004,2025-07-11,2025-07-11,2025-07-11T16:38:02,DR,4399.23,144180.15,Card,,Card DR Reliance Trends,CP-C2-SHOP,Reliance Trends,Supplier,Card spend,Retail purchase,N,,,N,N,N,NA,,CBS_SYNTH,0.9,None,
TXN-C2-20250712-0132,ACC-CTB-004-SB1,CTB-RTL-004,2025-07-12,2025-07-12,2025-07-12T15:54:37,DR,479.7,143700.45,Card,,Card DR Zomato,CP-C2-FOOD,Zomato,Supplier,Card spend,Retail purchase,N,,,N,N,N,NA,,CBS_SYNTH,0.97,None,
TXN-C2-20250713-0133,ACC-CTB-004-SB1,CTB-RTL-004,2025-07-13,2025-07-13,2025-07-13T18:56:44,DR,2733.0,140967.45,Card,,Card DR GlobalMart Online,CP-C2-GM,GlobalMart Online,Supplier,Card spend,Retail purchase,N,,,N,N,N,NA,,CBS_SYNTH,0.9,None,
TXN-C2-20250714-0134,ACC-CTB-004-SB1,CTB-RTL-004,2025-07-14,2025-07-14,2025-07-14T16:47:33,DR,2009.99,138957.46,Card,,Card DR GlobalMart Online,CP-C2-GM,GlobalMart Online,Supplier,Card spend,Retail purchase,N,,,N,N,N,NA,,CBS_SYNTH,0.89,None,
TXN-C2-20250715-0135,ACC-CTB-004-SB1,CTB-RTL-004,2025-07-15,2025-07-15,2025-07-15T12:25:18,DR,988.28,137969.18,Card,,Card DR Zomato,CP-C2-FOOD,Zomato,Supplier,Card spend,Retail purchase,N,,,N,N,N,NA,,CBS_SYNTH,0.93,None,
TXN-C2-20250716-0136,ACC-CTB-004-SB1,CTB-RTL-004,2025-07-16,2025-07-16,2025-07-16T10:22:57,CR,46905.75,184874.93,NEFT,,NEFT CR Monthly salary credit,CP-C2-INC,Monthly salary credit,Buyer,Income,Salary credit,N,,,N,N,N,NA,,CBS_SYNTH,0.92,None,
TXN-C2-20250716-0137,ACC-CTB-004-SB1,CTB-RTL-004,2025-07-16,2025-07-16,2025-07-16T16:08:28,DR,840.85,184034.08,Card,,Card DR GlobalMart Online,CP-C2-GM,GlobalMart Online,Supplier,Card spend,Retail purchase,N,,,N,N,N,NA,,CBS_SYNTH,0.95,None,
TXN-C2-20250716-0138,ACC-CTB-004-SB1,CTB-RTL-004,2025-07-16,2025-07-16,2025-07-16T19:50:41,DR,851.61,183182.47,Card,,Card DR Reliance Trends,CP-C2-SHOP,Reliance Trends,Supplier,Card spend,Retail purchase,N,,,N,N,N,NA,,CBS_SYNTH,0.95,None,
TXN-C2-20250717-0139,ACC-CTB-004-SB1,CTB-RTL-004,2025-07-17,2025-07-17,2025-07-17T12:30:11,DR,1287.4,181895.07,Card,,Card DR Zomato,CP-C2-FOOD,Zomato,Supplier,Card spend,Retail purchase,N,,,N,N,N,NA,,CBS_SYNTH,0.95,None,
TXN-C2-20250717-0140,ACC-CTB-004-SB1,CTB-RTL-004,2025-07-17,2025-07-17,2025-07-17T19:45:34,DR,2353.57,179541.5,Card,,Card DR Reliance Trends,CP-C2-SHOP,Reliance Trends,Supplier,Card spend,Retail purchase,N,,,N,N,N,NA,,CBS_SYNTH,0.89,None,
TXN-C2-20250718-0141,ACC-CTB-004-SB1,CTB-RTL-004,2025-07-18,2025-07-18,2025-07-18T13:11:19,DR,1718.32,177823.18,Card,,Card DR MSEDCL / Utilities,CP-C2-UTIL,MSEDCL / Utilities,Supplier,Card spend,Retail purchase,N,,,N,N,N,NA,,CBS_SYNTH,0.95,None,
TXN-C2-20250719-0142,ACC-CTB-004-SB1,CTB-RTL-004,2025-07-19,2025-07-19,2025-07-19T11:39:26,DR,3994.5,173828.68,Card,,Card DR GlobalMart Online,CP-C2-GM,GlobalMart Online,Supplier,Card spend,Retail purchase,N,,,N,N,N,NA,,CBS_SYNTH,0.96,None,
TXN-C2-20250720-0143,ACC-CTB-004-SB1,CTB-RTL-004,2025-07-20,2025-07-20,2025-07-20T16:49:19,DR,1453.86,172374.82,Card,,Card DR MSEDCL / Utilities,CP-C2-UTIL,MSEDCL / Utilities,Supplier,Card spend,Retail purchase,N,,,N,N,N,NA,,CBS_SYNTH,0.88,None,
TXN-C2-20250721-0144,ACC-CTB-004-SB1,CTB-RTL-004,2025-07-21,2025-07-21,2025-07-21T16:13:32,DR,4693.72,167681.1,ATM,,ATM DR ATM cash withdrawal,CP-C2-ATM,ATM cash withdrawal,Supplier,Cash,ATM withdrawal,N,,,Y,N,N,NA,,CBS_SYNTH,0.88,None,
TXN-C2-20250722-0145,ACC-CTB-004-SB1,CTB-RTL-004,2025-07-22,2025-07-22,2025-07-22T13:34:16,DR,4192.86,163488.24,ATM,,ATM DR ATM cash withdrawal,CP-C2-ATM,ATM cash withdrawal,Supplier,Cash,ATM withdrawal,N,,,Y,N,N,NA,,CBS_SYNTH,0.89,None,
TXN-C2-20250723-0146,ACC-CTB-004-SB1,CTB-RTL-004,2025-07-23,2025-07-23,2025-07-23T14:41:46,DR,4354.85,159133.39,Card,,Card DR Reliance Trends,CP-C2-SHOP,Reliance Trends,Supplier,Card spend,Retail purchase,N,,,N,N,N,NA,,CBS_SYNTH,0.97,None,
TXN-C2-20250724-0147,ACC-CTB-004-SB1,CTB-RTL-004,2025-07-24,2025-07-24,2025-07-24T16:04:04,DR,4350.33,154783.06,Card,,Card DR Reliance Trends,CP-C2-SHOP,Reliance Trends,Supplier,Card spend,Retail purchase,N,,,N,N,N,NA,,CBS_SYNTH,0.89,None,
TXN-C2-20250725-0148,ACC-CTB-004-SB1,CTB-RTL-004,2025-07-25,2025-07-25,2025-07-25T13:35:34,DR,810.65,153972.41,Card,,Card DR MSEDCL / Utilities,CP-C2-UTIL,MSEDCL / Utilities,Supplier,Card spend,Retail purchase,N,,,N,N,N,NA,,CBS_SYNTH,0.94,None,
TXN-C2-20250726-0149,ACC-CTB-004-SB1,CTB-RTL-004,2025-07-26,2025-07-26,2025-07-26T13:04:15,DR,2555.56,151416.85,Card,,Card DR GlobalMart Online,CP-C2-GM,GlobalMart Online,Supplier,Card spend,Retail purchase,N,,,N,N,N,NA,,CBS_SYNTH,0.89,None,
TXN-C2-20250728-0150,ACC-CTB-004-SB1,CTB-RTL-004,2025-07-28,2025-07-28,2025-07-28T18:28:41,DR,1845.42,149571.43,Card,,Card DR Indian Oil Fuel,CP-C2-FUEL,Indian Oil Fuel,Supplier,Card spend,Retail purchase,N,,,N,N,N,NA,,CBS_SYNTH,0.97,None,
TXN-C2-20250729-0151,ACC-CTB-004-SB1,CTB-RTL-004,2025-07-29,2025-07-29,2025-07-29T17:51:32,DR,796.52,148774.91,Card,,Card DR Zomato,CP-C2-FOOD,Zomato,Supplier,Card spend,Retail purchase,N,,,N,N,N,NA,,CBS_SYNTH,0.98,None,
TXN-C2-20250730-0152,ACC-CTB-004-SB1,CTB-RTL-004,2025-07-30,2025-07-30,2025-07-30T16:38:05,DR,1213.39,147561.52,Card,,Card DR Reliance Trends,CP-C2-SHOP,Reliance Trends,Supplier,Card spend,Retail purchase,N,,,N,N,N,NA,,CBS_SYNTH,0.96,None,
TXN-C2-20250731-0153,ACC-CTB-004-SB1,CTB-RTL-004,2025-07-31,2025-07-31,2025-07-31T19:06:07,DR,1756.2,145805.32,Card,,Card DR GlobalMart Online,CP-C2-GM,GlobalMart Online,Supplier,Card spend,Retail purchase,N,,,N,N,N,NA,,CBS_SYNTH,0.93,None,
TXN-C2-20250801-0154,ACC-CTB-004-SB1,CTB-RTL-004,2025-08-01,2025-08-01,2025-08-01T13:04:26,DR,3201.41,142603.91,Card,,Card DR GlobalMart Online,CP-C2-GM,GlobalMart Online,Supplier,Card spend,Retail purchase,N,,,N,N,N,NA,,CBS_SYNTH,0.94,None,
TXN-C2-20250801-0155,ACC-CTB-004-SB1,CTB-RTL-004,2025-08-01,2025-08-01,2025-08-01T16:27:06,DR,3609.42,138994.49,Card,,Card DR GlobalMart Online,CP-C2-GM,GlobalMart Online,Supplier,Card spend,Retail purchase,N,,,N,N,N,NA,,CBS_SYNTH,0.9,None,
TXN-C2-20250802-0156,ACC-CTB-004-SB1,CTB-RTL-004,2025-08-02,2025-08-02,2025-08-02T12:14:13,CR,44949.51,183944.0,NEFT,,NEFT CR Monthly salary credit,CP-C2-INC,Monthly salary credit,Buyer,Income,Salary credit,N,,,N,N,N,NA,,CBS_SYNTH,0.96,None,
TXN-C2-20250802-0157,ACC-CTB-004-SB1,CTB-RTL-004,2025-08-02,2025-08-02,2025-08-02T15:16:49,DR,656.74,183287.26,Card,,Card DR Indian Oil Fuel,CP-C2-FUEL,Indian Oil Fuel,Supplier,Card spend,Retail purchase,N,,,N,N,N,NA,,CBS_SYNTH,0.96,None,
TXN-C2-20250802-0158,ACC-CTB-004-SB1,CTB-RTL-004,2025-08-02,2025-08-02,2025-08-02T20:07:33,DR,2789.69,180497.57,Card,,Card DR GlobalMart Online,CP-C2-GM,GlobalMart Online,Supplier,Card spend,Retail purchase,N,,,N,N,N,NA,,CBS_SYNTH,0.94,None,
TXN-C2-20250803-0159,ACC-CTB-004-SB1,CTB-RTL-004,2025-08-03,2025-08-03,2025-08-03T17:30:04,DR,3435.77,177061.8,Card,,Card DR GlobalMart Online,CP-C2-GM,GlobalMart Online,Supplier,Card spend,Retail purchase,N,,,N,N,N,NA,,CBS_SYNTH,0.88,None,
TXN-C2-20250804-0160,ACC-CTB-004-SB1,CTB-RTL-004,2025-08-04,2025-08-04,2025-08-04T14:08:26,DR,1117.23,175944.57,Card,,Card DR Indian Oil Fuel,CP-C2-FUEL,Indian Oil Fuel,Supplier,Card spend,Retail purchase,N,,,N,N,N,NA,,CBS_SYNTH,0.96,None,
TXN-C2-20250805-0161,ACC-CTB-004-SB1,CTB-RTL-004,2025-08-05,2025-08-05,2025-08-05T16:29:59,DR,2992.9,172951.67,Card,,Card DR GlobalMart Online,CP-C2-GM,GlobalMart Online,Supplier,Card spend,Retail purchase,N,,,N,N,N,NA,,CBS_SYNTH,0.91,None,
TXN-C2-20250806-0162,ACC-CTB-004-SB1,CTB-RTL-004,2025-08-06,2025-08-06,2025-08-06T18:32:24,DR,303.23,172648.44,Card,,Card DR Zomato,CP-C2-FOOD,Zomato,Supplier,Card spend,Retail purchase,N,,,N,N,N,NA,,CBS_SYNTH,0.97,None,
TXN-C2-20250807-0163,ACC-CTB-004-SB1,CTB-RTL-004,2025-08-07,2025-08-07,2025-08-07T10:11:28,DR,18900.0,153748.44,AutoDebit,,AutoDebit DR Contoso Bank (Loan EMI),CP-C2-BANK,Contoso Bank (Loan EMI),Bank,EMI,Loan EMI,N,,,N,N,N,NA,FAC-C2-PL-001,CBS_SYNTH,0.97,None,
TXN-C2-20250807-0164,ACC-CTB-004-SB1,CTB-RTL-004,2025-08-07,2025-08-07,2025-08-07T17:48:31,DR,1118.79,152629.65,Card,,Card DR Reliance Trends,CP-C2-SHOP,Reliance Trends,Supplier,Card spend,Retail purchase,N,,,N,N,N,NA,,CBS_SYNTH,0.98,None,
TXN-C2-20250808-0165,ACC-CTB-004-SB1,CTB-RTL-004,2025-08-08,2025-08-08,2025-08-08T16:54:36,DR,2718.89,149910.76,ATM,,ATM DR ATM cash withdrawal,CP-C2-ATM,ATM cash withdrawal,Supplier,Cash,ATM withdrawal,N,,,Y,N,N,NA,,CBS_SYNTH,0.89,None,
TXN-C2-20250809-0166,ACC-CTB-004-SB1,CTB-RTL-004,2025-08-09,2025-08-09,2025-08-09T11:58:25,DR,4839.14,145071.62,Card,,Card DR Reliance Trends,CP-C2-SHOP,Reliance Trends,Supplier,Card spend,Retail purchase,N,,,N,N,N,NA,,CBS_SYNTH,0.98,None,
TXN-C2-20250810-0167,ACC-CTB-004-SB1,CTB-RTL-004,2025-08-10,2025-08-10,2025-08-10T14:56:55,DR,3796.65,141274.97,Card,,Card DR GlobalMart Online,CP-C2-GM,GlobalMart Online,Supplier,Card spend,Retail purchase,N,,,N,N,N,NA,,CBS_SYNTH,0.92,None,
TXN-C2-20250811-0168,ACC-CTB-004-SB1,CTB-RTL-004,2025-08-11,2025-08-11,2025-08-11T15:14:01,DR,2597.03,138677.94,Card,,Card DR GlobalMart Online,CP-C2-GM,GlobalMart Online,Supplier,Card spend,Retail purchase,N,,,N,N,N,NA,,CBS_SYNTH,0.89,None,
TXN-C2-20250812-0169,ACC-CTB-004-SB1,CTB-RTL-004,2025-08-12,2025-08-12,2025-08-12T16:53:47,DR,1408.14,137269.8,Card,,Card DR MSEDCL / Utilities,CP-C2-UTIL,MSEDCL / Utilities,Supplier,Card spend,Retail purchase,N,,,N,N,N,NA,,CBS_SYNTH,0.95,None,
TXN-C2-20250813-0170,ACC-CTB-004-SB1,CTB-RTL-004,2025-08-13,2025-08-13,2025-08-13T13:25:39,DR,672.39,136597.41,Card,,Card DR Zomato,CP-C2-FOOD,Zomato,Supplier,Card spend,Retail purchase,N,,,N,N,N,NA,,CBS_SYNTH,0.95,None,
TXN-C2-20250814-0171,ACC-CTB-004-SB1,CTB-RTL-004,2025-08-14,2025-08-14,2025-08-14T15:35:02,DR,725.75,135871.66,Card,,Card DR Zomato,CP-C2-FOOD,Zomato,Supplier,Card spend,Retail purchase,N,,,N,N,N,NA,,CBS_SYNTH,0.91,None,
TXN-C2-20250815-0172,ACC-CTB-004-SB1,CTB-RTL-004,2025-08-15,2025-08-15,2025-08-15T18:15:26,DR,2928.59,132943.07,Card,,Card DR GlobalMart Online,CP-C2-GM,GlobalMart Online,Supplier,Card spend,Retail purchase,N,,,N,N,N,NA,,CBS_SYNTH,0.95,None,
TXN-C2-20250816-0173,ACC-CTB-004-SB1,CTB-RTL-004,2025-08-16,2025-08-16,2025-08-16T13:04:07,DR,5867.69,127075.38,ATM,,ATM DR ATM cash withdrawal,CP-C2-ATM,ATM cash withdrawal,Supplier,Cash,ATM withdrawal,N,,,Y,N,N,NA,,CBS_SYNTH,0.92,None,
TXN-C2-20250816-0174,ACC-CTB-004-SB1,CTB-RTL-004,2025-08-16,2025-08-16,2025-08-16T18:53:45,DR,919.66,126155.72,Card,,Card DR Indian Oil Fuel,CP-C2-FUEL,Indian Oil Fuel,Supplier,Card spend,Retail purchase,N,,,N,N,N,NA,,CBS_SYNTH,0.93,None,
TXN-C2-20250817-0175,ACC-CTB-004-SB1,CTB-RTL-004,2025-08-17,2025-08-17,2025-08-17T12:08:08,CR,50642.18,176797.9,NEFT,,NEFT CR Monthly salary credit,CP-C2-INC,Monthly salary credit,Buyer,Income,Salary credit,N,,,N,N,N,NA,,CBS_SYNTH,0.94,None,
TXN-C2-20250817-0176,ACC-CTB-004-SB1,CTB-RTL-004,2025-08-17,2025-08-17,2025-08-17T18:51:34,DR,2755.96,174041.94,Card,,Card DR Reliance Trends,CP-C2-SHOP,Reliance Trends,Supplier,Card spend,Retail purchase,N,,,N,N,N,NA,,CBS_SYNTH,0.89,None,
TXN-C2-20250818-0177,ACC-CTB-004-SB1,CTB-RTL-004,2025-08-18,2025-08-18,2025-08-18T14:47:29,DR,2804.43,171237.51,Card,,Card DR Reliance Trends,CP-C2-SHOP,Reliance Trends,Supplier,Card spend,Retail purchase,N,,,N,N,N,NA,,CBS_SYNTH,0.93,None,
TXN-C2-20250819-0178,ACC-CTB-004-SB1,CTB-RTL-004,2025-08-19,2025-08-19,2025-08-19T14:30:52,DR,956.3,170281.21,Card,,Card DR Indian Oil Fuel,CP-C2-FUEL,Indian Oil Fuel,Supplier,Card spend,Retail purchase,N,,,N,N,N,NA,,CBS_SYNTH,0.98,None,
TXN-C2-20250820-0179,ACC-CTB-004-SB1,CTB-RTL-004,2025-08-20,2025-08-20,2025-08-20T13:35:00,DR,677.25,169603.96,Card,,Card DR GlobalMart Online,CP-C2-GM,GlobalMart Online,Supplier,Card spend,Retail purchase,N,,,N,N,N,NA,,CBS_SYNTH,0.94,None,
TXN-C2-20250821-0180,ACC-CTB-004-SB1,CTB-RTL-004,2025-08-21,2025-08-21,2025-08-21T12:55:08,DR,1551.82,168052.14,Card,,Card DR Reliance Trends,CP-C2-SHOP,Reliance Trends,Supplier,Card spend,Retail purchase,N,,,N,N,N,NA,,CBS_SYNTH,0.92,None,
TXN-C2-20250822-0181,ACC-CTB-004-SB1,CTB-RTL-004,2025-08-22,2025-08-22,2025-08-22T11:52:35,DR,3775.29,164276.85,Card,,Card DR GlobalMart Online,CP-C2-GM,GlobalMart Online,Supplier,Card spend,Retail purchase,N,,,N,N,N,NA,,CBS_SYNTH,0.95,None,
TXN-C2-20250823-0182,ACC-CTB-004-SB1,CTB-RTL-004,2025-08-23,2025-08-23,2025-08-23T11:56:12,DR,2392.3,161884.55,Card,,Card DR Reliance Trends,CP-C2-SHOP,Reliance Trends,Supplier,Card spend,Retail purchase,N,,,N,N,N,NA,,CBS_SYNTH,0.88,None,
TXN-C2-20250824-0183,ACC-CTB-004-SB1,CTB-RTL-004,2025-08-24,2025-08-24,2025-08-24T15:35:20,DR,675.76,161208.79,Card,,Card DR MSEDCL / Utilities,CP-C2-UTIL,MSEDCL / Utilities,Supplier,Card spend,Retail purchase,N,,,N,N,N,NA,,CBS_SYNTH,0.88,None,
TXN-C2-20250825-0184,ACC-CTB-004-SB1,CTB-RTL-004,2025-08-25,2025-08-25,2025-08-25T16:11:06,DR,1219.49,159989.3,Card,,Card DR MSEDCL / Utilities,CP-C2-UTIL,MSEDCL / Utilities,Supplier,Card spend,Retail purchase,N,,,N,N,N,NA,,CBS_SYNTH,0.92,None,
TXN-C2-20250826-0185,ACC-CTB-004-SB1,CTB-RTL-004,2025-08-26,2025-08-26,2025-08-26T18:06:18,DR,2468.62,157520.68,Card,,Card DR GlobalMart Online,CP-C2-GM,GlobalMart Online,Supplier,Card spend,Retail purchase,N,,,N,N,N,NA,,CBS_SYNTH,0.91,None,
TXN-C2-20250827-0186,ACC-CTB-004-SB1,CTB-RTL-004,2025-08-27,2025-08-27,2025-08-27T14:00:46,DR,889.22,156631.46,Card,,Card DR GlobalMart Online,CP-C2-GM,GlobalMart Online,Supplier,Card spend,Retail purchase,N,,,N,N,N,NA,,CBS_SYNTH,0.98,None,
TXN-C2-20250828-0187,ACC-CTB-004-SB1,CTB-RTL-004,2025-08-28,2025-08-28,2025-08-28T19:08:13,DR,2660.06,153971.4,Card,,Card DR GlobalMart Online,CP-C2-GM,GlobalMart Online,Supplier,Card spend,Retail purchase,N,,,N,N,N,NA,,CBS_SYNTH,0.92,None,
TXN-C2-20250829-0188,ACC-CTB-004-SB1,CTB-RTL-004,2025-08-29,2025-08-29,2025-08-29T18:03:57,DR,878.74,153092.66,Card,,Card DR Zomato,CP-C2-FOOD,Zomato,Supplier,Card spend,Retail purchase,N,,,N,N,N,NA,,CBS_SYNTH,0.92,None,
TXN-C2-20250830-0189,ACC-CTB-004-SB1,CTB-RTL-004,2025-08-30,2025-08-30,2025-08-30T13:54:53,DR,226.43,152866.23,Card,,Card DR Zomato,CP-C2-FOOD,Zomato,Supplier,Card spend,Retail purchase,N,,,N,N,N,NA,,CBS_SYNTH,0.93,None,
TXN-C2-20250901-0190,ACC-CTB-004-SB1,CTB-RTL-004,2025-09-01,2025-09-01,2025-09-01T13:56:48,DR,1654.6,151211.63,ATM,,ATM DR ATM cash withdrawal,CP-C2-ATM,ATM cash withdrawal,Supplier,Cash,ATM withdrawal,N,,,Y,N,N,NA,,CBS_SYNTH,0.93,None,
TXN-C2-20250901-0191,ACC-CTB-004-SB1,CTB-RTL-004,2025-09-01,2025-09-01,2025-09-01T17:46:17,DR,909.95,150301.68,Card,,Card DR MSEDCL / Utilities,CP-C2-UTIL,MSEDCL / Utilities,Supplier,Card spend,Retail purchase,N,,,N,N,N,NA,,CBS_SYNTH,0.91,None,
TXN-C2-20250902-0192,ACC-CTB-004-SB1,CTB-RTL-004,2025-09-02,2025-09-02,2025-09-02T12:22:12,CR,52027.01,202328.69,NEFT,,NEFT CR Monthly salary credit,CP-C2-INC,Monthly salary credit,Buyer,Income,Salary credit,N,,,N,N,N,NA,,CBS_SYNTH,0.94,None,
TXN-C2-20250902-0193,ACC-CTB-004-SB1,CTB-RTL-004,2025-09-02,2025-09-02,2025-09-02T16:35:52,DR,673.45,201655.24,Card,,Card DR GlobalMart Online,CP-C2-GM,GlobalMart Online,Supplier,Card spend,Retail purchase,N,,,N,N,N,NA,,CBS_SYNTH,0.98,None,
TXN-C2-20250902-0194,ACC-CTB-004-SB1,CTB-RTL-004,2025-09-02,2025-09-02,2025-09-02T19:33:07,DR,552.98,201102.26,Card,,Card DR Indian Oil Fuel,CP-C2-FUEL,Indian Oil Fuel,Supplier,Card spend,Retail purchase,N,,,N,N,N,NA,,CBS_SYNTH,0.96,None,
TXN-C2-20250903-0195,ACC-CTB-004-SB1,CTB-RTL-004,2025-09-03,2025-09-03,2025-09-03T13:25:38,DR,1164.02,199938.24,Card,,Card DR Zomato,CP-C2-FOOD,Zomato,Supplier,Card spend,Retail purchase,N,,,N,N,N,NA,,CBS_SYNTH,0.93,None,
TXN-C2-20250903-0196,ACC-CTB-004-SB1,CTB-RTL-004,2025-09-03,2025-09-03,2025-09-03T16:51:48,DR,5127.31,194810.93,ATM,,ATM DR ATM cash withdrawal,CP-C2-ATM,ATM cash withdrawal,Supplier,Cash,ATM withdrawal,N,,,Y,N,N,NA,,CBS_SYNTH,0.89,None,
TXN-C2-20250904-0197,ACC-CTB-004-SB1,CTB-RTL-004,2025-09-04,2025-09-04,2025-09-04T13:45:44,DR,5094.87,189716.06,Card,,Card DR GlobalMart Online,CP-C2-GM,GlobalMart Online,Supplier,Card spend,Retail purchase,N,,,N,N,N,NA,,CBS_SYNTH,0.92,None,
TXN-C2-20250904-0198,ACC-CTB-004-SB1,CTB-RTL-004,2025-09-04,2025-09-04,2025-09-04T19:53:49,DR,4747.55,184968.51,Card,,Card DR Reliance Trends,CP-C2-SHOP,Reliance Trends,Supplier,Card spend,Retail purchase,N,,,N,N,N,NA,,CBS_SYNTH,0.93,None,
TXN-C2-20250905-0199,ACC-CTB-004-SB1,CTB-RTL-004,2025-09-05,2025-09-05,2025-09-05T12:44:58,DR,1193.39,183775.12,Card,,Card DR Zomato,CP-C2-FOOD,Zomato,Supplier,Card spend,Retail purchase,N,,,N,N,N,NA,,CBS_SYNTH,0.98,None,
TXN-C2-20250905-0200,ACC-CTB-004-SB1,CTB-RTL-004,2025-09-05,2025-09-05,2025-09-05T17:22:09,DR,529.87,183245.25,Card,,Card DR Indian Oil Fuel,CP-C2-FUEL,Indian Oil Fuel,Supplier,Card spend,Retail purchase,N,,,N,N,N,NA,,CBS_SYNTH,0.9,None,
TXN-C2-20250906-0201,ACC-CTB-004-SB1,CTB-RTL-004,2025-09-06,2025-09-06,2025-09-06T12:09:20,DR,3874.96,179370.29,Card,,Card DR Reliance Trends,CP-C2-SHOP,Reliance Trends,Supplier,Card spend,Retail purchase,N,,,N,N,N,NA,,CBS_SYNTH,0.96,None,
TXN-C2-20250907-0202,ACC-CTB-004-SB1,CTB-RTL-004,2025-09-07,2025-09-07,2025-09-07T12:29:09,DR,18900.0,160470.29,AutoDebit,,AutoDebit DR Contoso Bank (Loan EMI),CP-C2-BANK,Contoso Bank (Loan EMI),Bank,EMI,Loan EMI,N,,,N,N,N,NA,FAC-C2-PL-001,CBS_SYNTH,0.97,None,
TXN-C2-20250907-0203,ACC-CTB-004-SB1,CTB-RTL-004,2025-09-07,2025-09-07,2025-09-07T19:31:49,DR,1414.64,159055.65,Card,,Card DR GlobalMart Online,CP-C2-GM,GlobalMart Online,Supplier,Card spend,Retail purchase,N,,,N,N,N,NA,,CBS_SYNTH,0.97,None,
TXN-C2-20250908-0204,ACC-CTB-004-SB1,CTB-RTL-004,2025-09-08,2025-09-08,2025-09-08T15:57:52,DR,3507.54,155548.11,Card,,Card DR Reliance Trends,CP-C2-SHOP,Reliance Trends,Supplier,Card spend,Retail purchase,N,,,N,N,N,NA,,CBS_SYNTH,0.96,None,
TXN-C2-20250909-0205,ACC-CTB-004-SB1,CTB-RTL-004,2025-09-09,2025-09-09,2025-09-09T15:17:03,DR,1277.54,154270.57,Card,,Card DR Zomato,CP-C2-FOOD,Zomato,Supplier,Card spend,Retail purchase,N,,,N,N,N,NA,,CBS_SYNTH,0.9,None,
TXN-C2-20250910-0206,ACC-CTB-004-SB1,CTB-RTL-004,2025-09-10,2025-09-10,2025-09-10T12:00:29,DR,4133.23,150137.34,ATM,,ATM DR ATM cash withdrawal,CP-C2-ATM,ATM cash withdrawal,Supplier,Cash,ATM withdrawal,N,,,Y,N,N,NA,,CBS_SYNTH,0.98,None,
TXN-C2-20250911-0207,ACC-CTB-004-SB1,CTB-RTL-004,2025-09-11,2025-09-11,2025-09-11T11:46:24,DR,4381.22,145756.12,Card,,Card DR GlobalMart Online,CP-C2-GM,GlobalMart Online,Supplier,Card spend,Retail purchase,N,,,N,N,N,NA,,CBS_SYNTH,0.93,None,
TXN-C2-20250912-0208,ACC-CTB-004-SB1,CTB-RTL-004,2025-09-12,2025-09-12,2025-09-12T11:05:53,DR,1934.88,143821.24,Card,,Card DR GlobalMart Online,CP-C2-GM,GlobalMart Online,Supplier,Card spend,Retail purchase,N,,,N,N,N,NA,,CBS_SYNTH,0.95,None,
TXN-C2-20250913-0209,ACC-CTB-004-SB1,CTB-RTL-004,2025-09-13,2025-09-13,2025-09-13T16:37:35,DR,4067.27,139753.97,Card,,Card DR Reliance Trends,CP-C2-SHOP,Reliance Trends,Supplier,Card spend,Retail purchase,N,,,N,N,N,NA,,CBS_SYNTH,0.92,None,
TXN-C2-20250914-0210,ACC-CTB-004-SB1,CTB-RTL-004,2025-09-14,2025-09-14,2025-09-14T11:40:40,DR,1307.66,138446.31,Card,,Card DR GlobalMart Online,CP-C2-GM,GlobalMart Online,Supplier,Card spend,Retail purchase,N,,,N,N,N,NA,,CBS_SYNTH,0.88,None,
TXN-C2-20250915-0211,ACC-CTB-004-SB1,CTB-RTL-004,2025-09-15,2025-09-15,2025-09-15T14:56:18,DR,4422.08,134024.23,Card,,Card DR Reliance Trends,CP-C2-SHOP,Reliance Trends,Supplier,Card spend,Retail purchase,N,,,N,N,N,NA,,CBS_SYNTH,0.91,None,
TXN-C2-20250916-0212,ACC-CTB-004-SB1,CTB-RTL-004,2025-09-16,2025-09-16,2025-09-16T11:51:57,DR,5565.77,128458.46,ATM,,ATM DR ATM cash withdrawal,CP-C2-ATM,ATM cash withdrawal,Supplier,Cash,ATM withdrawal,N,,,Y,N,N,NA,,CBS_SYNTH,0.91,None,
TXN-C2-20250916-0213,ACC-CTB-004-SB1,CTB-RTL-004,2025-09-16,2025-09-16,2025-09-16T17:54:27,DR,467.41,127991.05,Card,,Card DR MSEDCL / Utilities,CP-C2-UTIL,MSEDCL / Utilities,Supplier,Card spend,Retail purchase,N,,,N,N,N,NA,,CBS_SYNTH,0.96,None,
TXN-C2-20250917-0214,ACC-CTB-004-SB1,CTB-RTL-004,2025-09-17,2025-09-17,2025-09-17T11:14:10,CR,44937.74,172928.79,NEFT,,NEFT CR Monthly salary credit,CP-C2-INC,Monthly salary credit,Buyer,Income,Salary credit,N,,,N,N,N,NA,,CBS_SYNTH,0.96,None,
TXN-C2-20250917-0215,ACC-CTB-004-SB1,CTB-RTL-004,2025-09-17,2025-09-17,2025-09-17T13:59:31,DR,1836.72,171092.07,Card,,Card DR Indian Oil Fuel,CP-C2-FUEL,Indian Oil Fuel,Supplier,Card spend,Retail purchase,N,,,N,N,N,NA,,CBS_SYNTH,0.97,None,
TXN-C2-20250917-0216,ACC-CTB-004-SB1,CTB-RTL-004,2025-09-17,2025-09-17,2025-09-17T18:57:43,DR,362.2,170729.87,Card,,Card DR Zomato,CP-C2-FOOD,Zomato,Supplier,Card spend,Retail purchase,N,,,N,N,N,NA,,CBS_SYNTH,0.96,None,
TXN-C2-20250918-0217,ACC-CTB-004-SB1,CTB-RTL-004,2025-09-18,2025-09-18,2025-09-18T13:21:11,DR,1035.04,169694.83,Card,,Card DR Reliance Trends,CP-C2-SHOP,Reliance Trends,Supplier,Card spend,Retail purchase,N,,,N,N,N,NA,,CBS_SYNTH,0.93,None,
TXN-C2-20250918-0218,ACC-CTB-004-SB1,CTB-RTL-004,2025-09-18,2025-09-18,2025-09-18T17:37:07,DR,379.03,169315.8,Card,,Card DR Zomato,CP-C2-FOOD,Zomato,Supplier,Card spend,Retail purchase,N,,,N,N,N,NA,,CBS_SYNTH,0.97,None,
TXN-C2-20250919-0219,ACC-CTB-004-SB1,CTB-RTL-004,2025-09-19,2025-09-19,2025-09-19T13:28:50,DR,445.54,168870.26,Card,,Card DR Zomato,CP-C2-FOOD,Zomato,Supplier,Card spend,Retail purchase,N,,,N,N,N,NA,,CBS_SYNTH,0.97,None,
TXN-C2-20250919-0220,ACC-CTB-004-SB1,CTB-RTL-004,2025-09-19,2025-09-19,2025-09-19T17:08:27,DR,3026.79,165843.47,Card,,Card DR Reliance Trends,CP-C2-SHOP,Reliance Trends,Supplier,Card spend,Retail purchase,N,,,N,N,N,NA,,CBS_SYNTH,0.97,None,
TXN-C2-20250920-0221,ACC-CTB-004-SB1,CTB-RTL-004,2025-09-20,2025-09-20,2025-09-20T11:57:54,DR,2296.41,163547.06,Card,,Card DR GlobalMart Online,CP-C2-GM,GlobalMart Online,Supplier,Card spend,Retail purchase,N,,,N,N,N,NA,,CBS_SYNTH,0.93,None,
TXN-C2-20250921-0222,ACC-CTB-004-SB1,CTB-RTL-004,2025-09-21,2025-09-21,2025-09-21T18:20:20,DR,2221.5,161325.56,Card,,Card DR Indian Oil Fuel,CP-C2-FUEL,Indian Oil Fuel,Supplier,Card spend,Retail purchase,N,,,N,N,N,NA,,CBS_SYNTH,0.9,None,
TXN-C2-20250922-0223,ACC-CTB-004-SB1,CTB-RTL-004,2025-09-22,2025-09-22,2025-09-22T16:20:05,DR,3518.99,157806.57,Card,,Card DR GlobalMart Online,CP-C2-GM,GlobalMart Online,Supplier,Card spend,Retail purchase,N,,,N,N,N,NA,,CBS_SYNTH,0.96,None,
TXN-C2-20250923-0224,ACC-CTB-004-SB1,CTB-RTL-004,2025-09-23,2025-09-23,2025-09-23T16:58:14,DR,405.02,157401.55,Card,,Card DR Zomato,CP-C2-FOOD,Zomato,Supplier,Card spend,Retail purchase,N,,,N,N,N,NA,,CBS_SYNTH,0.96,None,
TXN-C2-20250924-0225,ACC-CTB-004-SB1,CTB-RTL-004,2025-09-24,2025-09-24,2025-09-24T15:46:51,DR,1324.87,156076.68,Card,,Card DR GlobalMart Online,CP-C2-GM,GlobalMart Online,Supplier,Card spend,Retail purchase,N,,,N,N,N,NA,,CBS_SYNTH,0.95,None,
TXN-C2-20250925-0226,ACC-CTB-004-SB1,CTB-RTL-004,2025-09-25,2025-09-25,2025-09-25T16:02:49,DR,656.96,155419.72,Card,,Card DR Zomato,CP-C2-FOOD,Zomato,Supplier,Card spend,Retail purchase,N,,,N,N,N,NA,,CBS_SYNTH,0.88,None,
TXN-C2-20250926-0227,ACC-CTB-004-SB1,CTB-RTL-004,2025-09-26,2025-09-26,2025-09-26T19:11:39,DR,2898.68,152521.04,Card,,Card DR GlobalMart Online,CP-C2-GM,GlobalMart Online,Supplier,Card spend,Retail purchase,N,,,N,N,N,NA,,CBS_SYNTH,0.94,None,
TXN-C2-20250927-0228,ACC-CTB-004-SB1,CTB-RTL-004,2025-09-27,2025-09-27,2025-09-27T16:48:17,DR,1664.66,150856.38,Card,,Card DR GlobalMart Online,CP-C2-GM,GlobalMart Online,Supplier,Card spend,Retail purchase,N,,,N,N,N,NA,,CBS_SYNTH,0.89,None,
TXN-C2-20250928-0229,ACC-CTB-004-SB1,CTB-RTL-004,2025-09-28,2025-09-28,2025-09-28T18:14:51,DR,384.59,150471.79,Card,,Card DR Zomato,CP-C2-FOOD,Zomato,Supplier,Card spend,Retail purchase,N,,,N,N,N,NA,,CBS_SYNTH,0.96,None,
TXN-C2-20250929-0230,ACC-CTB-004-SB1,CTB-RTL-004,2025-09-29,2025-09-29,2025-09-29T17:03:52,DR,686.68,149785.11,Card,,Card DR GlobalMart Online,CP-C2-GM,GlobalMart Online,Supplier,Card spend,Retail purchase,N,,,N,N,N,NA,,CBS_SYNTH,0.91,None,
TXN-C2-20250930-0231,ACC-CTB-004-SB1,CTB-RTL-004,2025-09-30,2025-09-30,2025-09-30T12:40:13,CR,1647.61,151432.72,Internal,,Internal CR Contoso Bank,CP-C2-BANK,Contoso Bank,Bank,Income,Savings interest,N,,,N,N,N,NA,,CBS_SYNTH,0.93,None,
TXN-C2-20250930-0232,ACC-CTB-004-SB1,CTB-RTL-004,2025-09-30,2025-09-30,2025-09-30T18:02:52,DR,844.29,150588.43,Card,,Card DR Zomato,CP-C2-FOOD,Zomato,Supplier,Card spend,Retail purchase,N,,,N,N,N,NA,,CBS_SYNTH,0.97,None,
TXN-C2-20251001-0233,ACC-CTB-004-SB1,CTB-RTL-004,2025-10-01,2025-10-01,2025-10-01T11:43:32,DR,853.12,149735.31,Card,,Card DR GlobalMart Online,CP-C2-GM,GlobalMart Online,Supplier,Card spend,Retail purchase,N,,,N,N,N,NA,,CBS_SYNTH,0.96,None,
TXN-C2-20251001-0234,ACC-CTB-004-SB1,CTB-RTL-004,2025-10-01,2025-10-01,2025-10-01T14:08:34,DR,6089.02,143646.29,Card,,Card DR Reliance Trends,CP-C2-SHOP,Reliance Trends,Supplier,Card spend,Retail purchase,N,,,N,N,N,NA,,CBS_SYNTH,0.88,None,
TXN-C2-20251001-0235,ACC-CTB-004-SB1,CTB-RTL-004,2025-10-01,2025-10-01,2025-10-01T20:47:38,DR,326.27,143320.02,Card,,Card DR Zomato,CP-C2-FOOD,Zomato,Supplier,Card spend,Retail purchase,N,,,N,N,N,NA,,CBS_SYNTH,0.9,None,
TXN-C2-20251002-0236,ACC-CTB-004-SB1,CTB-RTL-004,2025-10-02,2025-10-02,2025-10-02T11:15:22,CR,40863.99,184184.01,NEFT,,NEFT CR Monthly salary credit,CP-C2-INC,Monthly salary credit,Buyer,Income,Salary credit,N,,,N,N,N,NA,,CBS_SYNTH,0.91,None,
TXN-C2-20251002-0237,ACC-CTB-004-SB1,CTB-RTL-004,2025-10-02,2025-10-02,2025-10-02T13:10:46,DR,1185.64,182998.37,Card,,Card DR Zomato,CP-C2-FOOD,Zomato,Supplier,Card spend,Retail purchase,N,,,N,N,N,NA,,CBS_SYNTH,0.92,None,
TXN-C2-20251002-0238,ACC-CTB-004-SB1,CTB-RTL-004,2025-10-02,2025-10-02,2025-10-02T17:45:27,DR,456.96,182541.41,Card,,Card DR MSEDCL / Utilities,CP-C2-UTIL,MSEDCL / Utilities,Supplier,Card spend,Retail purchase,N,,,N,N,N,NA,,CBS_SYNTH,0.93,None,
TXN-C2-20251002-0239,ACC-CTB-004-SB1,CTB-RTL-004,2025-10-02,2025-10-02,2025-10-02T20:24:51,DR,1145.74,181395.67,Card,,Card DR Zomato,CP-C2-FOOD,Zomato,Supplier,Card spend,Retail purchase,N,,,N,N,N,NA,,CBS_SYNTH,0.89,None,
TXN-C2-20251003-0240,ACC-CTB-004-SB1,CTB-RTL-004,2025-10-03,2025-10-03,2025-10-03T11:42:00,DR,2210.09,179185.58,Card,,Card DR GlobalMart Online,CP-C2-GM,GlobalMart Online,Supplier,Card spend,Retail purchase,N,,,N,N,N,NA,,CBS_SYNTH,0.95,None,
TXN-C2-20251003-0241,ACC-CTB-004-SB1,CTB-RTL-004,2025-10-03,2025-10-03,2025-10-03T16:13:32,DR,657.03,178528.55,Card,,Card DR Zomato,CP-C2-FOOD,Zomato,Supplier,Card spend,Retail purchase,N,,,N,N,N,NA,,CBS_SYNTH,0.94,None,
TXN-C2-20251003-0242,ACC-CTB-004-SB1,CTB-RTL-004,2025-10-03,2025-10-03,2025-10-03T20:15:20,DR,3865.31,174663.24,Card,,Card DR Reliance Trends,CP-C2-SHOP,Reliance Trends,Supplier,Card spend,Retail purchase,N,,,N,N,N,NA,,CBS_SYNTH,0.96,None,
TXN-C2-20251004-0243,ACC-CTB-004-SB1,CTB-RTL-004,2025-10-04,2025-10-04,2025-10-04T10:56:46,DR,1451.42,173211.82,Card,,Card DR MSEDCL / Utilities,CP-C2-UTIL,MSEDCL / Utilities,Supplier,Card spend,Retail purchase,N,,,N,N,N,NA,,CBS_SYNTH,0.89,None,
TXN-C2-20251004-0244,ACC-CTB-004-SB1,CTB-RTL-004,2025-10-04,2025-10-04,2025-10-04T18:38:38,DR,4966.06,168245.76,Card,,Card DR Reliance Trends,CP-C2-SHOP,Reliance Trends,Supplier,Card spend,Retail purchase,N,,,N,N,N,NA,,CBS_SYNTH,0.95,None,
TXN-C2-20251005-0245,ACC-CTB-004-SB1,CTB-RTL-004,2025-10-05,2025-10-05,2025-10-05T16:51:44,DR,3110.79,165134.97,Card,,Card DR GlobalMart Online,CP-C2-GM,GlobalMart Online,Supplier,Card spend,Retail purchase,N,,,N,N,N,NA,,CBS_SYNTH,0.9,None,
TXN-C2-20251006-0246,ACC-CTB-004-SB1,CTB-RTL-004,2025-10-06,2025-10-06,2025-10-06T12:34:05,DR,4777.21,160357.76,Card,,Card DR GlobalMart Online,CP-C2-GM,GlobalMart Online,Supplier,Card spend,Retail purchase,N,,,N,N,N,NA,,CBS_SYNTH,0.99,None,
TXN-C2-20251006-0247,ACC-CTB-004-SB1,CTB-RTL-004,2025-10-06,2025-10-06,2025-10-06T19:04:27,DR,1674.31,158683.45,ATM,,ATM DR ATM cash withdrawal,CP-C2-ATM,ATM cash withdrawal,Supplier,Cash,ATM withdrawal,N,,,Y,N,N,NA,,CBS_SYNTH,0.89,None,
TXN-C2-20251007-0248,ACC-CTB-004-SB1,CTB-RTL-004,2025-10-07,2025-10-07,2025-10-07T09:56:21,DR,588.57,158094.88,Card,,Card DR Indian Oil Fuel,CP-C2-FUEL,Indian Oil Fuel,Supplier,Card spend,Retail purchase,N,,,N,N,N,NA,,CBS_SYNTH,0.89,None,
TXN-C2-20251007-0249,ACC-CTB-004-SB1,CTB-RTL-004,2025-10-07,2025-10-07,2025-10-07T15:28:09,DR,18900.0,139194.88,AutoDebit,,AutoDebit DR Contoso Bank (Loan EMI),CP-C2-BANK,Contoso Bank (Loan EMI),Bank,EMI,Loan EMI,N,,,N,N,N,NA,FAC-C2-PL-001,CBS_SYNTH,0.97,None,
TXN-C2-20251007-0250,ACC-CTB-004-SB1,CTB-RTL-004,2025-10-07,2025-10-07,2025-10-07T18:09:31,DR,1389.94,137804.94,Card,,Card DR Zomato,CP-C2-FOOD,Zomato,Supplier,Card spend,Retail purchase,N,,,N,N,N,NA,,CBS_SYNTH,0.97,None,
TXN-C2-20251008-0251,ACC-CTB-004-SB1,CTB-RTL-004,2025-10-08,2025-10-08,2025-10-08T13:22:02,DR,4198.94,133606.0,Card,,Card DR Reliance Trends,CP-C2-SHOP,Reliance Trends,Supplier,Card spend,Retail purchase,N,,,N,N,N,NA,,CBS_SYNTH,0.98,None,
TXN-C2-20251008-0252,ACC-CTB-004-SB1,CTB-RTL-004,2025-10-08,2025-10-08,2025-10-08T18:00:53,DR,2500.34,131105.66,Card,,Card DR Reliance Trends,CP-C2-SHOP,Reliance Trends,Supplier,Card spend,Retail purchase,N,,,N,N,N,NA,,CBS_SYNTH,0.98,None,
TXN-C2-20251009-0253,ACC-CTB-004-SB1,CTB-RTL-004,2025-10-09,2025-10-09,2025-10-09T10:32:07,DR,2253.99,128851.67,Card,,Card DR GlobalMart Online,CP-C2-GM,GlobalMart Online,Supplier,Card spend,Retail purchase,N,,,N,N,N,NA,,CBS_SYNTH,0.88,None,
TXN-C2-20251009-0254,ACC-CTB-004-SB1,CTB-RTL-004,2025-10-09,2025-10-09,2025-10-09T17:03:20,DR,2107.31,126744.36,Card,,Card DR GlobalMart Online,CP-C2-GM,GlobalMart Online,Supplier,Card spend,Retail purchase,N,,,N,N,N,NA,,CBS_SYNTH,0.91,None,
TXN-C2-20251010-0255,ACC-CTB-004-SB1,CTB-RTL-004,2025-10-10,2025-10-10,2025-10-10T10:23:02,DR,1167.53,125576.83,Card,,Card DR Zomato,CP-C2-FOOD,Zomato,Supplier,Card spend,Retail purchase,N,,,N,N,N,NA,,CBS_SYNTH,0.97,None,
TXN-C2-20251010-0256,ACC-CTB-004-SB1,CTB-RTL-004,2025-10-10,2025-10-10,2025-10-10T17:02:20,DR,380.26,125196.57,Card,,Card DR Zomato,CP-C2-FOOD,Zomato,Supplier,Card spend,Retail purchase,N,,,N,N,N,NA,,CBS_SYNTH,0.91,None,
TXN-C2-20251011-0257,ACC-CTB-004-SB1,CTB-RTL-004,2025-10-11,2025-10-11,2025-10-11T12:08:48,DR,4651.17,120545.4,ATM,,ATM DR ATM cash withdrawal,CP-C2-ATM,ATM cash withdrawal,Supplier,Cash,ATM withdrawal,N,,,Y,N,N,NA,,CBS_SYNTH,0.97,None,
TXN-C2-20251011-0258,ACC-CTB-004-SB1,CTB-RTL-004,2025-10-11,2025-10-11,2025-10-11T18:39:49,DR,2893.68,117651.72,Card,,Card DR Reliance Trends,CP-C2-SHOP,Reliance Trends,Supplier,Card spend,Retail purchase,N,,,N,N,N,NA,,CBS_SYNTH,0.96,None,
TXN-C2-20251012-0259,ACC-CTB-004-SB1,CTB-RTL-004,2025-10-12,2025-10-12,2025-10-12T15:20:27,DR,1154.67,116497.05,Card,,Card DR Zomato,CP-C2-FOOD,Zomato,Supplier,Card spend,Retail purchase,N,,,N,N,N,NA,,CBS_SYNTH,0.93,None,
TXN-C2-20251013-0260,ACC-CTB-004-SB1,CTB-RTL-004,2025-10-13,2025-10-13,2025-10-13T11:37:19,DR,2820.38,113676.67,Card,,Card DR Reliance Trends,CP-C2-SHOP,Reliance Trends,Supplier,Card spend,Retail purchase,N,,,N,N,N,NA,,CBS_SYNTH,0.89,None,
TXN-C2-20251013-0261,ACC-CTB-004-SB1,CTB-RTL-004,2025-10-13,2025-10-13,2025-10-13T17:31:48,DR,2851.8,110824.87,ATM,,ATM DR ATM cash withdrawal,CP-C2-ATM,ATM cash withdrawal,Supplier,Cash,ATM withdrawal,N,,,Y,N,N,NA,,CBS_SYNTH,0.98,None,
TXN-C2-20251014-0262,ACC-CTB-004-SB1,CTB-RTL-004,2025-10-14,2025-10-14,2025-10-14T10:45:04,DR,1018.29,109806.58,Card,,Card DR GlobalMart Online,CP-C2-GM,GlobalMart Online,Supplier,Card spend,Retail purchase,N,,,N,N,N,NA,,CBS_SYNTH,0.93,None,
TXN-C2-20251014-0263,ACC-CTB-004-SB1,CTB-RTL-004,2025-10-14,2025-10-14,2025-10-14T19:07:03,DR,2998.6,106807.98,Card,,Card DR GlobalMart Online,CP-C2-GM,GlobalMart Online,Supplier,Card spend,Retail purchase,N,,,N,N,N,NA,,CBS_SYNTH,0.95,None,
TXN-C2-20251015-0264,ACC-CTB-004-SB1,CTB-RTL-004,2025-10-15,2025-10-15,2025-10-15T12:22:00,DR,1141.75,105666.23,Card,,Card DR Zomato,CP-C2-FOOD,Zomato,Supplier,Card spend,Retail purchase,N,,,N,N,N,NA,,CBS_SYNTH,0.96,None,
TXN-C2-20251015-0265,ACC-CTB-004-SB1,CTB-RTL-004,2025-10-15,2025-10-15,2025-10-15T18:58:52,DR,4589.42,101076.81,Card,,Card DR Reliance Trends,CP-C2-SHOP,Reliance Trends,Supplier,Card spend,Retail purchase,N,,,N,N,N,NA,,CBS_SYNTH,0.91,None,
TXN-C2-20251016-0266,ACC-CTB-004-SB1,CTB-RTL-004,2025-10-16,2025-10-16,2025-10-16T10:17:53,CR,54956.76,156033.57,NEFT,,NEFT CR Monthly salary credit,CP-C2-INC,Monthly salary credit,Buyer,Income,Salary credit,N,,,N,N,N,NA,,CBS_SYNTH,0.96,None,
TXN-C2-20251016-0267,ACC-CTB-004-SB1,CTB-RTL-004,2025-10-16,2025-10-16,2025-10-16T13:26:21,DR,1030.44,155003.13,Card,,Card DR Indian Oil Fuel,CP-C2-FUEL,Indian Oil Fuel,Supplier,Card spend,Retail purchase,N,,,N,N,N,NA,,CBS_SYNTH,0.97,None,
TXN-C2-20251016-0268,ACC-CTB-004-SB1,CTB-RTL-004,2025-10-16,2025-10-16,2025-10-16T16:13:12,DR,1872.77,153130.36,Card,,Card DR GlobalMart Online,CP-C2-GM,GlobalMart Online,Supplier,Card spend,Retail purchase,N,,,N,N,N,NA,,CBS_SYNTH,0.89,None,
TXN-C2-20251016-0269,ACC-CTB-004-SB1,CTB-RTL-004,2025-10-16,2025-10-16,2025-10-16T20:55:00,DR,1268.6,151861.76,Card,,Card DR MSEDCL / Utilities,CP-C2-UTIL,MSEDCL / Utilities,Supplier,Card spend,Retail purchase,N,,,N,N,N,NA,,CBS_SYNTH,0.96,None,
TXN-C2-20251017-0270,ACC-CTB-004-SB1,CTB-RTL-004,2025-10-17,2025-10-17,2025-10-17T11:49:48,DR,3655.9,148205.86,Card,,Card DR GlobalMart Online,CP-C2-GM,GlobalMart Online,Supplier,Card spend,Retail purchase,N,,,N,N,N,NA,,CBS_SYNTH,0.95,None,
TXN-C2-20251017-0271,ACC-CTB-004-SB1,CTB-RTL-004,2025-10-17,2025-10-17,2025-10-17T15:51:03,DR,498.08,147707.78,Card,,Card DR Zomato,CP-C2-FOOD,Zomato,Supplier,Card spend,Retail purchase,N,,,N,N,N,NA,,CBS_SYNTH,0.88,None,
TXN-C2-20251017-0272,ACC-CTB-004-SB1,CTB-RTL-004,2025-10-17,2025-10-17,2025-10-17T20:47:23,DR,2451.97,145255.81,Card,,Card DR GlobalMart Online,CP-C2-GM,GlobalMart Online,Supplier,Card spend,Retail purchase,N,,,N,N,N,NA,,CBS_SYNTH,0.98,None,
TXN-C2-20251018-0273,ACC-CTB-004-SB1,CTB-RTL-004,2025-10-18,2025-10-18,2025-10-18T12:37:25,DR,4144.79,141111.02,Card,,Card DR GlobalMart Online,CP-C2-GM,GlobalMart Online,Supplier,Card spend,Retail purchase,N,,,N,N,N,NA,,CBS_SYNTH,0.88,None,
TXN-C2-20251018-0274,ACC-CTB-004-SB1,CTB-RTL-004,2025-10-18,2025-10-18,2025-10-18T18:49:07,DR,1075.32,140035.7,Card,,Card DR Indian Oil Fuel,CP-C2-FUEL,Indian Oil Fuel,Supplier,Card spend,Retail purchase,N,,,N,N,N,NA,,CBS_SYNTH,0.97,None,
TXN-C2-20251019-0275,ACC-CTB-004-SB1,CTB-RTL-004,2025-10-19,2025-10-19,2025-10-19T13:00:32,DR,4646.05,135389.65,Card,,Card DR Reliance Trends,CP-C2-SHOP,Reliance Trends,Supplier,Card spend,Retail purchase,N,,,N,N,N,NA,,CBS_SYNTH,0.93,None,
TXN-C2-20251020-0276,ACC-CTB-004-SB1,CTB-RTL-004,2025-10-20,2025-10-20,2025-10-20T13:59:10,DR,713.41,134676.24,Card,,Card DR MSEDCL / Utilities,CP-C2-UTIL,MSEDCL / Utilities,Supplier,Card spend,Retail purchase,N,,,N,N,N,NA,,CBS_SYNTH,0.98,None,
TXN-C2-20251020-0277,ACC-CTB-004-SB1,CTB-RTL-004,2025-10-20,2025-10-20,2025-10-20T16:25:45,DR,2917.54,131758.7,Card,,Card DR GlobalMart Online,CP-C2-GM,GlobalMart Online,Supplier,Card spend,Retail purchase,N,,,N,N,N,NA,,CBS_SYNTH,0.96,None,
TXN-C2-20251021-0278,ACC-CTB-004-SB1,CTB-RTL-004,2025-10-21,2025-10-21,2025-10-21T12:12:11,DR,2649.79,129108.91,Card,,Card DR GlobalMart Online,CP-C2-GM,GlobalMart Online,Supplier,Card spend,Retail purchase,N,,,N,N,N,NA,,CBS_SYNTH,0.97,None,
TXN-C2-20251021-0279,ACC-CTB-004-SB1,CTB-RTL-004,2025-10-21,2025-10-21,2025-10-21T17:22:27,DR,1179.5,127929.41,Card,,Card DR GlobalMart Online,CP-C2-GM,GlobalMart Online,Supplier,Card spend,Retail purchase,N,,,N,N,N,NA,,CBS_SYNTH,0.91,None,
TXN-C2-20251022-0280,ACC-CTB-004-SB1,CTB-RTL-004,2025-10-22,2025-10-22,2025-10-22T10:32:46,DR,2069.56,125859.85,Card,,Card DR Indian Oil Fuel,CP-C2-FUEL,Indian Oil Fuel,Supplier,Card spend,Retail purchase,N,,,N,N,N,NA,,CBS_SYNTH,0.91,None,
TXN-C2-20251022-0281,ACC-CTB-004-SB1,CTB-RTL-004,2025-10-22,2025-10-22,2025-10-22T20:04:48,DR,444.51,125415.34,Card,,Card DR Indian Oil Fuel,CP-C2-FUEL,Indian Oil Fuel,Supplier,Card spend,Retail purchase,N,,,N,N,N,NA,,CBS_SYNTH,0.88,None,
TXN-C2-20251023-0282,ACC-CTB-004-SB1,CTB-RTL-004,2025-10-23,2025-10-23,2025-10-23T12:21:37,DR,1042.12,124373.22,Card,,Card DR Indian Oil Fuel,CP-C2-FUEL,Indian Oil Fuel,Supplier,Card spend,Retail purchase,N,,,N,N,N,NA,,CBS_SYNTH,0.92,None,
TXN-C2-20251023-0283,ACC-CTB-004-SB1,CTB-RTL-004,2025-10-23,2025-10-23,2025-10-23T20:17:33,DR,460.45,123912.77,Card,,Card DR Indian Oil Fuel,CP-C2-FUEL,Indian Oil Fuel,Supplier,Card spend,Retail purchase,N,,,N,N,N,NA,,CBS_SYNTH,0.96,None,
TXN-C2-20251024-0284,ACC-CTB-004-SB1,CTB-RTL-004,2025-10-24,2025-10-24,2025-10-24T11:21:29,DR,892.18,123020.59,Card,,Card DR Zomato,CP-C2-FOOD,Zomato,Supplier,Card spend,Retail purchase,N,,,N,N,N,NA,,CBS_SYNTH,0.93,None,
TXN-C2-20251024-0285,ACC-CTB-004-SB1,CTB-RTL-004,2025-10-24,2025-10-24,2025-10-24T18:21:03,DR,880.52,122140.07,Card,,Card DR Zomato,CP-C2-FOOD,Zomato,Supplier,Card spend,Retail purchase,N,,,N,N,N,NA,,CBS_SYNTH,0.93,None,
TXN-C2-20251025-0286,ACC-CTB-004-SB1,CTB-RTL-004,2025-10-25,2025-10-25,2025-10-25T10:52:48,DR,669.44,121470.63,Card,,Card DR Zomato,CP-C2-FOOD,Zomato,Supplier,Card spend,Retail purchase,N,,,N,N,N,NA,,CBS_SYNTH,0.97,None,
TXN-C2-20251025-0287,ACC-CTB-004-SB1,CTB-RTL-004,2025-10-25,2025-10-25,2025-10-25T16:22:04,DR,1807.42,119663.21,Card,,Card DR MSEDCL / Utilities,CP-C2-UTIL,MSEDCL / Utilities,Supplier,Card spend,Retail purchase,N,,,N,N,N,NA,,CBS_SYNTH,0.96,None,
TXN-C2-20251026-0288,ACC-CTB-004-SB1,CTB-RTL-004,2025-10-26,2025-10-26,2025-10-26T16:26:17,DR,945.8,118717.41,Card,,Card DR MSEDCL / Utilities,CP-C2-UTIL,MSEDCL / Utilities,Supplier,Card spend,Retail purchase,N,,,N,N,N,NA,,CBS_SYNTH,0.92,None,
TXN-C2-20251027-0289,ACC-CTB-004-SB1,CTB-RTL-004,2025-10-27,2025-10-27,2025-10-27T17:01:47,DR,3304.08,115413.33,Card,,Card DR GlobalMart Online,CP-C2-GM,GlobalMart Online,Supplier,Card spend,Retail purchase,N,,,N,N,N,NA,,CBS_SYNTH,0.92,None,
TXN-C2-20251028-0290,ACC-CTB-004-SB1,CTB-RTL-004,2025-10-28,2025-10-28,2025-10-28T16:58:31,DR,1239.39,114173.94,Card,,Card DR Reliance Trends,CP-C2-SHOP,Reliance Trends,Supplier,Card spend,Retail purchase,N,,,N,N,N,NA,,CBS_SYNTH,0.97,None,
TXN-C2-20251029-0291,ACC-CTB-004-SB1,CTB-RTL-004,2025-10-29,2025-10-29,2025-10-29T18:29:16,DR,4663.3,109510.64,Card,,Card DR GlobalMart Online,CP-C2-GM,GlobalMart Online,Supplier,Card spend,Retail purchase,N,,,N,N,N,NA,,CBS_SYNTH,0.91,None,
TXN-C2-20251030-0292,ACC-CTB-004-SB1,CTB-RTL-004,2025-10-30,2025-10-30,2025-10-30T11:47:42,DR,4604.28,104906.36,ATM,,ATM DR ATM cash withdrawal,CP-C2-ATM,ATM cash withdrawal,Supplier,Cash,ATM withdrawal,N,,,Y,N,N,NA,,CBS_SYNTH,0.92,None,
TXN-C2-20251031-0293,ACC-CTB-004-SB1,CTB-RTL-004,2025-10-31,2025-10-31,2025-10-31T16:43:51,DR,1969.76,102936.6,Card,,Card DR Indian Oil Fuel,CP-C2-FUEL,Indian Oil Fuel,Supplier,Card spend,Retail purchase,N,,,N,N,N,NA,,CBS_SYNTH,0.93,None,
TXN-C2-20251101-0294,ACC-CTB-004-SB1,CTB-RTL-004,2025-11-01,2025-11-01,2025-11-01T10:27:56,CR,50448.29,153384.89,NEFT,,NEFT CR Monthly salary credit,CP-C2-INC,Monthly salary credit,Buyer,Income,Salary credit,N,,,N,N,N,NA,,CBS_SYNTH,0.95,None,
TXN-C2-20251101-0295,ACC-CTB-004-SB1,CTB-RTL-004,2025-11-01,2025-11-01,2025-11-01T14:02:08,DR,2041.47,151343.42,Card,,Card DR Indian Oil Fuel,CP-C2-FUEL,Indian Oil Fuel,Supplier,Card spend,Retail purchase,N,,,N,N,N,NA,,CBS_SYNTH,0.97,None,
TXN-C2-20251101-0296,ACC-CTB-004-SB1,CTB-RTL-004,2025-11-01,2025-11-01,2025-11-01T16:30:07,DR,2203.3,149140.12,Card,,Card DR Indian Oil Fuel,CP-C2-FUEL,Indian Oil Fuel,Supplier,Card spend,Retail purchase,N,,,N,N,N,NA,,CBS_SYNTH,0.91,None,
TXN-C2-20251101-0297,ACC-CTB-004-SB1,CTB-RTL-004,2025-11-01,2025-11-01,2025-11-01T20:40:16,DR,3499.75,145640.37,ATM,,ATM DR ATM cash withdrawal,CP-C2-ATM,ATM cash withdrawal,Supplier,Cash,ATM withdrawal,N,,,Y,N,N,NA,,CBS_SYNTH,0.96,None,
TXN-C2-20251102-0298,ACC-CTB-004-SB1,CTB-RTL-004,2025-11-02,2025-11-02,2025-11-02T11:13:06,DR,5982.23,139658.14,Card,,Card DR Reliance Trends,CP-C2-SHOP,Reliance Trends,Supplier,Card spend,Retail purchase,N,,,N,N,N,NA,,CBS_SYNTH,0.94,None,
TXN-C2-20251103-0299,ACC-CTB-004-SB1,CTB-RTL-004,2025-11-03,2025-11-03,2025-11-03T11:39:33,DR,541.5,139116.64,Card,,Card DR Zomato,CP-C2-FOOD,Zomato,Supplier,Card spend,Retail purchase,N,,,N,N,N,NA,,CBS_SYNTH,0.97,None,
TXN-C2-20251103-0300,ACC-CTB-004-SB1,CTB-RTL-004,2025-11-03,2025-11-03,2025-11-03T16:25:58,DR,670.58,138446.06,Card,,Card DR GlobalMart Online,CP-C2-GM,GlobalMart Online,Supplier,Card spend,Retail purchase,N,,,N,N,N,NA,,CBS_SYNTH,0.98,None,
TXN-C2-20251103-0301,ACC-CTB-004-SB1,CTB-RTL-004,2025-11-03,2025-11-03,2025-11-03T18:45:29,DR,4183.54,134262.52,Card,,Card DR GlobalMart Online,CP-C2-GM,GlobalMart Online,Supplier,Card spend,Retail purchase,N,,,N,N,N,NA,,CBS_SYNTH,0.93,None,
TXN-C2-20251104-0302,ACC-CTB-004-SB1,CTB-RTL-004,2025-11-04,2025-11-04,2025-11-04T11:50:13,DR,1900.25,132362.27,Card,,Card DR Indian Oil Fuel,CP-C2-FUEL,Indian Oil Fuel,Supplier,Card spend,Retail purchase,N,,,N,N,N,NA,,CBS_SYNTH,0.95,None,
TXN-C2-20251104-0303,ACC-CTB-004-SB1,CTB-RTL-004,2025-11-04,2025-11-04,2025-11-04T17:10:13,DR,3747.92,128614.35,ATM,,ATM DR ATM cash withdrawal,CP-C2-ATM,ATM cash withdrawal,Supplier,Cash,ATM withdrawal,N,,,Y,N,N,NA,,CBS_SYNTH,0.91,None,
TXN-C2-20251105-0304,ACC-CTB-004-SB1,CTB-RTL-004,2025-11-05,2025-11-05,2025-11-05T11:35:56,DR,4779.02,123835.33,Card,,Card DR GlobalMart Online,CP-C2-GM,GlobalMart Online,Supplier,Card spend,Retail purchase,N,,,N,N,N,NA,,CBS_SYNTH,0.91,None,
TXN-C2-20251105-0305,ACC-CTB-004-SB1,CTB-RTL-004,2025-11-05,2025-11-05,2025-11-05T20:26:00,DR,2549.42,121285.91,Card,,Card DR GlobalMart Online,CP-C2-GM,GlobalMart Online,Supplier,Card spend,Retail purchase,N,,,N,N,N,NA,,CBS_SYNTH,0.96,None,
TXN-C2-20251106-0306,ACC-CTB-004-SB1,CTB-RTL-004,2025-11-06,2025-11-06,2025-11-06T10:53:56,DR,4445.69,116840.22,ATM,,ATM DR ATM cash withdrawal,CP-C2-ATM,ATM cash withdrawal,Supplier,Cash,ATM withdrawal,N,,,Y,N,N,NA,,CBS_SYNTH,0.98,None,
TXN-C2-20251106-0307,ACC-CTB-004-SB1,CTB-RTL-004,2025-11-06,2025-11-06,2025-11-06T20:10:16,DR,1639.51,115200.71,Card,,Card DR MSEDCL / Utilities,CP-C2-UTIL,MSEDCL / Utilities,Supplier,Card spend,Retail purchase,N,,,N,N,N,NA,,CBS_SYNTH,0.96,None,
TXN-C2-20251107-0308,ACC-CTB-004-SB1,CTB-RTL-004,2025-11-07,2025-11-07,2025-11-07T11:34:57,DR,666.27,114534.44,Card,,Card DR GlobalMart Online,CP-C2-GM,GlobalMart Online,Supplier,Card spend,Retail purchase,N,,,N,N,N,NA,,CBS_SYNTH,0.97,None,
TXN-C2-20251107-0309,ACC-CTB-004-SB1,CTB-RTL-004,2025-11-07,2025-11-07,2025-11-07T15:38:12,DR,18900.0,95634.44,AutoDebit,,AutoDebit DR Contoso Bank (Loan EMI),CP-C2-BANK,Contoso Bank (Loan EMI),Bank,EMI,Loan EMI,N,,,N,N,N,NA,FAC-C2-PL-001,CBS_SYNTH,0.97,None,
TXN-C2-20251107-0310,ACC-CTB-004-SB1,CTB-RTL-004,2025-11-07,2025-11-07,2025-11-07T18:10:22,DR,1806.14,93828.3,Card,,Card DR MSEDCL / Utilities,CP-C2-UTIL,MSEDCL / Utilities,Supplier,Card spend,Retail purchase,N,,,N,N,N,NA,,CBS_SYNTH,0.98,None,
TXN-C2-20251108-0311,ACC-CTB-004-SB1,CTB-RTL-004,2025-11-08,2025-11-08,2025-11-08T12:12:46,DR,689.78,93138.52,Card,,Card DR Zomato,CP-C2-FOOD,Zomato,Supplier,Card spend,Retail purchase,N,,,N,N,N,NA,,CBS_SYNTH,0.96,None,
TXN-C2-20251108-0312,ACC-CTB-004-SB1,CTB-RTL-004,2025-11-08,2025-11-08,2025-11-08T16:25:00,DR,3285.07,89853.45,Card,,Card DR Reliance Trends,CP-C2-SHOP,Reliance Trends,Supplier,Card spend,Retail purchase,N,,,N,N,N,NA,,CBS_SYNTH,0.97,None,
TXN-C2-20251109-0313,ACC-CTB-004-SB1,CTB-RTL-004,2025-11-09,2025-11-09,2025-11-09T16:29:11,DR,3970.07,85883.38,Card,,Card DR Reliance Trends,CP-C2-SHOP,Reliance Trends,Supplier,Card spend,Retail purchase,N,,,N,N,N,NA,,CBS_SYNTH,0.93,None,
TXN-C2-20251110-0314,ACC-CTB-004-SB1,CTB-RTL-004,2025-11-10,2025-11-10,2025-11-10T12:13:40,DR,1312.22,84571.16,Card,,Card DR Reliance Trends,CP-C2-SHOP,Reliance Trends,Supplier,Card spend,Retail purchase,N,,,N,N,N,NA,,CBS_SYNTH,0.9,None,
TXN-C2-20251110-0315,ACC-CTB-004-SB1,CTB-RTL-004,2025-11-10,2025-11-10,2025-11-10T18:14:38,DR,3981.44,80589.72,Card,,Card DR GlobalMart Online,CP-C2-GM,GlobalMart Online,Supplier,Card spend,Retail purchase,N,,,N,N,N,NA,,CBS_SYNTH,0.91,None,
TXN-C2-20251111-0316,ACC-CTB-004-SB1,CTB-RTL-004,2025-11-11,2025-11-11,2025-11-11T13:46:22,DR,636.36,79953.36,Card,,Card DR MSEDCL / Utilities,CP-C2-UTIL,MSEDCL / Utilities,Supplier,Card spend,Retail purchase,N,,,N,N,N,NA,,CBS_SYNTH,0.9,None,
TXN-C2-20251111-0317,ACC-CTB-004-SB1,CTB-RTL-004,2025-11-11,2025-11-11,2025-11-11T19:29:01,DR,5615.15,74338.21,Card,,Card DR Reliance Trends,CP-C2-SHOP,Reliance Trends,Supplier,Card spend,Retail purchase,N,,,N,N,N,NA,,CBS_SYNTH,0.95,None,
TXN-C2-20251112-0318,ACC-CTB-004-SB1,CTB-RTL-004,2025-11-12,2025-11-12,2025-11-12T10:32:31,DR,6120.55,68217.66,Card,,Card DR Reliance Trends,CP-C2-SHOP,Reliance Trends,Supplier,Card spend,Retail purchase,N,,,N,N,N,NA,,CBS_SYNTH,0.97,None,
TXN-C2-20251112-0319,ACC-CTB-004-SB1,CTB-RTL-004,2025-11-12,2025-11-12,2025-11-12T17:26:30,DR,842.92,67374.74,Card,,Card DR Indian Oil Fuel,CP-C2-FUEL,Indian Oil Fuel,Supplier,Card spend,Retail purchase,N,,,N,N,N,NA,,CBS_SYNTH,0.96,None,
TXN-C2-20251113-0320,ACC-CTB-004-SB1,CTB-RTL-004,2025-11-13,2025-11-13,2025-11-13T12:23:52,DR,3694.42,63680.32,ATM,,ATM DR ATM cash withdrawal,CP-C2-ATM,ATM cash withdrawal,Supplier,Cash,ATM withdrawal,N,,,Y,N,N,NA,,CBS_SYNTH,0.97,None,
TXN-C2-20251113-0321,ACC-CTB-004-SB1,CTB-RTL-004,2025-11-13,2025-11-13,2025-11-13T18:58:58,DR,3396.94,60283.38,Card,,Card DR GlobalMart Online,CP-C2-GM,GlobalMart Online,Supplier,Card spend,Retail purchase,N,,,N,N,N,NA,,CBS_SYNTH,0.94,None,
TXN-C2-20251114-0322,ACC-CTB-004-SB1,CTB-RTL-004,2025-11-14,2025-11-14,2025-11-14T13:34:06,DR,1127.4,59155.98,Card,,Card DR MSEDCL / Utilities,CP-C2-UTIL,MSEDCL / Utilities,Supplier,Card spend,Retail purchase,N,,,N,N,N,NA,,CBS_SYNTH,0.95,None,
TXN-C2-20251114-0323,ACC-CTB-004-SB1,CTB-RTL-004,2025-11-14,2025-11-14,2025-11-14T20:21:15,DR,1962.24,57193.74,Card,,Card DR Indian Oil Fuel,CP-C2-FUEL,Indian Oil Fuel,Supplier,Card spend,Retail purchase,N,,,N,N,N,NA,,CBS_SYNTH,0.91,None,
TXN-C2-20251115-0324,ACC-CTB-004-SB1,CTB-RTL-004,2025-11-15,2025-11-15,2025-11-15T13:13:54,DR,2063.87,55129.87,Card,,Card DR GlobalMart Online,CP-C2-GM,GlobalMart Online,Supplier,Card spend,Retail purchase,N,,,N,N,N,NA,,CBS_SYNTH,0.98,None,
TXN-C2-20251115-0325,ACC-CTB-004-SB1,CTB-RTL-004,2025-11-15,2025-11-15,2025-11-15T19:59:10,DR,2369.17,52760.7,Card,,Card DR GlobalMart Online,CP-C2-GM,GlobalMart Online,Supplier,Card spend,Retail purchase,N,,,N,N,N,NA,,CBS_SYNTH,0.98,None,
TXN-C2-20251116-0326,ACC-CTB-004-SB1,CTB-RTL-004,2025-11-16,2025-11-16,2025-11-16T17:52:29,DR,2790.9,49969.8,Card,,Card DR GlobalMart Online,CP-C2-GM,GlobalMart Online,Supplier,Card spend,Retail purchase,N,,,N,N,N,NA,,CBS_SYNTH,0.99,None,
TXN-C2-20251117-0327,ACC-CTB-004-SB1,CTB-RTL-004,2025-11-17,2025-11-17,2025-11-17T10:25:23,CR,57339.32,107309.12,NEFT,,NEFT CR Monthly salary credit,CP-C2-INC,Monthly salary credit,Buyer,Income,Salary credit,N,,,N,N,N,NA,,CBS_SYNTH,0.91,None,
TXN-C2-20251117-0328,ACC-CTB-004-SB1,CTB-RTL-004,2025-11-17,2025-11-17,2025-11-17T12:56:57,DR,1293.73,106015.39,Card,,Card DR Zomato,CP-C2-FOOD,Zomato,Supplier,Card spend,Retail purchase,N,,,N,N,N,NA,,CBS_SYNTH,0.89,None,
TXN-C2-20251117-0329,ACC-CTB-004-SB1,CTB-RTL-004,2025-11-17,2025-11-17,2025-11-17T16:33:04,DR,779.23,105236.16,Card,,Card DR Zomato,CP-C2-FOOD,Zomato,Supplier,Card spend,Retail purchase,N,,,N,N,N,NA,,CBS_SYNTH,0.89,None,
TXN-C2-20251117-0330,ACC-CTB-004-SB1,CTB-RTL-004,2025-11-17,2025-11-17,2025-11-17T19:20:50,DR,5894.74,99341.42,Card,,Card DR Reliance Trends,CP-C2-SHOP,Reliance Trends,Supplier,Card spend,Retail purchase,N,,,N,N,N,NA,,CBS_SYNTH,0.97,None,
TXN-C2-20251118-0331,ACC-CTB-004-SB1,CTB-RTL-004,2025-11-18,2025-11-18,2025-11-18T10:45:15,DR,1131.54,98209.88,Card,,Card DR MSEDCL / Utilities,CP-C2-UTIL,MSEDCL / Utilities,Supplier,Card spend,Retail purchase,N,,,N,N,N,NA,,CBS_SYNTH,0.95,None,
TXN-C2-20251118-0332,ACC-CTB-004-SB1,CTB-RTL-004,2025-11-18,2025-11-18,2025-11-18T18:40:03,DR,3173.2,95036.68,Card,,Card DR GlobalMart Online,CP-C2-GM,GlobalMart Online,Supplier,Card spend,Retail purchase,N,,,N,N,N,NA,,CBS_SYNTH,0.94,None,
TXN-C2-20251119-0333,ACC-CTB-004-SB1,CTB-RTL-004,2025-11-19,2025-11-19,2025-11-19T12:07:50,DR,1896.36,93140.32,Card,,Card DR GlobalMart Online,CP-C2-GM,GlobalMart Online,Supplier,Card spend,Retail purchase,N,,,N,N,N,NA,,CBS_SYNTH,0.95,None,
TXN-C2-20251119-0334,ACC-CTB-004-SB1,CTB-RTL-004,2025-11-19,2025-11-19,2025-11-19T20:18:36,DR,378.95,92761.37,Card,,Card DR Indian Oil Fuel,CP-C2-FUEL,Indian Oil Fuel,Supplier,Card spend,Retail purchase,N,,,N,N,N,NA,,CBS_SYNTH,0.99,None,
TXN-C2-20251120-0335,ACC-CTB-004-SB1,CTB-RTL-004,2025-11-20,2025-11-20,2025-11-20T10:19:34,DR,1750.72,91010.65,Card,,Card DR MSEDCL / Utilities,CP-C2-UTIL,MSEDCL / Utilities,Supplier,Card spend,Retail purchase,N,,,N,N,N,NA,,CBS_SYNTH,0.96,None,
TXN-C2-20251120-0336,ACC-CTB-004-SB1,CTB-RTL-004,2025-11-20,2025-11-20,2025-11-20T17:50:26,DR,1353.6,89657.05,Card,,Card DR MSEDCL / Utilities,CP-C2-UTIL,MSEDCL / Utilities,Supplier,Card spend,Retail purchase,N,,,N,N,N,NA,,CBS_SYNTH,0.96,None,
TXN-C2-20251121-0337,ACC-CTB-004-SB1,CTB-RTL-004,2025-11-21,2025-11-21,2025-11-21T12:19:12,DR,4445.27,85211.78,ATM,,ATM DR ATM cash withdrawal,CP-C2-ATM,ATM cash withdrawal,Supplier,Cash,ATM withdrawal,N,,,Y,N,N,NA,,CBS_SYNTH,0.93,None,
TXN-C2-20251121-0338,ACC-CTB-004-SB1,CTB-RTL-004,2025-11-21,2025-11-21,2025-11-21T18:32:13,DR,5116.96,80094.82,Card,,Card DR GlobalMart Online,CP-C2-GM,GlobalMart Online,Supplier,Card spend,Retail purchase,N,,,N,N,N,NA,,CBS_SYNTH,0.93,None,
TXN-C2-20251122-0339,ACC-CTB-004-SB1,CTB-RTL-004,2025-11-22,2025-11-22,2025-11-22T12:32:14,DR,4249.03,75845.79,ATM,,ATM DR ATM cash withdrawal,CP-C2-ATM,ATM cash withdrawal,Supplier,Cash,ATM withdrawal,N,,,Y,N,N,NA,,CBS_SYNTH,0.94,None,
TXN-C2-20251122-0340,ACC-CTB-004-SB1,CTB-RTL-004,2025-11-22,2025-11-22,2025-11-22T19:25:48,DR,3380.64,72465.15,Card,,Card DR GlobalMart Online,CP-C2-GM,GlobalMart Online,Supplier,Card spend,Retail purchase,N,,,N,N,N,NA,,CBS_SYNTH,0.9,None,
TXN-C2-20251123-0341,ACC-CTB-004-SB1,CTB-RTL-004,2025-11-23,2025-11-23,2025-11-23T16:27:53,DR,2999.26,69465.89,Card,,Card DR GlobalMart Online,CP-C2-GM,GlobalMart Online,Supplier,Card spend,Retail purchase,N,,,N,N,N,NA,,CBS_SYNTH,0.91,None,
TXN-C2-20251124-0342,ACC-CTB-004-SB1,CTB-RTL-004,2025-11-24,2025-11-24,2025-11-24T13:03:30,DR,1131.55,68334.34,Card,,Card DR GlobalMart Online,CP-C2-GM,GlobalMart Online,Supplier,Card spend,Retail purchase,N,,,N,N,N,NA,,CBS_SYNTH,0.89,None,
TXN-C2-20251124-0343,ACC-CTB-004-SB1,CTB-RTL-004,2025-11-24,2025-11-24,2025-11-24T16:55:50,DR,2212.37,66121.97,Card,,Card DR GlobalMart Online,CP-C2-GM,GlobalMart Online,Supplier,Card spend,Retail purchase,N,,,N,N,N,NA,,CBS_SYNTH,0.95,None,
TXN-C2-20251125-0344,ACC-CTB-004-SB1,CTB-RTL-004,2025-11-25,2025-11-25,2025-11-25T12:12:23,DR,684.34,65437.63,Card,,Card DR Zomato,CP-C2-FOOD,Zomato,Supplier,Card spend,Retail purchase,N,,,N,N,N,NA,,CBS_SYNTH,0.91,None,
TXN-C2-20251125-0345,ACC-CTB-004-SB1,CTB-RTL-004,2025-11-25,2025-11-25,2025-11-25T18:22:37,DR,1767.32,63670.31,Card,,Card DR MSEDCL / Utilities,CP-C2-UTIL,MSEDCL / Utilities,Supplier,Card spend,Retail purchase,N,,,N,N,N,NA,,CBS_SYNTH,0.89,None,
TXN-C2-20251126-0346,ACC-CTB-004-SB1,CTB-RTL-004,2025-11-26,2025-11-26,2025-11-26T16:49:18,DR,4388.78,59281.53,Card,,Card DR Reliance Trends,CP-C2-SHOP,Reliance Trends,Supplier,Card spend,Retail purchase,N,,,N,N,N,NA,,CBS_SYNTH,0.94,None,
TXN-C2-20251127-0347,ACC-CTB-004-SB1,CTB-RTL-004,2025-11-27,2025-11-27,2025-11-27T19:11:14,DR,1356.93,57924.6,Card,,Card DR Zomato,CP-C2-FOOD,Zomato,Supplier,Card spend,Retail purchase,N,,,N,N,N,NA,,CBS_SYNTH,0.99,None,
TXN-C2-20251128-0348,ACC-CTB-004-SB1,CTB-RTL-004,2025-11-28,2025-11-28,2025-11-28T17:53:23,DR,2577.17,55347.43,ATM,,ATM DR ATM cash withdrawal,CP-C2-ATM,ATM cash withdrawal,Supplier,Cash,ATM withdrawal,N,,,Y,N,N,NA,,CBS_SYNTH,0.97,None,
TXN-C2-20251129-0349,ACC-CTB-004-SB1,CTB-RTL-004,2025-11-29,2025-11-29,2025-11-29T17:28:37,DR,1666.97,53680.46,Card,,Card DR Indian Oil Fuel,CP-C2-FUEL,Indian Oil Fuel,Supplier,Card spend,Retail purchase,N,,,N,N,N,NA,,CBS_SYNTH,0.91,None,
TXN-C2-20251130-0350,ACC-CTB-004-SB1,CTB-RTL-004,2025-11-30,2025-11-30,2025-11-30T17:26:16,DR,2083.37,51597.09,Card,,Card DR Reliance Trends,CP-C2-SHOP,Reliance Trends,Supplier,Card spend,Retail purchase,N,,,N,N,N,NA,,CBS_SYNTH,0.97,None,
TXN-C2-20251201-0351,ACC-CTB-004-SB1,CTB-RTL-004,2025-12-01,2025-12-01,2025-12-01T12:16:45,DR,704.76,50892.33,Card,,Card DR Zomato,CP-C2-FOOD,Zomato,Supplier,Card spend,Retail purchase,N,,,N,N,N,NA,,CBS_SYNTH,0.99,None,
TXN-C2-20251201-0352,ACC-CTB-004-SB1,CTB-RTL-004,2025-12-01,2025-12-01,2025-12-01T19:16:51,DR,1968.54,48923.79,Card,,Card DR MSEDCL / Utilities,CP-C2-UTIL,MSEDCL / Utilities,Supplier,Card spend,Retail purchase,N,,,N,N,N,NA,,CBS_SYNTH,0.89,None,
TXN-C2-20251202-0353,ACC-CTB-004-SB1,CTB-RTL-004,2025-12-02,2025-12-02,2025-12-02T11:50:35,CR,55037.44,103961.23,NEFT,,NEFT CR Monthly salary credit,CP-C2-INC,Monthly salary credit,Buyer,Income,Salary credit,N,,,N,N,N,NA,,CBS_SYNTH,0.93,None,
TXN-C2-20251202-0354,ACC-CTB-004-SB1,CTB-RTL-004,2025-12-02,2025-12-02,2025-12-02T13:58:14,DR,2296.7,101664.53,Card,,Card DR Reliance Trends,CP-C2-SHOP,Reliance Trends,Supplier,Card spend,Retail purchase,N,,,N,N,N,NA,,CBS_SYNTH,0.98,None,
TXN-C2-20251202-0355,ACC-CTB-004-SB1,CTB-RTL-004,2025-12-02,2025-12-02,2025-12-02T19:37:25,DR,767.67,100896.86,Card,,Card DR GlobalMart Online,CP-C2-GM,GlobalMart Online,Supplier,Card spend,Retail purchase,N,,,N,N,N,NA,,CBS_SYNTH,0.9,None,
TXN-C2-20251203-0356,ACC-CTB-004-SB1,CTB-RTL-004,2025-12-03,2025-12-03,2025-12-03T10:57:38,DR,4672.2,96224.66,Card,,Card DR Reliance Trends,CP-C2-SHOP,Reliance Trends,Supplier,Card spend,Retail purchase,N,,,N,N,N,NA,,CBS_SYNTH,0.98,None,
TXN-C2-20251203-0357,ACC-CTB-004-SB1,CTB-RTL-004,2025-12-03,2025-12-03,2025-12-03T19:00:42,DR,4640.85,91583.81,ATM,,ATM DR ATM cash withdrawal,CP-C2-ATM,ATM cash withdrawal,Supplier,Cash,ATM withdrawal,N,,,Y,N,N,NA,,CBS_SYNTH,0.99,None,
TXN-C2-20251204-0358,ACC-CTB-004-SB1,CTB-RTL-004,2025-12-04,2025-12-04,2025-12-04T10:29:08,DR,4390.69,87193.12,Card,,Card DR GlobalMart Online,CP-C2-GM,GlobalMart Online,Supplier,Card spend,Retail purchase,N,,,N,N,N,NA,,CBS_SYNTH,0.96,None,
TXN-C2-20251204-0359,ACC-CTB-004-SB1,CTB-RTL-004,2025-12-04,2025-12-04,2025-12-04T17:55:14,DR,793.57,86399.55,Card,,Card DR Zomato,CP-C2-FOOD,Zomato,Supplier,Card spend,Retail purchase,N,,,N,N,N,NA,,CBS_SYNTH,0.94,None,
TXN-C2-20251205-0360,ACC-CTB-004-SB1,CTB-RTL-004,2025-12-05,2025-12-05,2025-12-05T10:34:20,DR,431.36,85968.19,Card,,Card DR Zomato,CP-C2-FOOD,Zomato,Supplier,Card spend,Retail purchase,N,,,N,N,N,NA,,CBS_SYNTH,0.96,None,
TXN-C2-20251205-0361,ACC-CTB-004-SB1,CTB-RTL-004,2025-12-05,2025-12-05,2025-12-05T19:06:43,DR,1594.96,84373.23,Card,,Card DR Indian Oil Fuel,CP-C2-FUEL,Indian Oil Fuel,Supplier,Card spend,Retail purchase,N,,,N,N,N,NA,,CBS_SYNTH,0.93,None,
TXN-C2-20251206-0362,ACC-CTB-004-SB1,CTB-RTL-004,2025-12-06,2025-12-06,2025-12-06T18:59:48,DR,4900.28,79472.95,Card,,Card DR Reliance Trends,CP-C2-SHOP,Reliance Trends,Supplier,Card spend,Retail purchase,N,,,N,N,N,NA,,CBS_SYNTH,0.93,None,
TXN-C2-20251207-0363,ACC-CTB-004-SB1,CTB-RTL-004,2025-12-07,2025-12-07,2025-12-07T11:28:02,DR,830.87,78642.08,Card,,Card DR MSEDCL / Utilities,CP-C2-UTIL,MSEDCL / Utilities,Supplier,Card spend,Retail purchase,N,,,N,N,N,NA,,CBS_SYNTH,0.9,None,
TXN-C2-20251207-0364,ACC-CTB-004-SB1,CTB-RTL-004,2025-12-07,2025-12-07,2025-12-07T17:14:12,DR,18900.0,59742.08,AutoDebit,,AutoDebit DR Contoso Bank (Loan EMI),CP-C2-BANK,Contoso Bank (Loan EMI),Bank,EMI,Loan EMI,N,,,N,N,N,NA,FAC-C2-PL-001,CBS_SYNTH,0.97,None,
TXN-C2-20251208-0365,ACC-CTB-004-SB1,CTB-RTL-004,2025-12-08,2025-12-08,2025-12-08T14:02:46,DR,1034.4,58707.68,Card,,Card DR Indian Oil Fuel,CP-C2-FUEL,Indian Oil Fuel,Supplier,Card spend,Retail purchase,N,,,N,N,N,NA,,CBS_SYNTH,0.89,None,
TXN-C2-20251209-0366,ACC-CTB-004-SB1,CTB-RTL-004,2025-12-09,2025-12-09,2025-12-09T15:15:30,DR,1728.31,56979.37,Card,,Card DR MSEDCL / Utilities,CP-C2-UTIL,MSEDCL / Utilities,Supplier,Card spend,Retail purchase,N,,,N,N,N,NA,,CBS_SYNTH,0.9,None,
TXN-C2-20251210-0367,ACC-CTB-004-SB1,CTB-RTL-004,2025-12-10,2025-12-10,2025-12-10T17:53:30,DR,1351.34,55628.03,Card,,Card DR GlobalMart Online,CP-C2-GM,GlobalMart Online,Supplier,Card spend,Retail purchase,N,,,N,N,N,NA,,CBS_SYNTH,0.98,None,
TXN-C2-20251211-0368,ACC-CTB-004-SB1,CTB-RTL-004,2025-12-11,2025-12-11,2025-12-11T12:47:43,DR,1004.42,54623.61,Card,,Card DR Zomato,CP-C2-FOOD,Zomato,Supplier,Card spend,Retail purchase,N,,,N,N,N,NA,,CBS_SYNTH,0.9,None,
TXN-C2-20251212-0369,ACC-CTB-004-SB1,CTB-RTL-004,2025-12-12,2025-12-12,2025-12-12T18:01:25,DR,848.13,53775.48,Card,,Card DR Indian Oil Fuel,CP-C2-FUEL,Indian Oil Fuel,Supplier,Card spend,Retail purchase,N,,,N,N,N,NA,,CBS_SYNTH,0.88,None,
TXN-C2-20251213-0370,ACC-CTB-004-SB1,CTB-RTL-004,2025-12-13,2025-12-13,2025-12-13T12:52:26,DR,320.61,53454.87,Card,,Card DR Zomato,CP-C2-FOOD,Zomato,Supplier,Card spend,Retail purchase,N,,,N,N,N,NA,,CBS_SYNTH,0.92,None,
TXN-C2-20251214-0371,ACC-CTB-004-SB1,CTB-RTL-004,2025-12-14,2025-12-14,2025-12-14T16:18:01,DR,4899.18,48555.69,Card,,Card DR GlobalMart Online,CP-C2-GM,GlobalMart Online,Supplier,Card spend,Retail purchase,N,,,N,N,N,NA,,CBS_SYNTH,0.88,None,
TXN-C2-20251215-0372,ACC-CTB-004-SB1,CTB-RTL-004,2025-12-15,2025-12-15,2025-12-15T17:27:18,DR,871.76,47683.93,Card,,Card DR Zomato,CP-C2-FOOD,Zomato,Supplier,Card spend,Retail purchase,N,,,N,N,N,NA,,CBS_SYNTH,0.91,None,
TXN-C2-20251216-0373,ACC-CTB-004-SB1,CTB-RTL-004,2025-12-16,2025-12-16,2025-12-16T12:38:08,DR,4875.97,42807.96,Card,,Card DR GlobalMart Online,CP-C2-GM,GlobalMart Online,Supplier,Card spend,Retail purchase,N,,,N,N,N,NA,,CBS_SYNTH,0.9,None,
TXN-C2-20251216-0374,ACC-CTB-004-SB1,CTB-RTL-004,2025-12-16,2025-12-16,2025-12-16T17:45:24,DR,5789.48,37018.48,ATM,,ATM DR ATM cash withdrawal,CP-C2-ATM,ATM cash withdrawal,Supplier,Cash,ATM withdrawal,N,,,Y,N,N,NA,,CBS_SYNTH,0.89,None,
TXN-C2-20251217-0375,ACC-CTB-004-SB1,CTB-RTL-004,2025-12-17,2025-12-17,2025-12-17T11:07:21,CR,49451.48,86469.96,NEFT,,NEFT CR Monthly salary credit,CP-C2-INC,Monthly salary credit,Buyer,Income,Salary credit,N,,,N,N,N,NA,,CBS_SYNTH,0.91,None,
TXN-C2-20251217-0376,ACC-CTB-004-SB1,CTB-RTL-004,2025-12-17,2025-12-17,2025-12-17T15:45:11,DR,1463.65,85006.31,Card,,Card DR Reliance Trends,CP-C2-SHOP,Reliance Trends,Supplier,Card spend,Retail purchase,N,,,N,N,N,NA,,CBS_SYNTH,0.93,None,
TXN-C2-20251217-0377,ACC-CTB-004-SB1,CTB-RTL-004,2025-12-17,2025-12-17,2025-12-17T18:27:00,DR,1421.52,83584.79,Card,,Card DR MSEDCL / Utilities,CP-C2-UTIL,MSEDCL / Utilities,Supplier,Card spend,Retail purchase,N,,,N,N,N,NA,,CBS_SYNTH,0.89,None,
TXN-C2-20251218-0378,ACC-CTB-004-SB1,CTB-RTL-004,2025-12-18,2025-12-18,2025-12-18T12:14:06,DR,850.98,82733.81,Card,,Card DR MSEDCL / Utilities,CP-C2-UTIL,MSEDCL / Utilities,Supplier,Card spend,Retail purchase,N,,,N,N,N,NA,,CBS_SYNTH,0.89,None,
TXN-C2-20251218-0379,ACC-CTB-004-SB1,CTB-RTL-004,2025-12-18,2025-12-18,2025-12-18T19:19:45,DR,4238.08,78495.73,ATM,,ATM DR ATM cash withdrawal,CP-C2-ATM,ATM cash withdrawal,Supplier,Cash,ATM withdrawal,N,,,Y,N,N,NA,,CBS_SYNTH,0.93,None,
TXN-C2-20251219-0380,ACC-CTB-004-SB1,CTB-RTL-004,2025-12-19,2025-12-19,2025-12-19T12:24:44,DR,2131.11,76364.62,Card,,Card DR Indian Oil Fuel,CP-C2-FUEL,Indian Oil Fuel,Supplier,Card spend,Retail purchase,N,,,N,N,N,NA,,CBS_SYNTH,0.97,None,
TXN-C2-20251219-0381,ACC-CTB-004-SB1,CTB-RTL-004,2025-12-19,2025-12-19,2025-12-19T19:53:58,DR,964.32,75400.3,Card,,Card DR MSEDCL / Utilities,CP-C2-UTIL,MSEDCL / Utilities,Supplier,Card spend,Retail purchase,N,,,N,N,N,NA,,CBS_SYNTH,0.89,None,
TXN-C2-20251220-0382,ACC-CTB-004-SB1,CTB-RTL-004,2025-12-20,2025-12-20,2025-12-20T14:41:10,DR,2067.25,73333.05,Card,,Card DR GlobalMart Online,CP-C2-GM,GlobalMart Online,Supplier,Card spend,Retail purchase,N,,,N,N,N,NA,,CBS_SYNTH,0.95,None,
TXN-C2-20251221-0383,ACC-CTB-004-SB1,CTB-RTL-004,2025-12-21,2025-12-21,2025-12-21T16:37:36,DR,2718.48,70614.57,Card,,Card DR GlobalMart Online,CP-C2-GM,GlobalMart Online,Supplier,Card spend,Retail purchase,N,,,N,N,N,NA,,CBS_SYNTH,0.9,None,
TXN-C2-20251222-0384,ACC-CTB-004-SB1,CTB-RTL-004,2025-12-22,2025-12-22,2025-12-22T17:05:58,DR,804.94,69809.63,Card,,Card DR Zomato,CP-C2-FOOD,Zomato,Supplier,Card spend,Retail purchase,N,,,N,N,N,NA,,CBS_SYNTH,0.91,None,
TXN-C2-20251223-0385,ACC-CTB-004-SB1,CTB-RTL-004,2025-12-23,2025-12-23,2025-12-23T11:36:17,DR,2878.27,66931.36,Card,,Card DR GlobalMart Online,CP-C2-GM,GlobalMart Online,Supplier,Card spend,Retail purchase,N,,,N,N,N,NA,,CBS_SYNTH,0.92,None,
TXN-C2-20251224-0386,ACC-CTB-004-SB1,CTB-RTL-004,2025-12-24,2025-12-24,2025-12-24T13:00:10,DR,4098.49,62832.87,ATM,,ATM DR ATM cash withdrawal,CP-C2-ATM,ATM cash withdrawal,Supplier,Cash,ATM withdrawal,N,,,Y,N,N,NA,,CBS_SYNTH,0.92,None,
TXN-C2-20251225-0387,ACC-CTB-004-SB1,CTB-RTL-004,2025-12-25,2025-12-25,2025-12-25T16:40:18,DR,910.4,61922.47,Card,,Card DR Indian Oil Fuel,CP-C2-FUEL,Indian Oil Fuel,Supplier,Card spend,Retail purchase,N,,,N,N,N,NA,,CBS_SYNTH,0.94,None,
TXN-C2-20251226-0388,ACC-CTB-004-SB1,CTB-RTL-004,2025-12-26,2025-12-26,2025-12-26T13:03:20,DR,1972.52,59949.95,Card,,Card DR Indian Oil Fuel,CP-C2-FUEL,Indian Oil Fuel,Supplier,Card spend,Retail purchase,N,,,N,N,N,NA,,CBS_SYNTH,0.97,None,
TXN-C2-20251227-0389,ACC-CTB-004-SB1,CTB-RTL-004,2025-12-27,2025-12-27,2025-12-27T15:17:06,DR,1151.25,58798.7,Card,,Card DR GlobalMart Online,CP-C2-GM,GlobalMart Online,Supplier,Card spend,Retail purchase,N,,,N,N,N,NA,,CBS_SYNTH,0.97,None,
TXN-C2-20251228-0390,ACC-CTB-004-SB1,CTB-RTL-004,2025-12-28,2025-12-28,2025-12-28T15:34:23,DR,449.46,58349.24,Card,,Card DR MSEDCL / Utilities,CP-C2-UTIL,MSEDCL / Utilities,Supplier,Card spend,Retail purchase,N,,,N,N,N,NA,,CBS_SYNTH,0.92,None,
TXN-C2-20251229-0391,ACC-CTB-004-SB1,CTB-RTL-004,2025-12-29,2025-12-29,2025-12-29T18:02:03,DR,1272.8,57076.44,ATM,,ATM DR ATM cash withdrawal,CP-C2-ATM,ATM cash withdrawal,Supplier,Cash,ATM withdrawal,N,,,Y,N,N,NA,,CBS_SYNTH,0.89,None,
TXN-C2-20251230-0392,ACC-CTB-004-SB1,CTB-RTL-004,2025-12-30,2025-12-30,2025-12-30T11:28:19,DR,562.6,56513.84,Card,,Card DR Zomato,CP-C2-FOOD,Zomato,Supplier,Card spend,Retail purchase,N,,,N,N,N,NA,,CBS_SYNTH,0.88,None,
TXN-C2-20251231-0393,ACC-CTB-004-SB1,CTB-RTL-004,2025-12-31,2025-12-31,2025-12-31T10:20:29,CR,1532.16,58046.0,Internal,,Internal CR Contoso Bank,CP-C2-BANK,Contoso Bank,Bank,Income,Savings interest,N,,,N,N,N,NA,,CBS_SYNTH,0.93,None,
TXN-C2-20251231-0394,ACC-CTB-004-SB1,CTB-RTL-004,2025-12-31,2025-12-31,2025-12-31T19:41:57,DR,1118.02,56927.98,Card,,Card DR Zomato,CP-C2-FOOD,Zomato,Supplier,Card spend,Retail purchase,N,,,N,N,N,NA,,CBS_SYNTH,0.98,None,
TXN-C2-20260101-0395,ACC-CTB-004-SB1,CTB-RTL-004,2026-01-01,2026-01-01,2026-01-01T10:03:22,CR,51063.18,107991.16,NEFT,,NEFT CR Monthly salary credit,CP-C2-INC,Monthly salary credit,Buyer,Income,Salary credit,N,,,N,N,N,NA,,CBS_SYNTH,0.9,None,
TXN-C2-20260101-0396,ACC-CTB-004-SB1,CTB-RTL-004,2026-01-01,2026-01-01,2026-01-01T19:41:47,DR,1475.43,106515.73,Card,,Card DR Indian Oil Fuel,CP-C2-FUEL,Indian Oil Fuel,Supplier,Card spend,Retail purchase,N,,,N,N,N,NA,,CBS_SYNTH,0.96,None,
TXN-C2-20260102-0397,ACC-CTB-004-SB1,CTB-RTL-004,2026-01-02,2026-01-02,2026-01-02T17:00:19,DR,1565.93,104949.8,Card,,Card DR Indian Oil Fuel,CP-C2-FUEL,Indian Oil Fuel,Supplier,Card spend,Retail purchase,N,,,N,N,N,NA,,CBS_SYNTH,0.94,None,
TXN-C2-20260103-0398,ACC-CTB-004-SB1,CTB-RTL-004,2026-01-03,2026-01-03,2026-01-03T17:39:09,DR,2158.83,102790.97,Card,,Card DR Indian Oil Fuel,CP-C2-FUEL,Indian Oil Fuel,Supplier,Card spend,Retail purchase,N,,,N,N,N,NA,,CBS_SYNTH,0.92,None,
TXN-C2-20260104-0399,ACC-CTB-004-SB1,CTB-RTL-004,2026-01-04,2026-01-04,2026-01-04T15:18:44,DR,965.31,101825.66,Card,,Card DR GlobalMart Online,CP-C2-GM,GlobalMart Online,Supplier,Card spend,Retail purchase,N,,,N,N,N,NA,,CBS_SYNTH,0.95,None,
TXN-C2-20260105-0400,ACC-CTB-004-SB1,CTB-RTL-004,2026-01-05,2026-01-05,2026-01-05T17:05:30,DR,2078.65,99747.01,Card,,Card DR Reliance Trends,CP-C2-SHOP,Reliance Trends,Supplier,Card spend,Retail purchase,N,,,N,N,N,NA,,CBS_SYNTH,0.99,None,
TXN-C2-20260106-0401,ACC-CTB-004-SB1,CTB-RTL-004,2026-01-06,2026-01-06,2026-01-06T19:14:39,DR,1307.68,98439.33,Card,,Card DR Zomato,CP-C2-FOOD,Zomato,Supplier,Card spend,Retail purchase,N,,,N,N,N,NA,,CBS_SYNTH,0.93,None,
TXN-C2-20260107-0402,ACC-CTB-004-SB1,CTB-RTL-004,2026-01-07,2026-01-07,2026-01-07T11:01:34,DR,18900.0,79539.33,AutoDebit,,AutoDebit DR Contoso Bank (Loan EMI),CP-C2-BANK,Contoso Bank (Loan EMI),Bank,EMI,Loan EMI,N,,,N,N,N,NA,FAC-C2-PL-001,CBS_SYNTH,0.97,None,
TXN-C2-20260107-0403,ACC-CTB-004-SB1,CTB-RTL-004,2026-01-07,2026-01-07,2026-01-07T20:06:04,DR,1771.4,77767.93,Card,,Card DR Reliance Trends,CP-C2-SHOP,Reliance Trends,Supplier,Card spend,Retail purchase,N,,,N,N,N,NA,,CBS_SYNTH,0.94,None,
TXN-C2-20260108-0404,ACC-CTB-004-SB1,CTB-RTL-004,2026-01-08,2026-01-08,2026-01-08T12:40:49,DR,4666.64,73101.29,Card,,Card DR Reliance Trends,CP-C2-SHOP,Reliance Trends,Supplier,Card spend,Retail purchase,N,,,N,N,N,NA,,CBS_SYNTH,0.93,None,
TXN-C2-20260109-0405,ACC-CTB-004-SB1,CTB-RTL-004,2026-01-09,2026-01-09,2026-01-09T12:16:53,DR,339.7,72761.59,Card,,Card DR Zomato,CP-C2-FOOD,Zomato,Supplier,Card spend,Retail purchase,N,,,N,N,N,NA,,CBS_SYNTH,0.94,None,
TXN-C2-20260110-0406,ACC-CTB-004-SB1,CTB-RTL-004,2026-01-10,2026-01-10,2026-01-10T12:29:06,DR,1835.02,70926.57,Card,,Card DR GlobalMart Online,CP-C2-GM,GlobalMart Online,Supplier,Card spend,Retail purchase,N,,,N,N,N,NA,,CBS_SYNTH,0.95,None,
TXN-C2-20260112-0407,ACC-CTB-004-SB1,CTB-RTL-004,2026-01-12,2026-01-12,2026-01-12T12:13:53,DR,1782.08,69144.49,Card,,Card DR MSEDCL / Utilities,CP-C2-UTIL,MSEDCL / Utilities,Supplier,Card spend,Retail purchase,N,,,N,N,N,NA,,CBS_SYNTH,0.93,None,
TXN-C2-20260113-0408,ACC-CTB-004-SB1,CTB-RTL-004,2026-01-13,2026-01-13,2026-01-13T11:42:09,DR,929.06,68215.43,Card,,Card DR Zomato,CP-C2-FOOD,Zomato,Supplier,Card spend,Retail purchase,N,,,N,N,N,NA,,CBS_SYNTH,0.95,None,
TXN-C2-20260114-0409,ACC-CTB-004-SB1,CTB-RTL-004,2026-01-14,2026-01-14,2026-01-14T18:02:31,DR,307.87,67907.56,Card,,Card DR Zomato,CP-C2-FOOD,Zomato,Supplier,Card spend,Retail purchase,N,,,N,N,N,NA,,CBS_SYNTH,0.92,None,
TXN-C2-20260115-0410,ACC-CTB-004-SB1,CTB-RTL-004,2026-01-15,2026-01-15,2026-01-15T17:33:04,DR,2179.29,65728.27,Card,,Card DR GlobalMart Online,CP-C2-GM,GlobalMart Online,Supplier,Card spend,Retail purchase,N,,,N,N,N,NA,,CBS_SYNTH,0.88,None,
TXN-C2-20260116-0411,ACC-CTB-004-SB1,CTB-RTL-004,2026-01-16,2026-01-16,2026-01-16T14:53:41,DR,1823.69,63904.58,Card,,Card DR MSEDCL / Utilities,CP-C2-UTIL,MSEDCL / Utilities,Supplier,Card spend,Retail purchase,N,,,N,N,N,NA,,CBS_SYNTH,0.91,None,
TXN-C2-20260117-0412,ACC-CTB-004-SB1,CTB-RTL-004,2026-01-17,2026-01-17,2026-01-17T13:08:06,CR,47059.62,110964.2,NEFT,,NEFT CR Monthly salary credit,CP-C2-INC,Monthly salary credit,Buyer,Income,Salary credit,N,,,N,N,N,NA,,CBS_SYNTH,0.9,None,
TXN-C2-20260117-0413,ACC-CTB-004-SB1,CTB-RTL-004,2026-01-17,2026-01-17,2026-01-17T17:08:45,DR,1792.11,109172.09,Card,,Card DR Reliance Trends,CP-C2-SHOP,Reliance Trends,Supplier,Card spend,Retail purchase,N,,,N,N,N,NA,,CBS_SYNTH,0.97,None,
TXN-C2-20260118-0414,ACC-CTB-004-SB1,CTB-RTL-004,2026-01-18,2026-01-18,2026-01-18T16:59:57,DR,2873.11,106298.98,Card,,Card DR GlobalMart Online,CP-C2-GM,GlobalMart Online,Supplier,Card spend,Retail purchase,N,,,N,N,N,NA,,CBS_SYNTH,0.97,None,
TXN-C2-20260119-0415,ACC-CTB-004-SB1,CTB-RTL-004,2026-01-19,2026-01-19,2026-01-19T11:10:03,DR,2073.74,104225.24,Card,,Card DR Indian Oil Fuel,CP-C2-FUEL,Indian Oil Fuel,Supplier,Card spend,Retail purchase,N,,,N,N,N,NA,,CBS_SYNTH,0.95,None,
TXN-C2-20260120-0416,ACC-CTB-004-SB1,CTB-RTL-004,2026-01-20,2026-01-20,2026-01-20T18:08:56,DR,836.34,103388.9,Card,,Card DR Indian Oil Fuel,CP-C2-FUEL,Indian Oil Fuel,Supplier,Card spend,Retail purchase,N,,,N,N,N,NA,,CBS_SYNTH,0.88,None,
TXN-C2-20260121-0417,ACC-CTB-004-SB1,CTB-RTL-004,2026-01-21,2026-01-21,2026-01-21T15:55:59,DR,3702.42,99686.48,Card,,Card DR GlobalMart Online,CP-C2-GM,GlobalMart Online,Supplier,Card spend,Retail purchase,N,,,N,N,N,NA,,CBS_SYNTH,0.99,None,
TXN-C2-20260122-0418,ACC-CTB-004-SB1,CTB-RTL-004,2026-01-22,2026-01-22,2026-01-22T12:39:10,DR,1006.25,98680.23,Card,,Card DR Zomato,CP-C2-FOOD,Zomato,Supplier,Card spend,Retail purchase,N,,,N,N,N,NA,,CBS_SYNTH,0.89,None,
TXN-C2-20260123-0419,ACC-CTB-004-SB1,CTB-RTL-004,2026-01-23,2026-01-23,2026-01-23T16:23:15,DR,1660.25,97019.98,Card,,Card DR MSEDCL / Utilities,CP-C2-UTIL,MSEDCL / Utilities,Supplier,Card spend,Retail purchase,N,,,N,N,N,NA,,CBS_SYNTH,0.99,None,
TXN-C2-20260124-0420,ACC-CTB-004-SB1,CTB-RTL-004,2026-01-24,2026-01-24,2026-01-24T14:18:54,DR,3948.09,93071.89,Card,,Card DR Reliance Trends,CP-C2-SHOP,Reliance Trends,Supplier,Card spend,Retail purchase,N,,,N,N,N,NA,,CBS_SYNTH,0.89,None,
TXN-C2-20260126-0421,ACC-CTB-004-SB1,CTB-RTL-004,2026-01-26,2026-01-26,2026-01-26T15:25:56,DR,1301.39,91770.5,Card,,Card DR Indian Oil Fuel,CP-C2-FUEL,Indian Oil Fuel,Supplier,Card spend,Retail purchase,N,,,N,N,N,NA,,CBS_SYNTH,0.94,None,
TXN-C2-20260127-0422,ACC-CTB-004-SB1,CTB-RTL-004,2026-01-27,2026-01-27,2026-01-27T15:37:45,DR,1194.39,90576.11,Card,,Card DR MSEDCL / Utilities,CP-C2-UTIL,MSEDCL / Utilities,Supplier,Card spend,Retail purchase,N,,,N,N,N,NA,,CBS_SYNTH,0.95,None,
TXN-C2-20260128-0423,ACC-CTB-004-SB1,CTB-RTL-004,2026-01-28,2026-01-28,2026-01-28T15:50:47,DR,1052.49,89523.62,Card,,Card DR Zomato,CP-C2-FOOD,Zomato,Supplier,Card spend,Retail purchase,N,,,N,N,N,NA,,CBS_SYNTH,0.99,None,
TXN-C2-20260129-0424,ACC-CTB-004-SB1,CTB-RTL-004,2026-01-29,2026-01-29,2026-01-29T18:55:20,DR,2916.12,86607.5,Card,,Card DR Reliance Trends,CP-C2-SHOP,Reliance Trends,Supplier,Card spend,Retail purchase,N,,,N,N,N,NA,,CBS_SYNTH,0.91,None,
TXN-C2-20260130-0425,ACC-CTB-004-SB1,CTB-RTL-004,2026-01-30,2026-01-30,2026-01-30T11:30:16,DR,2398.08,84209.42,Card,,Card DR GlobalMart Online,CP-C2-GM,GlobalMart Online,Supplier,Card spend,Retail purchase,N,,,N,N,N,NA,,CBS_SYNTH,0.91,None,
TXN-C2-20260131-0426,ACC-CTB-004-SB1,CTB-RTL-004,2026-01-31,2026-01-31,2026-01-31T12:59:16,DR,770.52,83438.9,Card,,Card DR MSEDCL / Utilities,CP-C2-UTIL,MSEDCL / Utilities,Supplier,Card spend,Retail purchase,N,,,N,N,N,NA,,CBS_SYNTH,0.88,None,
TXN-C2-20260201-0427,ACC-CTB-004-SB1,CTB-RTL-004,2026-02-01,2026-02-01,2026-02-01T12:45:14,CR,58245.1,141684.0,NEFT,,NEFT CR Monthly salary credit,CP-C2-INC,Monthly salary credit,Buyer,Income,Salary credit,N,,,N,N,N,NA,,CBS_SYNTH,0.95,None,
TXN-C2-20260201-0428,ACC-CTB-004-SB1,CTB-RTL-004,2026-02-01,2026-02-01,2026-02-01T18:33:32,DR,1309.36,140374.64,Card,,Card DR Zomato,CP-C2-FOOD,Zomato,Supplier,Card spend,Retail purchase,N,,,N,N,N,NA,,CBS_SYNTH,0.91,None,
TXN-C2-20260202-0429,ACC-CTB-004-SB1,CTB-RTL-004,2026-02-02,2026-02-02,2026-02-02T19:12:34,DR,2266.05,138108.59,Card,,Card DR Reliance Trends,CP-C2-SHOP,Reliance Trends,Supplier,Card spend,Retail purchase,N,,,N,N,N,NA,,CBS_SYNTH,0.88,None,
TXN-C2-20260203-0430,ACC-CTB-004-SB1,CTB-RTL-004,2026-02-03,2026-02-03,2026-02-03T17:20:55,DR,1108.8,136999.79,Card,,Card DR MSEDCL / Utilities,CP-C2-UTIL,MSEDCL / Utilities,Supplier,Card spend,Retail purchase,N,,,N,N,N,NA,,CBS_SYNTH,0.96,None,
TXN-C2-20260204-0431,ACC-CTB-004-SB1,CTB-RTL-004,2026-02-04,2026-02-04,2026-02-04T13:26:17,DR,3039.57,133960.22,Card,,Card DR GlobalMart Online,CP-C2-GM,GlobalMart Online,Supplier,Card spend,Retail purchase,N,,,N,N,N,NA,,CBS_SYNTH,0.88,None,
TXN-C2-20260205-0432,ACC-CTB-004-SB1,CTB-RTL-004,2026-02-05,2026-02-05,2026-02-05T18:02:24,DR,2831.02,131129.2,Card,,Card DR Reliance Trends,CP-C2-SHOP,Reliance Trends,Supplier,Card spend,Retail purchase,N,,,N,N,N,NA,,CBS_SYNTH,0.96,None,
TXN-C2-20260206-0433,ACC-CTB-004-SB1,CTB-RTL-004,2026-02-06,2026-02-06,2026-02-06T13:50:12,DR,3573.42,127555.78,Card,,Card DR Reliance Trends,CP-C2-SHOP,Reliance Trends,Supplier,Card spend,Retail purchase,N,,,N,N,N,NA,,CBS_SYNTH,0.95,None,
TXN-C2-20260207-0434,ACC-CTB-004-SB1,CTB-RTL-004,2026-02-07,2026-02-07,2026-02-07T10:10:54,DR,1632.2,125923.58,Card,,Card DR MSEDCL / Utilities,CP-C2-UTIL,MSEDCL / Utilities,Supplier,Card spend,Retail purchase,N,,,N,N,N,NA,,CBS_SYNTH,0.97,None,
TXN-C2-20260207-0435,ACC-CTB-004-SB1,CTB-RTL-004,2026-02-07,2026-02-07,2026-02-07T18:52:04,DR,18900.0,107023.58,AutoDebit,,AutoDebit DR Contoso Bank (Loan EMI),CP-C2-BANK,Contoso Bank (Loan EMI),Bank,EMI,Loan EMI,N,,,N,N,N,NA,FAC-C2-PL-001,CBS_SYNTH,0.97,None,
TXN-C2-20260209-0436,ACC-CTB-004-SB1,CTB-RTL-004,2026-02-09,2026-02-09,2026-02-09T18:12:17,DR,1225.49,105798.09,Card,,Card DR MSEDCL / Utilities,CP-C2-UTIL,MSEDCL / Utilities,Supplier,Card spend,Retail purchase,N,,,N,N,N,NA,,CBS_SYNTH,0.89,None,
TXN-C2-20260210-0437,ACC-CTB-004-SB1,CTB-RTL-004,2026-02-10,2026-02-10,2026-02-10T11:58:45,DR,2371.48,103426.61,Card,,Card DR GlobalMart Online,CP-C2-GM,GlobalMart Online,Supplier,Card spend,Retail purchase,N,,,N,N,N,NA,,CBS_SYNTH,0.94,None,
TXN-C2-20260211-0438,ACC-CTB-004-SB1,CTB-RTL-004,2026-02-11,2026-02-11,2026-02-11T12:06:17,DR,1866.49,101560.12,Card,,Card DR GlobalMart Online,CP-C2-GM,GlobalMart Online,Supplier,Card spend,Retail purchase,N,,,N,N,N,NA,,CBS_SYNTH,0.98,None,
TXN-C2-20260212-0439,ACC-CTB-004-SB1,CTB-RTL-004,2026-02-12,2026-02-12,2026-02-12T14:52:19,DR,2846.93,98713.19,Card,,Card DR GlobalMart Online,CP-C2-GM,GlobalMart Online,Supplier,Card spend,Retail purchase,N,,,N,N,N,NA,,CBS_SYNTH,0.93,None,
TXN-C2-20260213-0440,ACC-CTB-004-SB1,CTB-RTL-004,2026-02-13,2026-02-13,2026-02-13T15:37:43,DR,2949.77,95763.42,Card,,Card DR GlobalMart Online,CP-C2-GM,GlobalMart Online,Supplier,Card spend,Retail purchase,N,,,N,N,N,NA,,CBS_SYNTH,0.98,None,
TXN-C2-20260214-0441,ACC-CTB-004-SB1,CTB-RTL-004,2026-02-14,2026-02-14,2026-02-14T19:11:13,DR,3452.46,92310.96,Card,,Card DR GlobalMart Online,CP-C2-GM,GlobalMart Online,Supplier,Card spend,Retail purchase,N,,,N,N,N,NA,,CBS_SYNTH,0.97,None,
TXN-C2-20260216-0442,ACC-CTB-004-SB1,CTB-RTL-004,2026-02-16,2026-02-16,2026-02-16T10:48:34,CR,54780.46,147091.42,NEFT,,NEFT CR Monthly salary credit,CP-C2-INC,Monthly salary credit,Buyer,Income,Salary credit,N,,,N,N,N,NA,,CBS_SYNTH,0.95,None,
TXN-C2-20260216-0443,ACC-CTB-004-SB1,CTB-RTL-004,2026-02-16,2026-02-16,2026-02-16T20:10:08,DR,2486.88,144604.54,Card,,Card DR GlobalMart Online,CP-C2-GM,GlobalMart Online,Supplier,Card spend,Retail purchase,N,,,N,N,N,NA,,CBS_SYNTH,0.91,None,
TXN-C2-20260217-0444,ACC-CTB-004-SB1,CTB-RTL-004,2026-02-17,2026-02-17,2026-02-17T18:30:42,DR,551.22,144053.32,Card,,Card DR Indian Oil Fuel,CP-C2-FUEL,Indian Oil Fuel,Supplier,Card spend,Retail purchase,N,,,N,N,N,NA,,CBS_SYNTH,0.94,None,
TXN-C2-20260218-0445,ACC-CTB-004-SB1,CTB-RTL-004,2026-02-18,2026-02-18,2026-02-18T14:56:05,DR,567.51,143485.81,Card,,Card DR Zomato,CP-C2-FOOD,Zomato,Supplier,Card spend,Retail purchase,N,,,N,N,N,NA,,CBS_SYNTH,0.94,None,
TXN-C2-20260219-0446,ACC-CTB-004-SB1,CTB-RTL-004,2026-02-19,2026-02-19,2026-02-19T14:40:28,DR,470.14,143015.67,Card,,Card DR Indian Oil Fuel,CP-C2-FUEL,Indian Oil Fuel,Supplier,Card spend,Retail purchase,N,,,N,N,N,NA,,CBS_SYNTH,0.99,None,
TXN-C2-20260220-0447,ACC-CTB-004-SB1,CTB-RTL-004,2026-02-20,2026-02-20,2026-02-20T16:52:45,DR,1626.69,141388.98,Card,,Card DR Indian Oil Fuel,CP-C2-FUEL,Indian Oil Fuel,Supplier,Card spend,Retail purchase,N,,,N,N,N,NA,,CBS_SYNTH,0.93,None,
TXN-C2-20260221-0448,ACC-CTB-004-SB1,CTB-RTL-004,2026-02-21,2026-02-21,2026-02-21T12:10:04,DR,790.98,140598.0,Card,,Card DR Zomato,CP-C2-FOOD,Zomato,Supplier,Card spend,Retail purchase,N,,,N,N,N,NA,,CBS_SYNTH,0.89,None,
TXN-C2-20260223-0449,ACC-CTB-004-SB1,CTB-RTL-004,2026-02-23,2026-02-23,2026-02-23T13:23:54,DR,2299.73,138298.27,Card,,Card DR GlobalMart Online,CP-C2-GM,GlobalMart Online,Supplier,Card spend,Retail purchase,N,,,N,N,N,NA,,CBS_SYNTH,0.9,None,
TXN-C2-20260224-0450,ACC-CTB-004-SB1,CTB-RTL-004,2026-02-24,2026-02-24,2026-02-24T11:31:06,DR,357.25,137941.02,Card,,Card DR Zomato,CP-C2-FOOD,Zomato,Supplier,Card spend,Retail purchase,N,,,N,N,N,NA,,CBS_SYNTH,0.95,None,
TXN-C2-20260225-0451,ACC-CTB-004-SB1,CTB-RTL-004,2026-02-25,2026-02-25,2026-02-25T13:25:36,DR,751.67,137189.35,Card,,Card DR Zomato,CP-C2-FOOD,Zomato,Supplier,Card spend,Retail purchase,N,,,N,N,N,NA,,CBS_SYNTH,0.91,None,
TXN-C2-20260226-0452,ACC-CTB-004-SB1,CTB-RTL-004,2026-02-26,2026-02-26,2026-02-26T13:55:33,DR,819.26,136370.09,Card,,Card DR Zomato,CP-C2-FOOD,Zomato,Supplier,Card spend,Retail purchase,N,,,N,N,N,NA,,CBS_SYNTH,0.91,None,
TXN-C2-20260227-0453,ACC-CTB-004-SB1,CTB-RTL-004,2026-02-27,2026-02-27,2026-02-27T14:37:36,DR,2072.92,134297.17,Card,,Card DR Indian Oil Fuel,CP-C2-FUEL,Indian Oil Fuel,Supplier,Card spend,Retail purchase,N,,,N,N,N,NA,,CBS_SYNTH,0.94,None,
TXN-C2-20260228-0454,ACC-CTB-004-SB1,CTB-RTL-004,2026-02-28,2026-02-28,2026-02-28T15:20:11,DR,3061.89,131235.28,Card,,Card DR GlobalMart Online,CP-C2-GM,GlobalMart Online,Supplier,Card spend,Retail purchase,N,,,N,N,N,NA,,CBS_SYNTH,0.98,None,
TXN-C2-20260301-0455,ACC-CTB-004-SB1,CTB-RTL-004,2026-03-01,2026-03-01,2026-03-01T12:00:44,CR,59038.18,190273.46,NEFT,,NEFT CR Monthly salary credit,CP-C2-INC,Monthly salary credit,Buyer,Income,Salary credit,N,,,N,N,N,NA,,CBS_SYNTH,0.92,None,
TXN-C2-20260301-0456,ACC-CTB-004-SB1,CTB-RTL-004,2026-03-01,2026-03-01,2026-03-01T19:28:29,DR,1893.35,188380.11,Card,,Card DR GlobalMart Online,CP-C2-GM,GlobalMart Online,Supplier,Card spend,Retail purchase,N,,,N,N,N,NA,,CBS_SYNTH,0.93,None,
TXN-C2-20260302-0457,ACC-CTB-004-SB1,CTB-RTL-004,2026-03-02,2026-03-02,2026-03-02T14:16:35,DR,1352.2,187027.91,Card,,Card DR Zomato,CP-C2-FOOD,Zomato,Supplier,Card spend,Retail purchase,N,,,N,N,N,NA,,CBS_SYNTH,0.96,None,
TXN-C2-20260303-0458,ACC-CTB-004-SB1,CTB-RTL-004,2026-03-03,2026-03-03,2026-03-03T17:06:38,DR,172.9,186855.01,Card,,Card DR Zomato,CP-C2-FOOD,Zomato,Supplier,Card spend,Retail purchase,N,,,N,N,N,NA,,CBS_SYNTH,0.91,None,
TXN-C2-20260304-0459,ACC-CTB-004-SB1,CTB-RTL-004,2026-03-04,2026-03-04,2026-03-04T11:14:40,DR,637.24,186217.77,Card,,Card DR GlobalMart Online,CP-C2-GM,GlobalMart Online,Supplier,Card spend,Retail purchase,N,,,N,N,N,NA,,CBS_SYNTH,0.94,None,
TXN-C2-20260305-0460,ACC-CTB-004-SB1,CTB-RTL-004,2026-03-05,2026-03-05,2026-03-05T15:04:44,DR,1349.2,184868.57,Card,,Card DR Zomato,CP-C2-FOOD,Zomato,Supplier,Card spend,Retail purchase,N,,,N,N,N,NA,,CBS_SYNTH,0.9,None,
TXN-C2-20260306-0461,ACC-CTB-004-SB1,CTB-RTL-004,2026-03-06,2026-03-06,2026-03-06T11:40:47,DR,1721.22,183147.35,Card,,Card DR MSEDCL / Utilities,CP-C2-UTIL,MSEDCL / Utilities,Supplier,Card spend,Retail purchase,N,,,N,N,N,NA,,CBS_SYNTH,0.98,None,
TXN-C2-20260307-0462,ACC-CTB-004-SB1,CTB-RTL-004,2026-03-07,2026-03-07,2026-03-07T10:54:43,DR,18900.0,164247.35,AutoDebit,,AutoDebit DR Contoso Bank (Loan EMI),CP-C2-BANK,Contoso Bank (Loan EMI),Bank,EMI,Loan EMI,N,,,N,N,N,NA,FAC-C2-PL-001,CBS_SYNTH,0.97,None,
TXN-C2-20260307-0463,ACC-CTB-004-SB1,CTB-RTL-004,2026-03-07,2026-03-07,2026-03-07T17:16:16,DR,2061.38,162185.97,Card,,Card DR Indian Oil Fuel,CP-C2-FUEL,Indian Oil Fuel,Supplier,Card spend,Retail purchase,N,,,N,N,N,NA,,CBS_SYNTH,0.97,None,
TXN-C2-20260308-0464,ACC-CTB-004-SB1,CTB-RTL-004,2026-03-08,2026-03-08,2026-03-08T15:44:40,DR,1931.17,160254.8,Card,,Card DR MSEDCL / Utilities,CP-C2-UTIL,MSEDCL / Utilities,Supplier,Card spend,Retail purchase,N,,,N,N,N,NA,,CBS_SYNTH,0.94,None,
TXN-C2-20260309-0465,ACC-CTB-004-SB1,CTB-RTL-004,2026-03-09,2026-03-09,2026-03-09T18:49:29,DR,4937.42,155317.38,ATM,,ATM DR ATM cash withdrawal,CP-C2-ATM,ATM cash withdrawal,Supplier,Cash,ATM withdrawal,N,,,Y,N,N,NA,,CBS_SYNTH,0.89,None,
TXN-C2-20260310-0466,ACC-CTB-004-SB1,CTB-RTL-004,2026-03-10,2026-03-10,2026-03-10T14:09:50,DR,5548.13,149769.25,ATM,,ATM DR ATM cash withdrawal,CP-C2-ATM,ATM cash withdrawal,Supplier,Cash,ATM withdrawal,N,,,Y,N,N,NA,,CBS_SYNTH,0.89,None,
TXN-C2-20260311-0467,ACC-CTB-004-SB1,CTB-RTL-004,2026-03-11,2026-03-11,2026-03-11T12:34:31,DR,1225.01,148544.24,Card,,Card DR GlobalMart Online,CP-C2-GM,GlobalMart Online,Supplier,Card spend,Retail purchase,N,,,N,N,N,NA,,CBS_SYNTH,0.98,None,
TXN-C2-20260312-0468,ACC-CTB-004-SB1,CTB-RTL-004,2026-03-12,2026-03-12,2026-03-12T12:57:54,DR,378.37,148165.87,Card,,Card DR Indian Oil Fuel,CP-C2-FUEL,Indian Oil Fuel,Supplier,Card spend,Retail purchase,N,,,N,N,N,NA,,CBS_SYNTH,0.98,None,
TXN-C2-20260313-0469,ACC-CTB-004-SB1,CTB-RTL-004,2026-03-13,2026-03-13,2026-03-13T18:50:17,DR,3982.88,144182.99,Card,,Card DR GlobalMart Online,CP-C2-GM,GlobalMart Online,Supplier,Card spend,Retail purchase,N,,,N,N,N,NA,,CBS_SYNTH,0.9,None,
TXN-C2-20260314-0470,ACC-CTB-004-SB1,CTB-RTL-004,2026-03-14,2026-03-14,2026-03-14T11:28:56,DR,211.52,143971.47,Card,,Card DR Zomato,CP-C2-FOOD,Zomato,Supplier,Card spend,Retail purchase,N,,,N,N,N,NA,,CBS_SYNTH,0.93,None,
TXN-C2-20260315-0471,ACC-CTB-004-SB1,CTB-RTL-004,2026-03-15,2026-03-15,2026-03-15T11:39:35,DR,980.1,142991.37,Card,,Card DR Zomato,CP-C2-FOOD,Zomato,Supplier,Card spend,Retail purchase,N,,,N,N,N,NA,,CBS_SYNTH,0.91,None,
TXN-C2-20260316-0472,ACC-CTB-004-SB1,CTB-RTL-004,2026-03-16,2026-03-16,2026-03-16T18:32:38,DR,3375.47,139615.9,Card,,Card DR Reliance Trends,CP-C2-SHOP,Reliance Trends,Supplier,Card spend,Retail purchase,N,,,N,N,N,NA,,CBS_SYNTH,0.91,None,
TXN-C2-20260317-0473,ACC-CTB-004-SB1,CTB-RTL-004,2026-03-17,2026-03-17,2026-03-17T11:25:23,CR,52287.82,191903.72,NEFT,,NEFT CR Monthly salary credit,CP-C2-INC,Monthly salary credit,Buyer,Income,Salary credit,N,,,N,N,N,NA,,CBS_SYNTH,0.95,None,
TXN-C2-20260317-0474,ACC-CTB-004-SB1,CTB-RTL-004,2026-03-17,2026-03-17,2026-03-17T16:46:45,DR,1447.25,190456.47,Card,,Card DR MSEDCL / Utilities,CP-C2-UTIL,MSEDCL / Utilities,Supplier,Card spend,Retail purchase,N,,,N,N,N,NA,,CBS_SYNTH,0.92,None,
TXN-C2-20260318-0475,ACC-CTB-004-SB1,CTB-RTL-004,2026-03-18,2026-03-18,2026-03-18T12:36:35,DR,1449.6,189006.87,Card,,Card DR Indian Oil Fuel,CP-C2-FUEL,Indian Oil Fuel,Supplier,Card spend,Retail purchase,N,,,N,N,N,NA,,CBS_SYNTH,0.92,None,
TXN-C2-20260319-0476,ACC-CTB-004-SB1,CTB-RTL-004,2026-03-19,2026-03-19,2026-03-19T17:58:39,DR,1569.47,187437.4,Card,,Card DR GlobalMart Online,CP-C2-GM,GlobalMart Online,Supplier,Card spend,Retail purchase,N,,,N,N,N,NA,,CBS_SYNTH,0.98,None,
TXN-C2-20260320-0477,ACC-CTB-004-SB1,CTB-RTL-004,2026-03-20,2026-03-20,2026-03-20T18:16:00,DR,961.14,186476.26,Card,,Card DR MSEDCL / Utilities,CP-C2-UTIL,MSEDCL / Utilities,Supplier,Card spend,Retail purchase,N,,,N,N,N,NA,,CBS_SYNTH,0.88,None,
TXN-C2-20260321-0478,ACC-CTB-004-SB1,CTB-RTL-004,2026-03-21,2026-03-21,2026-03-21T15:35:01,DR,778.57,185697.69,Card,,Card DR Indian Oil Fuel,CP-C2-FUEL,Indian Oil Fuel,Supplier,Card spend,Retail purchase,N,,,N,N,N,NA,,CBS_SYNTH,0.93,None,
TXN-C2-20260322-0479,ACC-CTB-004-SB1,CTB-RTL-004,2026-03-22,2026-03-22,2026-03-22T18:25:11,DR,308.17,185389.52,Card,,Card DR Zomato,CP-C2-FOOD,Zomato,Supplier,Card spend,Retail purchase,N,,,N,N,N,NA,,CBS_SYNTH,0.93,None,
TXN-C2-20260323-0480,ACC-CTB-004-SB1,CTB-RTL-004,2026-03-23,2026-03-23,2026-03-23T18:43:50,DR,1782.91,183606.61,Card,,Card DR Indian Oil Fuel,CP-C2-FUEL,Indian Oil Fuel,Supplier,Card spend,Retail purchase,N,,,N,N,N,NA,,CBS_SYNTH,0.94,None,
TXN-C2-20260324-0481,ACC-CTB-004-SB1,CTB-RTL-004,2026-03-24,2026-03-24,2026-03-24T14:15:06,DR,850.94,182755.67,Card,,Card DR Indian Oil Fuel,CP-C2-FUEL,Indian Oil Fuel,Supplier,Card spend,Retail purchase,N,,,N,N,N,NA,,CBS_SYNTH,0.94,None,
TXN-C2-20260325-0482,ACC-CTB-004-SB1,CTB-RTL-004,2026-03-25,2026-03-25,2026-03-25T13:21:34,DR,677.9,182077.77,Card,,Card DR Zomato,CP-C2-FOOD,Zomato,Supplier,Card spend,Retail purchase,N,,,N,N,N,NA,,CBS_SYNTH,0.92,None,
TXN-C2-20260326-0483,ACC-CTB-004-SB1,CTB-RTL-004,2026-03-26,2026-03-26,2026-03-26T12:11:12,DR,1074.19,181003.58,Card,,Card DR MSEDCL / Utilities,CP-C2-UTIL,MSEDCL / Utilities,Supplier,Card spend,Retail purchase,N,,,N,N,N,NA,,CBS_SYNTH,0.94,None,
TXN-C2-20260327-0484,ACC-CTB-004-SB1,CTB-RTL-004,2026-03-27,2026-03-27,2026-03-27T13:12:58,DR,1009.37,179994.21,Card,,Card DR Zomato,CP-C2-FOOD,Zomato,Supplier,Card spend,Retail purchase,N,,,N,N,N,NA,,CBS_SYNTH,0.89,None,
TXN-C2-20260328-0485,ACC-CTB-004-SB1,CTB-RTL-004,2026-03-28,2026-03-28,2026-03-28T18:10:05,DR,2059.14,177935.07,Card,,Card DR Reliance Trends,CP-C2-SHOP,Reliance Trends,Supplier,Card spend,Retail purchase,N,,,N,N,N,NA,,CBS_SYNTH,0.98,None,
TXN-C2-20260330-0486,ACC-CTB-004-SB1,CTB-RTL-004,2026-03-30,2026-03-30,2026-03-30T18:11:13,DR,2442.3,175492.77,ATM,,ATM DR ATM cash withdrawal,CP-C2-ATM,ATM cash withdrawal,Supplier,Cash,ATM withdrawal,N,,,Y,N,N,NA,,CBS_SYNTH,0.96,None,
TXN-C2-20260331-0487,ACC-CTB-004-SB1,CTB-RTL-004,2026-03-31,2026-03-31,2026-03-31T11:11:13,CR,1476.93,176969.7,Internal,,Internal CR Contoso Bank,CP-C2-BANK,Contoso Bank,Bank,Income,Savings interest,N,,,N,N,N,NA,,CBS_SYNTH,0.93,None,
TXN-C2-20260331-0488,ACC-CTB-004-SB1,CTB-RTL-004,2026-03-31,2026-03-31,2026-03-31T16:59:33,DR,4562.43,172407.27,Card,,Card DR Reliance Trends,CP-C2-SHOP,Reliance Trends,Supplier,Card spend,Retail purchase,N,,,N,N,N,NA,,CBS_SYNTH,0.92,None,
TXN-C2-20260407-0489,ACC-CTB-004-SB1,CTB-RTL-004,2026-04-07,2026-04-07,2026-04-07T09:30:00,DR,18900.0,172407.27,AutoDebit,NACH400489,AutoDebit DR Loan EMI RETURNED (insufficient balance),CP-C2-BANK,Contoso Bank (Loan EMI),Bank,EMI,Loan EMI,N,,,N,N,Y,Insufficient balance (auto-debit),FAC-C2-PL-001,CBS_SYNTH,0.97,EMIBounce,
TXN-C3-20250401-0001,ACC-CTB-005-SB1,CTB-RTL-005,2025-04-01,2025-04-01,2025-04-01T10:44:34,CR,61412.95,157412.95,NEFT,,NEFT CR Monthly salary credit,CP-C3-INC,Monthly salary credit,Buyer,Income,Salary credit,N,,,N,N,N,NA,,CBS_SYNTH,0.92,None,
TXN-C3-20250401-0002,ACC-CTB-005-SB1,CTB-RTL-005,2025-04-01,2025-04-01,2025-04-01T14:36:43,DR,3966.53,153446.42,Card,,Card DR Reliance Trends,CP-C3-SHOP,Reliance Trends,Supplier,Card spend,Retail purchase,N,,,N,N,N,NA,,CBS_SYNTH,0.94,None,
TXN-C3-20250401-0003,ACC-CTB-005-SB1,CTB-RTL-005,2025-04-01,2025-04-01,2025-04-01T20:26:26,DR,626.52,152819.9,Card,,Card DR Zomato,CP-C3-FOOD,Zomato,Supplier,Card spend,Retail purchase,N,,,N,N,N,NA,,CBS_SYNTH,0.89,None,
TXN-C3-20250402-0004,ACC-CTB-005-SB1,CTB-RTL-005,2025-04-02,2025-04-02,2025-04-02T11:57:00,DR,1232.25,151587.65,Card,,Card DR GlobalMart Online,CP-C3-GM,GlobalMart Online,Supplier,Card spend,Retail purchase,N,,,N,N,N,NA,,CBS_SYNTH,0.99,None,
TXN-C3-20250402-0005,ACC-CTB-005-SB1,CTB-RTL-005,2025-04-02,2025-04-02,2025-04-02T19:22:38,DR,2102.39,149485.26,Card,,Card DR GlobalMart Online,CP-C3-GM,GlobalMart Online,Supplier,Card spend,Retail purchase,N,,,N,N,N,NA,,CBS_SYNTH,0.98,None,
TXN-C3-20250403-0006,ACC-CTB-005-SB1,CTB-RTL-005,2025-04-03,2025-04-03,2025-04-03T10:38:17,DR,5612.26,143873.0,Card,,Card DR Reliance Trends,CP-C3-SHOP,Reliance Trends,Supplier,Card spend,Retail purchase,N,,,N,N,N,NA,,CBS_SYNTH,0.97,None,
TXN-C3-20250403-0007,ACC-CTB-005-SB1,CTB-RTL-005,2025-04-03,2025-04-03,2025-04-03T16:27:32,DR,1536.89,142336.11,Card,,Card DR Zomato,CP-C3-FOOD,Zomato,Supplier,Card spend,Retail purchase,N,,,N,N,N,NA,,CBS_SYNTH,0.91,None,
TXN-C3-20250404-0008,ACC-CTB-005-SB1,CTB-RTL-005,2025-04-04,2025-04-04,2025-04-04T14:44:51,DR,958.3,141377.81,Card,,Card DR Zomato,CP-C3-FOOD,Zomato,Supplier,Card spend,Retail purchase,N,,,N,N,N,NA,,CBS_SYNTH,0.97,None,
TXN-C3-20250405-0009,ACC-CTB-005-SB1,CTB-RTL-005,2025-04-05,2025-04-05,2025-04-05T11:30:38,DR,1098.09,140279.72,Card,,Card DR Zomato,CP-C3-FOOD,Zomato,Supplier,Card spend,Retail purchase,N,,,N,N,N,NA,,CBS_SYNTH,0.96,None,
TXN-C3-20250406-0010,ACC-CTB-005-SB1,CTB-RTL-005,2025-04-06,2025-04-06,2025-04-06T11:15:26,DR,1620.42,138659.3,Card,,Card DR Zomato,CP-C3-FOOD,Zomato,Supplier,Card spend,Retail purchase,N,,,N,N,N,NA,,CBS_SYNTH,0.88,None,
TXN-C3-20250407-0011,ACC-CTB-005-SB1,CTB-RTL-005,2025-04-07,2025-04-07,2025-04-07T13:24:01,DR,2186.48,136472.82,ATM,,ATM DR ATM cash withdrawal,CP-C3-ATM,ATM cash withdrawal,Supplier,Cash,ATM withdrawal,N,,,Y,N,N,NA,,CBS_SYNTH,0.92,None,
TXN-C3-20250407-0012,ACC-CTB-005-SB1,CTB-RTL-005,2025-04-07,2025-04-07,2025-04-07T16:22:17,DR,18900.0,117572.82,AutoDebit,,AutoDebit DR Contoso Bank (Loan EMI),CP-C3-BANK,Contoso Bank (Loan EMI),Bank,EMI,Loan EMI,N,,,N,N,N,NA,FAC-C3-PL-001,CBS_SYNTH,0.97,None,
TXN-C3-20250408-0013,ACC-CTB-005-SB1,CTB-RTL-005,2025-04-08,2025-04-08,2025-04-08T15:41:23,DR,378.62,117194.2,Card,,Card DR Zomato,CP-C3-FOOD,Zomato,Supplier,Card spend,Retail purchase,N,,,N,N,N,NA,,CBS_SYNTH,0.89,None,
TXN-C3-20250409-0014,ACC-CTB-005-SB1,CTB-RTL-005,2025-04-09,2025-04-09,2025-04-09T19:12:59,DR,1199.88,115994.32,Card,,Card DR Indian Oil Fuel,CP-C3-FUEL,Indian Oil Fuel,Supplier,Card spend,Retail purchase,N,,,N,N,N,NA,,CBS_SYNTH,0.92,None,
TXN-C3-20250410-0015,ACC-CTB-005-SB1,CTB-RTL-005,2025-04-10,2025-04-10,2025-04-10T11:13:27,DR,2665.2,113329.12,Card,,Card DR Indian Oil Fuel,CP-C3-FUEL,Indian Oil Fuel,Supplier,Card spend,Retail purchase,N,,,N,N,N,NA,,CBS_SYNTH,0.92,None,
TXN-C3-20250411-0016,ACC-CTB-005-SB1,CTB-RTL-005,2025-04-11,2025-04-11,2025-04-11T15:01:37,DR,1514.34,111814.78,Card,,Card DR Zomato,CP-C3-FOOD,Zomato,Supplier,Card spend,Retail purchase,N,,,N,N,N,NA,,CBS_SYNTH,0.94,None,
TXN-C3-20250412-0017,ACC-CTB-005-SB1,CTB-RTL-005,2025-04-12,2025-04-12,2025-04-12T13:09:55,DR,509.43,111305.35,Card,,Card DR Zomato,CP-C3-FOOD,Zomato,Supplier,Card spend,Retail purchase,N,,,N,N,N,NA,,CBS_SYNTH,0.89,None,
TXN-C3-20250413-0018,ACC-CTB-005-SB1,CTB-RTL-005,2025-04-13,2025-04-13,2025-04-13T14:33:39,DR,1427.36,109877.99,Card,,Card DR Zomato,CP-C3-FOOD,Zomato,Supplier,Card spend,Retail purchase,N,,,N,N,N,NA,,CBS_SYNTH,0.96,None,
TXN-C3-20250414-0019,ACC-CTB-005-SB1,CTB-RTL-005,2025-04-14,2025-04-14,2025-04-14T14:10:32,DR,2049.12,107828.87,Card,,Card DR GlobalMart Online,CP-C3-GM,GlobalMart Online,Supplier,Card spend,Retail purchase,N,,,N,N,N,NA,,CBS_SYNTH,0.94,None,
TXN-C3-20250415-0020,ACC-CTB-005-SB1,CTB-RTL-005,2025-04-15,2025-04-15,2025-04-15T11:20:18,DR,1018.04,106810.83,Card,,Card DR MSEDCL / Utilities,CP-C3-UTIL,MSEDCL / Utilities,Supplier,Card spend,Retail purchase,N,,,N,N,N,NA,,CBS_SYNTH,0.93,None,
TXN-C3-20250416-0021,ACC-CTB-005-SB1,CTB-RTL-005,2025-04-16,2025-04-16,2025-04-16T11:31:34,CR,58862.81,165673.64,NEFT,,NEFT CR Monthly salary credit,CP-C3-INC,Monthly salary credit,Buyer,Income,Salary credit,N,,,N,N,N,NA,,CBS_SYNTH,0.93,None,
TXN-C3-20250416-0022,ACC-CTB-005-SB1,CTB-RTL-005,2025-04-16,2025-04-16,2025-04-16T14:26:28,DR,2000.92,163672.72,Card,,Card DR GlobalMart Online,CP-C3-GM,GlobalMart Online,Supplier,Card spend,Retail purchase,N,,,N,N,N,NA,,CBS_SYNTH,0.92,None,
TXN-C3-20250416-0023,ACC-CTB-005-SB1,CTB-RTL-005,2025-04-16,2025-04-16,2025-04-16T20:30:22,DR,1821.57,161851.15,Card,,Card DR GlobalMart Online,CP-C3-GM,GlobalMart Online,Supplier,Card spend,Retail purchase,N,,,N,N,N,NA,,CBS_SYNTH,0.89,None,
TXN-C3-20250417-0024,ACC-CTB-005-SB1,CTB-RTL-005,2025-04-17,2025-04-17,2025-04-17T10:11:06,DR,3036.1,158815.05,Card,,Card DR GlobalMart Online,CP-C3-GM,GlobalMart Online,Supplier,Card spend,Retail purchase,N,,,N,N,N,NA,,CBS_SYNTH,0.93,None,
TXN-C3-20250417-0025,ACC-CTB-005-SB1,CTB-RTL-005,2025-04-17,2025-04-17,2025-04-17T17:18:35,DR,794.63,158020.42,Card,,Card DR Reliance Trends,CP-C3-SHOP,Reliance Trends,Supplier,Card spend,Retail purchase,N,,,N,N,N,NA,,CBS_SYNTH,0.9,None,
TXN-C3-20250418-0026,ACC-CTB-005-SB1,CTB-RTL-005,2025-04-18,2025-04-18,2025-04-18T16:00:12,DR,1914.07,156106.35,Card,,Card DR GlobalMart Online,CP-C3-GM,GlobalMart Online,Supplier,Card spend,Retail purchase,N,,,N,N,N,NA,,CBS_SYNTH,0.92,None,
TXN-C3-20250419-0027,ACC-CTB-005-SB1,CTB-RTL-005,2025-04-19,2025-04-19,2025-04-19T13:17:34,DR,1140.21,154966.14,Card,,Card DR MSEDCL / Utilities,CP-C3-UTIL,MSEDCL / Utilities,Supplier,Card spend,Retail purchase,N,,,N,N,N,NA,,CBS_SYNTH,0.89,None,
TXN-C3-20250420-0028,ACC-CTB-005-SB1,CTB-RTL-005,2025-04-20,2025-04-20,2025-04-20T17:26:35,DR,2174.44,152791.7,Card,,Card DR Reliance Trends,CP-C3-SHOP,Reliance Trends,Supplier,Card spend,Retail purchase,N,,,N,N,N,NA,,CBS_SYNTH,0.96,None,
TXN-C3-20250421-0029,ACC-CTB-005-SB1,CTB-RTL-005,2025-04-21,2025-04-21,2025-04-21T12:54:38,DR,481.87,152309.83,Card,,Card DR Zomato,CP-C3-FOOD,Zomato,Supplier,Card spend,Retail purchase,N,,,N,N,N,NA,,CBS_SYNTH,0.97,None,
TXN-C3-20250422-0030,ACC-CTB-005-SB1,CTB-RTL-005,2025-04-22,2025-04-22,2025-04-22T15:13:27,DR,247.29,152062.54,Card,,Card DR Zomato,CP-C3-FOOD,Zomato,Supplier,Card spend,Retail purchase,N,,,N,N,N,NA,,CBS_SYNTH,0.97,None,
TXN-C3-20250423-0031,ACC-CTB-005-SB1,CTB-RTL-005,2025-04-23,2025-04-23,2025-04-23T17:40:57,DR,4697.05,147365.49,Card,,Card DR GlobalMart Online,CP-C3-GM,GlobalMart Online,Supplier,Card spend,Retail purchase,N,,,N,N,N,NA,,CBS_SYNTH,0.94,None,
TXN-C3-20250424-0032,ACC-CTB-005-SB1,CTB-RTL-005,2025-04-24,2025-04-24,2025-04-24T14:47:16,DR,1709.63,145655.86,Card,,Card DR MSEDCL / Utilities,CP-C3-UTIL,MSEDCL / Utilities,Supplier,Card spend,Retail purchase,N,,,N,N,N,NA,,CBS_SYNTH,0.91,None,
TXN-C3-20250425-0033,ACC-CTB-005-SB1,CTB-RTL-005,2025-04-25,2025-04-25,2025-04-25T11:56:55,DR,749.58,144906.28,Card,,Card DR Indian Oil Fuel,CP-C3-FUEL,Indian Oil Fuel,Supplier,Card spend,Retail purchase,N,,,N,N,N,NA,,CBS_SYNTH,0.9,None,
TXN-C3-20250426-0034,ACC-CTB-005-SB1,CTB-RTL-005,2025-04-26,2025-04-26,2025-04-26T17:26:18,DR,1674.7,143231.58,Card,,Card DR Indian Oil Fuel,CP-C3-FUEL,Indian Oil Fuel,Supplier,Card spend,Retail purchase,N,,,N,N,N,NA,,CBS_SYNTH,0.93,None,
TXN-C3-20250428-0035,ACC-CTB-005-SB1,CTB-RTL-005,2025-04-28,2025-04-28,2025-04-28T14:09:59,DR,1503.98,141727.6,Card,,Card DR Indian Oil Fuel,CP-C3-FUEL,Indian Oil Fuel,Supplier,Card spend,Retail purchase,N,,,N,N,N,NA,,CBS_SYNTH,0.96,None,
TXN-C3-20250429-0036,ACC-CTB-005-SB1,CTB-RTL-005,2025-04-29,2025-04-29,2025-04-29T13:13:37,DR,3084.96,138642.64,ATM,,ATM DR ATM cash withdrawal,CP-C3-ATM,ATM cash withdrawal,Supplier,Cash,ATM withdrawal,N,,,Y,N,N,NA,,CBS_SYNTH,0.9,None,
TXN-C3-20250430-0037,ACC-CTB-005-SB1,CTB-RTL-005,2025-04-30,2025-04-30,2025-04-30T11:47:50,DR,812.99,137829.65,Card,,Card DR MSEDCL / Utilities,CP-C3-UTIL,MSEDCL / Utilities,Supplier,Card spend,Retail purchase,N,,,N,N,N,NA,,CBS_SYNTH,0.91,None,
TXN-C3-20250501-0038,ACC-CTB-005-SB1,CTB-RTL-005,2025-05-01,2025-05-01,2025-05-01T13:34:05,DR,2593.16,135236.49,Card,,Card DR MSEDCL / Utilities,CP-C3-UTIL,MSEDCL / Utilities,Supplier,Card spend,Retail purchase,N,,,N,N,N,NA,,CBS_SYNTH,0.97,None,
TXN-C3-20250501-0039,ACC-CTB-005-SB1,CTB-RTL-005,2025-05-01,2025-05-01,2025-05-01T16:57:57,DR,1744.09,133492.4,Card,,Card DR MSEDCL / Utilities,CP-C3-UTIL,MSEDCL / Utilities,Supplier,Card spend,Retail purchase,N,,,N,N,N,NA,,CBS_SYNTH,0.91,None,
TXN-C3-20250502-0040,ACC-CTB-005-SB1,CTB-RTL-005,2025-05-02,2025-05-02,2025-05-02T11:19:33,CR,64601.6,198094.0,NEFT,,NEFT CR Monthly salary credit,CP-C3-INC,Monthly salary credit,Buyer,Income,Salary credit,N,,,N,N,N,NA,,CBS_SYNTH,0.92,None,
TXN-C3-20250502-0041,ACC-CTB-005-SB1,CTB-RTL-005,2025-05-02,2025-05-02,2025-05-02T14:24:17,DR,3965.23,194128.77,Card,,Card DR GlobalMart Online,CP-C3-GM,GlobalMart Online,Supplier,Card spend,Retail purchase,N,,,N,N,N,NA,,CBS_SYNTH,0.9,None,
TXN-C3-20250502-0042,ACC-CTB-005-SB1,CTB-RTL-005,2025-05-02,2025-05-02,2025-05-02T19:20:14,DR,3674.73,190454.04,Card,,Card DR GlobalMart Online,CP-C3-GM,GlobalMart Online,Supplier,Card spend,Retail purchase,N,,,N,N,N,NA,,CBS_SYNTH,0.88,None,
TXN-C3-20250503-0043,ACC-CTB-005-SB1,CTB-RTL-005,2025-05-03,2025-05-03,2025-05-03T10:43:28,DR,3074.98,187379.06,Card,,Card DR GlobalMart Online,CP-C3-GM,GlobalMart Online,Supplier,Card spend,Retail purchase,N,,,N,N,N,NA,,CBS_SYNTH,0.95,None,
TXN-C3-20250503-0044,ACC-CTB-005-SB1,CTB-RTL-005,2025-05-03,2025-05-03,2025-05-03T17:51:23,DR,778.79,186600.27,Card,,Card DR Reliance Trends,CP-C3-SHOP,Reliance Trends,Supplier,Card spend,Retail purchase,N,,,N,N,N,NA,,CBS_SYNTH,0.96,None,
TXN-C3-20250504-0045,ACC-CTB-005-SB1,CTB-RTL-005,2025-05-04,2025-05-04,2025-05-04T15:23:29,DR,927.31,185672.96,Card,,Card DR Zomato,CP-C3-FOOD,Zomato,Supplier,Card spend,Retail purchase,N,,,N,N,N,NA,,CBS_SYNTH,0.91,None,
TXN-C3-20250505-0046,ACC-CTB-005-SB1,CTB-RTL-005,2025-05-05,2025-05-05,2025-05-05T18:54:57,DR,823.44,184849.52,Card,,Card DR Zomato,CP-C3-FOOD,Zomato,Supplier,Card spend,Retail purchase,N,,,N,N,N,NA,,CBS_SYNTH,0.89,None,
TXN-C3-20250506-0047,ACC-CTB-005-SB1,CTB-RTL-005,2025-05-06,2025-05-06,2025-05-06T17:47:01,DR,2585.23,182264.29,Card,,Card DR GlobalMart Online,CP-C3-GM,GlobalMart Online,Supplier,Card spend,Retail purchase,N,,,N,N,N,NA,,CBS_SYNTH,0.88,None,
TXN-C3-20250507-0048,ACC-CTB-005-SB1,CTB-RTL-005,2025-05-07,2025-05-07,2025-05-07T11:42:06,DR,5880.69,176383.6,Card,,Card DR Reliance Trends,CP-C3-SHOP,Reliance Trends,Supplier,Card spend,Retail purchase,N,,,N,N,N,NA,,CBS_SYNTH,0.9,None,
TXN-C3-20250507-0049,ACC-CTB-005-SB1,CTB-RTL-005,2025-05-07,2025-05-07,2025-05-07T16:38:25,DR,18900.0,157483.6,AutoDebit,,AutoDebit DR Contoso Bank (Loan EMI),CP-C3-BANK,Contoso Bank (Loan EMI),Bank,EMI,Loan EMI,N,,,N,N,N,NA,FAC-C3-PL-001,CBS_SYNTH,0.97,None,
TXN-C3-20250508-0050,ACC-CTB-005-SB1,CTB-RTL-005,2025-05-08,2025-05-08,2025-05-08T16:09:47,DR,706.62,156776.98,Card,,Card DR Zomato,CP-C3-FOOD,Zomato,Supplier,Card spend,Retail purchase,N,,,N,N,N,NA,,CBS_SYNTH,0.92,None,
TXN-C3-20250509-0051,ACC-CTB-005-SB1,CTB-RTL-005,2025-05-09,2025-05-09,2025-05-09T18:02:28,DR,883.85,155893.13,Card,,Card DR Indian Oil Fuel,CP-C3-FUEL,Indian Oil Fuel,Supplier,Card spend,Retail purchase,N,,,N,N,N,NA,,CBS_SYNTH,0.88,None,
TXN-C3-20250510-0052,ACC-CTB-005-SB1,CTB-RTL-005,2025-05-10,2025-05-10,2025-05-10T14:02:06,DR,764.64,155128.49,Card,,Card DR Indian Oil Fuel,CP-C3-FUEL,Indian Oil Fuel,Supplier,Card spend,Retail purchase,N,,,N,N,N,NA,,CBS_SYNTH,0.92,None,
TXN-C3-20250511-0053,ACC-CTB-005-SB1,CTB-RTL-005,2025-05-11,2025-05-11,2025-05-11T19:22:54,DR,1074.9,154053.59,Card,,Card DR Zomato,CP-C3-FOOD,Zomato,Supplier,Card spend,Retail purchase,N,,,N,N,N,NA,,CBS_SYNTH,0.97,None,
TXN-C3-20250512-0054,ACC-CTB-005-SB1,CTB-RTL-005,2025-05-12,2025-05-12,2025-05-12T16:00:26,DR,1759.91,152293.68,Card,,Card DR Zomato,CP-C3-FOOD,Zomato,Supplier,Card spend,Retail purchase,N,,,N,N,N,NA,,CBS_SYNTH,0.96,None,
TXN-C3-20250513-0055,ACC-CTB-005-SB1,CTB-RTL-005,2025-05-13,2025-05-13,2025-05-13T19:05:49,DR,1460.21,150833.47,Card,,Card DR Indian Oil Fuel,CP-C3-FUEL,Indian Oil Fuel,Supplier,Card spend,Retail purchase,N,,,N,N,N,NA,,CBS_SYNTH,0.93,None,
TXN-C3-20250514-0056,ACC-CTB-005-SB1,CTB-RTL-005,2025-05-14,2025-05-14,2025-05-14T18:39:59,DR,5101.32,145732.15,Card,,Card DR GlobalMart Online,CP-C3-GM,GlobalMart Online,Supplier,Card spend,Retail purchase,N,,,N,N,N,NA,,CBS_SYNTH,0.91,None,
TXN-C3-20250515-0057,ACC-CTB-005-SB1,CTB-RTL-005,2025-05-15,2025-05-15,2025-05-15T11:16:25,DR,3769.82,141962.33,ATM,,ATM DR ATM cash withdrawal,CP-C3-ATM,ATM cash withdrawal,Supplier,Cash,ATM withdrawal,N,,,Y,N,N,NA,,CBS_SYNTH,0.88,None,
TXN-C3-20250516-0058,ACC-CTB-005-SB1,CTB-RTL-005,2025-05-16,2025-05-16,2025-05-16T10:38:55,DR,688.97,141273.36,Card,,Card DR Zomato,CP-C3-FOOD,Zomato,Supplier,Card spend,Retail purchase,N,,,N,N,N,NA,,CBS_SYNTH,0.9,None,
TXN-C3-20250516-0059,ACC-CTB-005-SB1,CTB-RTL-005,2025-05-16,2025-05-16,2025-05-16T17:44:09,DR,2963.03,138310.33,Card,,Card DR Reliance Trends,CP-C3-SHOP,Reliance Trends,Supplier,Card spend,Retail purchase,N,,,N,N,N,NA,,CBS_SYNTH,0.88,None,
TXN-C3-20250517-0060,ACC-CTB-005-SB1,CTB-RTL-005,2025-05-17,2025-05-17,2025-05-17T11:14:46,CR,68843.98,207154.31,NEFT,,NEFT CR Monthly salary credit,CP-C3-INC,Monthly salary credit,Buyer,Income,Salary credit,N,,,N,N,N,NA,,CBS_SYNTH,0.91,None,
TXN-C3-20250517-0061,ACC-CTB-005-SB1,CTB-RTL-005,2025-05-17,2025-05-17,2025-05-17T14:41:13,DR,2581.66,204572.65,Card,,Card DR MSEDCL / Utilities,CP-C3-UTIL,MSEDCL / Utilities,Supplier,Card spend,Retail purchase,N,,,N,N,N,NA,,CBS_SYNTH,0.97,None,
TXN-C3-20250517-0062,ACC-CTB-005-SB1,CTB-RTL-005,2025-05-17,2025-05-17,2025-05-17T20:09:16,DR,369.58,204203.07,Card,,Card DR Zomato,CP-C3-FOOD,Zomato,Supplier,Card spend,Retail purchase,N,,,N,N,N,NA,,CBS_SYNTH,0.94,None,
TXN-C3-20250518-0063,ACC-CTB-005-SB1,CTB-RTL-005,2025-05-18,2025-05-18,2025-05-18T15:36:25,DR,3974.6,200228.47,Card,,Card DR GlobalMart Online,CP-C3-GM,GlobalMart Online,Supplier,Card spend,Retail purchase,N,,,N,N,N,NA,,CBS_SYNTH,0.91,None,
TXN-C3-20250519-0064,ACC-CTB-005-SB1,CTB-RTL-005,2025-05-19,2025-05-19,2025-05-19T12:52:15,DR,992.09,199236.38,Card,,Card DR Indian Oil Fuel,CP-C3-FUEL,Indian Oil Fuel,Supplier,Card spend,Retail purchase,N,,,N,N,N,NA,,CBS_SYNTH,0.9,None,
TXN-C3-20250520-0065,ACC-CTB-005-SB1,CTB-RTL-005,2025-05-20,2025-05-20,2025-05-20T12:52:18,DR,871.01,198365.37,ATM,,ATM DR ATM cash withdrawal,CP-C3-ATM,ATM cash withdrawal,Supplier,Cash,ATM withdrawal,N,,,Y,N,N,NA,,CBS_SYNTH,0.9,None,
TXN-C3-20250521-0066,ACC-CTB-005-SB1,CTB-RTL-005,2025-05-21,2025-05-21,2025-05-21T17:48:54,DR,3998.75,194366.62,Card,,Card DR Reliance Trends,CP-C3-SHOP,Reliance Trends,Supplier,Card spend,Retail purchase,N,,,N,N,N,NA,,CBS_SYNTH,0.97,None,
TXN-C3-20250522-0067,ACC-CTB-005-SB1,CTB-RTL-005,2025-05-22,2025-05-22,2025-05-22T13:22:16,DR,3879.98,190486.64,Card,,Card DR GlobalMart Online,CP-C3-GM,GlobalMart Online,Supplier,Card spend,Retail purchase,N,,,N,N,N,NA,,CBS_SYNTH,0.91,None,
TXN-C3-20250523-0068,ACC-CTB-005-SB1,CTB-RTL-005,2025-05-23,2025-05-23,2025-05-23T13:12:18,DR,3504.55,186982.09,Card,,Card DR Reliance Trends,CP-C3-SHOP,Reliance Trends,Supplier,Card spend,Retail purchase,N,,,N,N,N,NA,,CBS_SYNTH,0.89,None,
TXN-C3-20250524-0069,ACC-CTB-005-SB1,CTB-RTL-005,2025-05-24,2025-05-24,2025-05-24T12:21:12,DR,3798.69,183183.4,Card,,Card DR Reliance Trends,CP-C3-SHOP,Reliance Trends,Supplier,Card spend,Retail purchase,N,,,N,N,N,NA,,CBS_SYNTH,0.9,None,
TXN-C3-20250525-0070,ACC-CTB-005-SB1,CTB-RTL-005,2025-05-25,2025-05-25,2025-05-25T17:09:53,DR,665.83,182517.57,Card,,Card DR Zomato,CP-C3-FOOD,Zomato,Supplier,Card spend,Retail purchase,N,,,N,N,N,NA,,CBS_SYNTH,0.9,None,
TXN-C3-20250526-0071,ACC-CTB-005-SB1,CTB-RTL-005,2025-05-26,2025-05-26,2025-05-26T18:05:25,DR,3442.89,179074.68,Card,,Card DR GlobalMart Online,CP-C3-GM,GlobalMart Online,Supplier,Card spend,Retail purchase,N,,,N,N,N,NA,,CBS_SYNTH,0.94,None,
TXN-C3-20250527-0072,ACC-CTB-005-SB1,CTB-RTL-005,2025-05-27,2025-05-27,2025-05-27T11:47:44,DR,5410.82,173663.86,Card,,Card DR Reliance Trends,CP-C3-SHOP,Reliance Trends,Supplier,Card spend,Retail purchase,N,,,N,N,N,NA,,CBS_SYNTH,0.91,None,
TXN-C3-20250528-0073,ACC-CTB-005-SB1,CTB-RTL-005,2025-05-28,2025-05-28,2025-05-28T16:54:23,DR,899.66,172764.2,Card,,Card DR Zomato,CP-C3-FOOD,Zomato,Supplier,Card spend,Retail purchase,N,,,N,N,N,NA,,CBS_SYNTH,0.97,None,
TXN-C3-20250529-0074,ACC-CTB-005-SB1,CTB-RTL-005,2025-05-29,2025-05-29,2025-05-29T15:46:09,DR,1196.23,171567.97,Card,,Card DR Indian Oil Fuel,CP-C3-FUEL,Indian Oil Fuel,Supplier,Card spend,Retail purchase,N,,,N,N,N,NA,,CBS_SYNTH,0.92,None,
TXN-C3-20250530-0075,ACC-CTB-005-SB1,CTB-RTL-005,2025-05-30,2025-05-30,2025-05-30T13:41:38,DR,3140.86,168427.11,Card,,Card DR Reliance Trends,CP-C3-SHOP,Reliance Trends,Supplier,Card spend,Retail purchase,N,,,N,N,N,NA,,CBS_SYNTH,0.94,None,
TXN-C3-20250531-0076,ACC-CTB-005-SB1,CTB-RTL-005,2025-05-31,2025-05-31,2025-05-31T13:23:20,DR,2162.24,166264.87,ATM,,ATM DR ATM cash withdrawal,CP-C3-ATM,ATM cash withdrawal,Supplier,Cash,ATM withdrawal,N,,,Y,N,N,NA,,CBS_SYNTH,0.93,None,
TXN-C3-20250601-0077,ACC-CTB-005-SB1,CTB-RTL-005,2025-06-01,2025-06-01,2025-06-01T10:27:51,CR,67030.51,233295.38,NEFT,,NEFT CR Monthly salary credit,CP-C3-INC,Monthly salary credit,Buyer,Income,Salary credit,N,,,N,N,N,NA,,CBS_SYNTH,0.96,None,
TXN-C3-20250601-0078,ACC-CTB-005-SB1,CTB-RTL-005,2025-06-01,2025-06-01,2025-06-01T17:06:17,DR,3414.77,229880.61,Card,,Card DR Reliance Trends,CP-C3-SHOP,Reliance Trends,Supplier,Card spend,Retail purchase,N,,,N,N,N,NA,,CBS_SYNTH,0.97,None,
TXN-C3-20250602-0079,ACC-CTB-005-SB1,CTB-RTL-005,2025-06-02,2025-06-02,2025-06-02T13:28:23,DR,1709.09,228171.52,Card,,Card DR Zomato,CP-C3-FOOD,Zomato,Supplier,Card spend,Retail purchase,N,,,N,N,N,NA,,CBS_SYNTH,0.98,None,
TXN-C3-20250602-0080,ACC-CTB-005-SB1,CTB-RTL-005,2025-06-02,2025-06-02,2025-06-02T19:03:57,DR,749.13,227422.39,Card,,Card DR MSEDCL / Utilities,CP-C3-UTIL,MSEDCL / Utilities,Supplier,Card spend,Retail purchase,N,,,N,N,N,NA,,CBS_SYNTH,0.98,None,
TXN-C3-20250603-0081,ACC-CTB-005-SB1,CTB-RTL-005,2025-06-03,2025-06-03,2025-06-03T12:50:36,DR,4804.43,222617.96,Card,,Card DR Reliance Trends,CP-C3-SHOP,Reliance Trends,Supplier,Card spend,Retail purchase,N,,,N,N,N,NA,,CBS_SYNTH,0.94,None,
TXN-C3-20250603-0082,ACC-CTB-005-SB1,CTB-RTL-005,2025-06-03,2025-06-03,2025-06-03T16:49:14,DR,1371.74,221246.22,Card,,Card DR Indian Oil Fuel,CP-C3-FUEL,Indian Oil Fuel,Supplier,Card spend,Retail purchase,N,,,N,N,N,NA,,CBS_SYNTH,0.89,None,
TXN-C3-20250604-0083,ACC-CTB-005-SB1,CTB-RTL-005,2025-06-04,2025-06-04,2025-06-04T12:22:43,DR,1688.15,219558.07,Card,,Card DR Zomato,CP-C3-FOOD,Zomato,Supplier,Card spend,Retail purchase,N,,,N,N,N,NA,,CBS_SYNTH,0.93,None,
TXN-C3-20250605-0084,ACC-CTB-005-SB1,CTB-RTL-005,2025-06-05,2025-06-05,2025-06-05T15:36:37,DR,4142.63,215415.44,Card,,Card DR GlobalMart Online,CP-C3-GM,GlobalMart Online,Supplier,Card spend,Retail purchase,N,,,N,N,N,NA,,CBS_SYNTH,0.96,None,
TXN-C3-20250606-0085,ACC-CTB-005-SB1,CTB-RTL-005,2025-06-06,2025-06-06,2025-06-06T16:38:24,DR,1963.51,213451.93,Card,,Card DR Indian Oil Fuel,CP-C3-FUEL,Indian Oil Fuel,Supplier,Card spend,Retail purchase,N,,,N,N,N,NA,,CBS_SYNTH,0.9,None,
TXN-C3-20250607-0086,ACC-CTB-005-SB1,CTB-RTL-005,2025-06-07,2025-06-07,2025-06-07T13:25:34,DR,18900.0,194551.93,AutoDebit,,AutoDebit DR Contoso Bank (Loan EMI),CP-C3-BANK,Contoso Bank (Loan EMI),Bank,EMI,Loan EMI,N,,,N,N,N,NA,FAC-C3-PL-001,CBS_SYNTH,0.97,None,
TXN-C3-20250607-0087,ACC-CTB-005-SB1,CTB-RTL-005,2025-06-07,2025-06-07,2025-06-07T20:04:39,DR,1872.32,192679.61,Card,,Card DR Indian Oil Fuel,CP-C3-FUEL,Indian Oil Fuel,Supplier,Card spend,Retail purchase,N,,,N,N,N,NA,,CBS_SYNTH,0.9,None,
TXN-C3-20250608-0088,ACC-CTB-005-SB1,CTB-RTL-005,2025-06-08,2025-06-08,2025-06-08T13:33:07,DR,1021.89,191657.72,Card,,Card DR MSEDCL / Utilities,CP-C3-UTIL,MSEDCL / Utilities,Supplier,Card spend,Retail purchase,N,,,N,N,N,NA,,CBS_SYNTH,0.99,None,
TXN-C3-20250609-0089,ACC-CTB-005-SB1,CTB-RTL-005,2025-06-09,2025-06-09,2025-06-09T15:38:09,DR,5882.24,185775.48,Card,,Card DR Reliance Trends,CP-C3-SHOP,Reliance Trends,Supplier,Card spend,Retail purchase,N,,,N,N,N,NA,,CBS_SYNTH,0.98,None,
TXN-C3-20250610-0090,ACC-CTB-005-SB1,CTB-RTL-005,2025-06-10,2025-06-10,2025-06-10T15:49:16,DR,4389.14,181386.34,Card,,Card DR GlobalMart Online,CP-C3-GM,GlobalMart Online,Supplier,Card spend,Retail purchase,N,,,N,N,N,NA,,CBS_SYNTH,0.93,None,
TXN-C3-20250611-0091,ACC-CTB-005-SB1,CTB-RTL-005,2025-06-11,2025-06-11,2025-06-11T12:38:22,DR,1203.6,180182.74,Card,,Card DR Indian Oil Fuel,CP-C3-FUEL,Indian Oil Fuel,Supplier,Card spend,Retail purchase,N,,,N,N,N,NA,,CBS_SYNTH,0.91,None,
TXN-C3-20250612-0092,ACC-CTB-005-SB1,CTB-RTL-005,2025-06-12,2025-06-12,2025-06-12T16:46:07,DR,3565.11,176617.63,Card,,Card DR Reliance Trends,CP-C3-SHOP,Reliance Trends,Supplier,Card spend,Retail purchase,N,,,N,N,N,NA,,CBS_SYNTH,0.9,None,
TXN-C3-20250613-0093,ACC-CTB-005-SB1,CTB-RTL-005,2025-06-13,2025-06-13,2025-06-13T17:16:26,DR,3119.75,173497.88,Card,,Card DR GlobalMart Online,CP-C3-GM,GlobalMart Online,Supplier,Card spend,Retail purchase,N,,,N,N,N,NA,,CBS_SYNTH,0.9,None,
TXN-C3-20250614-0094,ACC-CTB-005-SB1,CTB-RTL-005,2025-06-14,2025-06-14,2025-06-14T19:08:39,DR,1933.34,171564.54,Card,,Card DR Indian Oil Fuel,CP-C3-FUEL,Indian Oil Fuel,Supplier,Card spend,Retail purchase,N,,,N,N,N,NA,,CBS_SYNTH,0.97,None,
TXN-C3-20250615-0095,ACC-CTB-005-SB1,CTB-RTL-005,2025-06-15,2025-06-15,2025-06-15T16:33:20,DR,1979.31,169585.23,Card,,Card DR MSEDCL / Utilities,CP-C3-UTIL,MSEDCL / Utilities,Supplier,Card spend,Retail purchase,N,,,N,N,N,NA,,CBS_SYNTH,0.94,None,
TXN-C3-20250616-0096,ACC-CTB-005-SB1,CTB-RTL-005,2025-06-16,2025-06-16,2025-06-16T09:43:56,CR,60493.0,230078.23,NEFT,,NEFT CR Monthly salary credit,CP-C3-INC,Monthly salary credit,Buyer,Income,Salary credit,N,,,N,N,N,NA,,CBS_SYNTH,0.95,None,
TXN-C3-20250616-0097,ACC-CTB-005-SB1,CTB-RTL-005,2025-06-16,2025-06-16,2025-06-16T15:24:32,DR,1500.53,228577.7,Card,,Card DR Indian Oil Fuel,CP-C3-FUEL,Indian Oil Fuel,Supplier,Card spend,Retail purchase,N,,,N,N,N,NA,,CBS_SYNTH,0.9,None,
TXN-C3-20250616-0098,ACC-CTB-005-SB1,CTB-RTL-005,2025-06-16,2025-06-16,2025-06-16T18:53:44,DR,1078.02,227499.68,Card,,Card DR Zomato,CP-C3-FOOD,Zomato,Supplier,Card spend,Retail purchase,N,,,N,N,N,NA,,CBS_SYNTH,0.98,None,
TXN-C3-20250617-0099,ACC-CTB-005-SB1,CTB-RTL-005,2025-06-17,2025-06-17,2025-06-17T10:12:34,DR,1712.27,225787.41,Card,,Card DR GlobalMart Online,CP-C3-GM,GlobalMart Online,Supplier,Card spend,Retail purchase,N,,,N,N,N,NA,,CBS_SYNTH,0.93,None,
TXN-C3-20250617-0100,ACC-CTB-005-SB1,CTB-RTL-005,2025-06-17,2025-06-17,2025-06-17T16:49:39,DR,4741.76,221045.65,Card,,Card DR GlobalMart Online,CP-C3-GM,GlobalMart Online,Supplier,Card spend,Retail purchase,N,,,N,N,N,NA,,CBS_SYNTH,0.97,None,
TXN-C3-20250618-0101,ACC-CTB-005-SB1,CTB-RTL-005,2025-06-18,2025-06-18,2025-06-18T14:27:29,DR,2011.08,219034.57,Card,,Card DR Reliance Trends,CP-C3-SHOP,Reliance Trends,Supplier,Card spend,Retail purchase,N,,,N,N,N,NA,,CBS_SYNTH,0.92,None,
TXN-C3-20250619-0102,ACC-CTB-005-SB1,CTB-RTL-005,2025-06-19,2025-06-19,2025-06-19T14:28:09,DR,357.39,218677.18,Card,,Card DR Zomato,CP-C3-FOOD,Zomato,Supplier,Card spend,Retail purchase,N,,,N,N,N,NA,,CBS_SYNTH,0.91,None,
TXN-C3-20250620-0103,ACC-CTB-005-SB1,CTB-RTL-005,2025-06-20,2025-06-20,2025-06-20T14:33:20,DR,6789.8,211887.38,ATM,,ATM DR ATM cash withdrawal,CP-C3-ATM,ATM cash withdrawal,Supplier,Cash,ATM withdrawal,N,,,Y,N,N,NA,,CBS_SYNTH,0.91,None,
TXN-C3-20250621-0104,ACC-CTB-005-SB1,CTB-RTL-005,2025-06-21,2025-06-21,2025-06-21T16:30:48,DR,1403.55,210483.83,Card,,Card DR Indian Oil Fuel,CP-C3-FUEL,Indian Oil Fuel,Supplier,Card spend,Retail purchase,N,,,N,N,N,NA,,CBS_SYNTH,0.9,None,
TXN-C3-20250622-0105,ACC-CTB-005-SB1,CTB-RTL-005,2025-06-22,2025-06-22,2025-06-22T14:36:36,DR,4109.78,206374.05,Card,,Card DR GlobalMart Online,CP-C3-GM,GlobalMart Online,Supplier,Card spend,Retail purchase,N,,,N,N,N,NA,,CBS_SYNTH,0.93,None,
TXN-C3-20250623-0106,ACC-CTB-005-SB1,CTB-RTL-005,2025-06-23,2025-06-23,2025-06-23T16:04:02,DR,257.1,206116.95,Card,,Card DR Zomato,CP-C3-FOOD,Zomato,Supplier,Card spend,Retail purchase,N,,,N,N,N,NA,,CBS_SYNTH,0.98,None,
TXN-C3-20250624-0107,ACC-CTB-005-SB1,CTB-RTL-005,2025-06-24,2025-06-24,2025-06-24T18:41:04,DR,1983.82,204133.13,Card,,Card DR Indian Oil Fuel,CP-C3-FUEL,Indian Oil Fuel,Supplier,Card spend,Retail purchase,N,,,N,N,N,NA,,CBS_SYNTH,0.94,None,
TXN-C3-20250625-0108,ACC-CTB-005-SB1,CTB-RTL-005,2025-06-25,2025-06-25,2025-06-25T13:01:16,DR,1428.34,202704.79,Card,,Card DR MSEDCL / Utilities,CP-C3-UTIL,MSEDCL / Utilities,Supplier,Card spend,Retail purchase,N,,,N,N,N,NA,,CBS_SYNTH,0.98,None,
TXN-C3-20250626-0109,ACC-CTB-005-SB1,CTB-RTL-005,2025-06-26,2025-06-26,2025-06-26T12:42:32,DR,1035.42,201669.37,Card,,Card DR Zomato,CP-C3-FOOD,Zomato,Supplier,Card spend,Retail purchase,N,,,N,N,N,NA,,CBS_SYNTH,0.97,None,
TXN-C3-20250627-0110,ACC-CTB-005-SB1,CTB-RTL-005,2025-06-27,2025-06-27,2025-06-27T14:33:19,DR,2351.76,199317.61,Card,,Card DR GlobalMart Online,CP-C3-GM,GlobalMart Online,Supplier,Card spend,Retail purchase,N,,,N,N,N,NA,,CBS_SYNTH,0.97,None,
TXN-C3-20250628-0111,ACC-CTB-005-SB1,CTB-RTL-005,2025-06-28,2025-06-28,2025-06-28T15:10:36,DR,2834.37,196483.24,Card,,Card DR Reliance Trends,CP-C3-SHOP,Reliance Trends,Supplier,Card spend,Retail purchase,N,,,N,N,N,NA,,CBS_SYNTH,0.89,None,
TXN-C3-20250630-0112,ACC-CTB-005-SB1,CTB-RTL-005,2025-06-30,2025-06-30,2025-06-30T10:14:04,CR,1095.2,197578.44,Internal,,Internal CR Contoso Bank,CP-C3-BANK,Contoso Bank,Bank,Income,Savings interest,N,,,N,N,N,NA,,CBS_SYNTH,0.93,None,
TXN-C3-20250630-0113,ACC-CTB-005-SB1,CTB-RTL-005,2025-06-30,2025-06-30,2025-06-30T19:47:03,DR,884.91,196693.53,Card,,Card DR GlobalMart Online,CP-C3-GM,GlobalMart Online,Supplier,Card spend,Retail purchase,N,,,N,N,N,NA,,CBS_SYNTH,0.91,None,
TXN-C3-20250701-0114,ACC-CTB-005-SB1,CTB-RTL-005,2025-07-01,2025-07-01,2025-07-01T10:16:20,CR,70008.6,266702.13,NEFT,,NEFT CR Monthly salary credit,CP-C3-INC,Monthly salary credit,Buyer,Income,Salary credit,N,,,N,N,N,NA,,CBS_SYNTH,0.95,None,
TXN-C3-20250701-0115,ACC-CTB-005-SB1,CTB-RTL-005,2025-07-01,2025-07-01,2025-07-01T15:40:44,DR,931.17,265770.96,Card,,Card DR Indian Oil Fuel,CP-C3-FUEL,Indian Oil Fuel,Supplier,Card spend,Retail purchase,N,,,N,N,N,NA,,CBS_SYNTH,0.89,None,
TXN-C3-20250701-0116,ACC-CTB-005-SB1,CTB-RTL-005,2025-07-01,2025-07-01,2025-07-01T20:45:04,DR,5114.98,260655.98,Card,,Card DR GlobalMart Online,CP-C3-GM,GlobalMart Online,Supplier,Card spend,Retail purchase,N,,,N,N,N,NA,,CBS_SYNTH,0.91,None,
TXN-C3-20250702-0117,ACC-CTB-005-SB1,CTB-RTL-005,2025-07-02,2025-07-02,2025-07-02T10:33:36,DR,4077.28,256578.7,ATM,,ATM DR ATM cash withdrawal,CP-C3-ATM,ATM cash withdrawal,Supplier,Cash,ATM withdrawal,N,,,Y,N,N,NA,,CBS_SYNTH,0.95,None,
TXN-C3-20250702-0118,ACC-CTB-005-SB1,CTB-RTL-005,2025-07-02,2025-07-02,2025-07-02T19:12:46,DR,1276.34,255302.36,Card,,Card DR Indian Oil Fuel,CP-C3-FUEL,Indian Oil Fuel,Supplier,Card spend,Retail purchase,N,,,N,N,N,NA,,CBS_SYNTH,0.92,None,
TXN-C3-20250703-0119,ACC-CTB-005-SB1,CTB-RTL-005,2025-07-03,2025-07-03,2025-07-03T10:20:00,DR,1063.22,254239.14,Card,,Card DR Zomato,CP-C3-FOOD,Zomato,Supplier,Card spend,Retail purchase,N,,,N,N,N,NA,,CBS_SYNTH,0.89,None,
TXN-C3-20250703-0120,ACC-CTB-005-SB1,CTB-RTL-005,2025-07-03,2025-07-03,2025-07-03T18:06:48,DR,1649.38,252589.76,ATM,,ATM DR ATM cash withdrawal,CP-C3-ATM,ATM cash withdrawal,Supplier,Cash,ATM withdrawal,N,,,Y,N,N,NA,,CBS_SYNTH,0.96,None,
TXN-C3-20250704-0121,ACC-CTB-005-SB1,CTB-RTL-005,2025-07-04,2025-07-04,2025-07-04T14:01:35,DR,1220.6,251369.16,Card,,Card DR GlobalMart Online,CP-C3-GM,GlobalMart Online,Supplier,Card spend,Retail purchase,N,,,N,N,N,NA,,CBS_SYNTH,0.99,None,
TXN-C3-20250705-0122,ACC-CTB-005-SB1,CTB-RTL-005,2025-07-05,2025-07-05,2025-07-05T14:03:40,DR,1926.07,249443.09,Card,,Card DR Indian Oil Fuel,CP-C3-FUEL,Indian Oil Fuel,Supplier,Card spend,Retail purchase,N,,,N,N,N,NA,,CBS_SYNTH,0.94,None,
TXN-C3-20250706-0123,ACC-CTB-005-SB1,CTB-RTL-005,2025-07-06,2025-07-06,2025-07-06T12:10:52,DR,1955.93,247487.16,Card,,Card DR Indian Oil Fuel,CP-C3-FUEL,Indian Oil Fuel,Supplier,Card spend,Retail purchase,N,,,N,N,N,NA,,CBS_SYNTH,0.95,None,
TXN-C3-20250707-0124,ACC-CTB-005-SB1,CTB-RTL-005,2025-07-07,2025-07-07,2025-07-07T11:48:36,DR,3630.69,243856.47,Card,,Card DR GlobalMart Online,CP-C3-GM,GlobalMart Online,Supplier,Card spend,Retail purchase,N,,,N,N,N,NA,,CBS_SYNTH,0.88,None,
TXN-C3-20250707-0125,ACC-CTB-005-SB1,CTB-RTL-005,2025-07-07,2025-07-07,2025-07-07T19:27:46,DR,18900.0,224956.47,AutoDebit,,AutoDebit DR Contoso Bank (Loan EMI),CP-C3-BANK,Contoso Bank (Loan EMI),Bank,EMI,Loan EMI,N,,,N,N,N,NA,FAC-C3-PL-001,CBS_SYNTH,0.97,None,
TXN-C3-20250708-0126,ACC-CTB-005-SB1,CTB-RTL-005,2025-07-08,2025-07-08,2025-07-08T13:38:15,DR,4478.06,220478.41,Card,,Card DR GlobalMart Online,CP-C3-GM,GlobalMart Online,Supplier,Card spend,Retail purchase,N,,,N,N,N,NA,,CBS_SYNTH,0.92,None,
TXN-C3-20250709-0127,ACC-CTB-005-SB1,CTB-RTL-005,2025-07-09,2025-07-09,2025-07-09T16:07:19,DR,365.23,220113.18,Card,,Card DR Zomato,CP-C3-FOOD,Zomato,Supplier,Card spend,Retail purchase,N,,,N,N,N,NA,,CBS_SYNTH,0.92,None,
TXN-C3-20250710-0128,ACC-CTB-005-SB1,CTB-RTL-005,2025-07-10,2025-07-10,2025-07-10T11:35:21,DR,2328.14,217785.04,Card,,Card DR MSEDCL / Utilities,CP-C3-UTIL,MSEDCL / Utilities,Supplier,Card spend,Retail purchase,N,,,N,N,N,NA,,CBS_SYNTH,0.89,None,
TXN-C3-20250711-0129,ACC-CTB-005-SB1,CTB-RTL-005,2025-07-11,2025-07-11,2025-07-11T14:37:06,DR,1374.52,216410.52,Card,,Card DR Zomato,CP-C3-FOOD,Zomato,Supplier,Card spend,Retail purchase,N,,,N,N,N,NA,,CBS_SYNTH,0.96,None,
TXN-C3-20250712-0130,ACC-CTB-005-SB1,CTB-RTL-005,2025-07-12,2025-07-12,2025-07-12T15:45:21,DR,865.41,215545.11,Card,,Card DR GlobalMart Online,CP-C3-GM,GlobalMart Online,Supplier,Card spend,Retail purchase,N,,,N,N,N,NA,,CBS_SYNTH,0.93,None,
TXN-C3-20250713-0131,ACC-CTB-005-SB1,CTB-RTL-005,2025-07-13,2025-07-13,2025-07-13T15:11:44,DR,2652.44,212892.67,Card,,Card DR Indian Oil Fuel,CP-C3-FUEL,Indian Oil Fuel,Supplier,Card spend,Retail purchase,N,,,N,N,N,NA,,CBS_SYNTH,0.95,None,
TXN-C3-20250714-0132,ACC-CTB-005-SB1,CTB-RTL-005,2025-07-14,2025-07-14,2025-07-14T13:57:13,DR,4302.35,208590.32,Card,,Card DR GlobalMart Online,CP-C3-GM,GlobalMart Online,Supplier,Card spend,Retail purchase,N,,,N,N,N,NA,,CBS_SYNTH,0.94,None,
TXN-C3-20250715-0133,ACC-CTB-005-SB1,CTB-RTL-005,2025-07-15,2025-07-15,2025-07-15T15:19:44,DR,2984.53,205605.79,Card,,Card DR GlobalMart Online,CP-C3-GM,GlobalMart Online,Supplier,Card spend,Retail purchase,N,,,N,N,N,NA,,CBS_SYNTH,0.95,None,
TXN-C3-20250716-0134,ACC-CTB-005-SB1,CTB-RTL-005,2025-07-16,2025-07-16,2025-07-16T10:09:51,CR,67739.86,273345.65,NEFT,,NEFT CR Monthly salary credit,CP-C3-INC,Monthly salary credit,Buyer,Income,Salary credit,N,,,N,N,N,NA,,CBS_SYNTH,0.95,None,
TXN-C3-20250716-0135,ACC-CTB-005-SB1,CTB-RTL-005,2025-07-16,2025-07-16,2025-07-16T16:16:57,DR,2558.53,270787.12,Card,,Card DR Indian Oil Fuel,CP-C3-FUEL,Indian Oil Fuel,Supplier,Card spend,Retail purchase,N,,,N,N,N,NA,,CBS_SYNTH,0.88,None,
TXN-C3-20250716-0136,ACC-CTB-005-SB1,CTB-RTL-005,2025-07-16,2025-07-16,2025-07-16T20:12:21,DR,1438.66,269348.46,Card,,Card DR Zomato,CP-C3-FOOD,Zomato,Supplier,Card spend,Retail purchase,N,,,N,N,N,NA,,CBS_SYNTH,0.97,None,
TXN-C3-20250717-0137,ACC-CTB-005-SB1,CTB-RTL-005,2025-07-17,2025-07-17,2025-07-17T12:37:20,DR,1649.89,267698.57,Card,,Card DR Zomato,CP-C3-FOOD,Zomato,Supplier,Card spend,Retail purchase,N,,,N,N,N,NA,,CBS_SYNTH,0.9,None,
TXN-C3-20250717-0138,ACC-CTB-005-SB1,CTB-RTL-005,2025-07-17,2025-07-17,2025-07-17T19:11:50,DR,722.02,266976.55,Card,,Card DR GlobalMart Online,CP-C3-GM,GlobalMart Online,Supplier,Card spend,Retail purchase,N,,,N,N,N,NA,,CBS_SYNTH,0.97,None,
TXN-C3-20250718-0139,ACC-CTB-005-SB1,CTB-RTL-005,2025-07-18,2025-07-18,2025-07-18T14:37:51,DR,1122.53,265854.02,Card,,Card DR Reliance Trends,CP-C3-SHOP,Reliance Trends,Supplier,Card spend,Retail purchase,N,,,N,N,N,NA,,CBS_SYNTH,0.99,None,
TXN-C3-20250719-0140,ACC-CTB-005-SB1,CTB-RTL-005,2025-07-19,2025-07-19,2025-07-19T18:39:28,DR,648.93,265205.09,Card,,Card DR Indian Oil Fuel,CP-C3-FUEL,Indian Oil Fuel,Supplier,Card spend,Retail purchase,N,,,N,N,N,NA,,CBS_SYNTH,0.94,None,
TXN-C3-20250720-0141,ACC-CTB-005-SB1,CTB-RTL-005,2025-07-20,2025-07-20,2025-07-20T19:24:59,DR,5696.4,259508.69,Card,,Card DR Reliance Trends,CP-C3-SHOP,Reliance Trends,Supplier,Card spend,Retail purchase,N,,,N,N,N,NA,,CBS_SYNTH,0.91,None,
TXN-C3-20250721-0142,ACC-CTB-005-SB1,CTB-RTL-005,2025-07-21,2025-07-21,2025-07-21T16:14:11,DR,5128.39,254380.3,Card,,Card DR GlobalMart Online,CP-C3-GM,GlobalMart Online,Supplier,Card spend,Retail purchase,N,,,N,N,N,NA,,CBS_SYNTH,0.94,None,
TXN-C3-20250722-0143,ACC-CTB-005-SB1,CTB-RTL-005,2025-07-22,2025-07-22,2025-07-22T11:24:27,DR,2185.93,252194.37,Card,,Card DR MSEDCL / Utilities,CP-C3-UTIL,MSEDCL / Utilities,Supplier,Card spend,Retail purchase,N,,,N,N,N,NA,,CBS_SYNTH,0.96,None,
TXN-C3-20250723-0144,ACC-CTB-005-SB1,CTB-RTL-005,2025-07-23,2025-07-23,2025-07-23T14:50:37,DR,1438.3,250756.07,Card,,Card DR GlobalMart Online,CP-C3-GM,GlobalMart Online,Supplier,Card spend,Retail purchase,N,,,N,N,N,NA,,CBS_SYNTH,0.94,None,
TXN-C3-20250724-0145,ACC-CTB-005-SB1,CTB-RTL-005,2025-07-24,2025-07-24,2025-07-24T12:50:22,DR,676.39,250079.68,Card,,Card DR Zomato,CP-C3-FOOD,Zomato,Supplier,Card spend,Retail purchase,N,,,N,N,N,NA,,CBS_SYNTH,0.9,None,
TXN-C3-20250725-0146,ACC-CTB-005-SB1,CTB-RTL-005,2025-07-25,2025-07-25,2025-07-25T11:27:55,DR,5083.21,244996.47,Card,,Card DR GlobalMart Online,CP-C3-GM,GlobalMart Online,Supplier,Card spend,Retail purchase,N,,,N,N,N,NA,,CBS_SYNTH,0.92,None,
TXN-C3-20250726-0147,ACC-CTB-005-SB1,CTB-RTL-005,2025-07-26,2025-07-26,2025-07-26T13:06:24,DR,2496.98,242499.49,Card,,Card DR MSEDCL / Utilities,CP-C3-UTIL,MSEDCL / Utilities,Supplier,Card spend,Retail purchase,N,,,N,N,N,NA,,CBS_SYNTH,0.98,None,
TXN-C3-20250728-0148,ACC-CTB-005-SB1,CTB-RTL-005,2025-07-28,2025-07-28,2025-07-28T16:14:40,DR,3653.16,238846.33,Card,,Card DR GlobalMart Online,CP-C3-GM,GlobalMart Online,Supplier,Card spend,Retail purchase,N,,,N,N,N,NA,,CBS_SYNTH,0.94,None,
TXN-C3-20250729-0149,ACC-CTB-005-SB1,CTB-RTL-005,2025-07-29,2025-07-29,2025-07-29T15:00:42,DR,1286.93,237559.4,Card,,Card DR Indian Oil Fuel,CP-C3-FUEL,Indian Oil Fuel,Supplier,Card spend,Retail purchase,N,,,N,N,N,NA,,CBS_SYNTH,0.95,None,
TXN-C3-20250730-0150,ACC-CTB-005-SB1,CTB-RTL-005,2025-07-30,2025-07-30,2025-07-30T17:28:28,DR,2619.81,234939.59,Card,,Card DR Reliance Trends,CP-C3-SHOP,Reliance Trends,Supplier,Card spend,Retail purchase,N,,,N,N,N,NA,,CBS_SYNTH,0.98,None,
TXN-C3-20250731-0151,ACC-CTB-005-SB1,CTB-RTL-005,2025-07-31,2025-07-31,2025-07-31T12:09:33,DR,5017.91,229921.68,Card,,Card DR GlobalMart Online,CP-C3-GM,GlobalMart Online,Supplier,Card spend,Retail purchase,N,,,N,N,N,NA,,CBS_SYNTH,0.88,None,
TXN-C3-20250801-0152,ACC-CTB-005-SB1,CTB-RTL-005,2025-08-01,2025-08-01,2025-08-01T11:06:23,CR,50413.79,280335.47,NEFT,,NEFT CR Monthly salary credit,CP-C3-INC,Monthly salary credit,Buyer,Income,Salary credit,N,,,N,N,N,NA,,CBS_SYNTH,0.97,None,
TXN-C3-20250801-0153,ACC-CTB-005-SB1,CTB-RTL-005,2025-08-01,2025-08-01,2025-08-01T13:59:52,DR,544.35,279791.12,Card,,Card DR Zomato,CP-C3-FOOD,Zomato,Supplier,Card spend,Retail purchase,N,,,N,N,N,NA,,CBS_SYNTH,0.91,None,
TXN-C3-20250801-0154,ACC-CTB-005-SB1,CTB-RTL-005,2025-08-01,2025-08-01,2025-08-01T18:31:12,DR,1543.15,278247.97,Card,,Card DR Zomato,CP-C3-FOOD,Zomato,Supplier,Card spend,Retail purchase,N,,,N,N,N,NA,,CBS_SYNTH,0.95,None,
TXN-C3-20250802-0155,ACC-CTB-005-SB1,CTB-RTL-005,2025-08-02,2025-08-02,2025-08-02T11:04:19,DR,916.95,277331.02,Card,,Card DR Reliance Trends,CP-C3-SHOP,Reliance Trends,Supplier,Card spend,Retail purchase,N,,,N,N,N,NA,,CBS_SYNTH,0.95,None,
TXN-C3-20250802-0156,ACC-CTB-005-SB1,CTB-RTL-005,2025-08-02,2025-08-02,2025-08-02T18:13:17,DR,866.66,276464.36,Card,,Card DR MSEDCL / Utilities,CP-C3-UTIL,MSEDCL / Utilities,Supplier,Card spend,Retail purchase,N,,,N,N,N,NA,,CBS_SYNTH,0.97,None,
TXN-C3-20250803-0157,ACC-CTB-005-SB1,CTB-RTL-005,2025-08-03,2025-08-03,2025-08-03T17:18:50,DR,790.37,275673.99,Card,,Card DR MSEDCL / Utilities,CP-C3-UTIL,MSEDCL / Utilities,Supplier,Card spend,Retail purchase,N,,,N,N,N,NA,,CBS_SYNTH,0.98,None,
TXN-C3-20250804-0158,ACC-CTB-005-SB1,CTB-RTL-005,2025-08-04,2025-08-04,2025-08-04T18:07:21,DR,1156.21,274517.78,Card,,Card DR GlobalMart Online,CP-C3-GM,GlobalMart Online,Supplier,Card spend,Retail purchase,N,,,N,N,N,NA,,CBS_SYNTH,0.91,None,
TXN-C3-20250805-0159,ACC-CTB-005-SB1,CTB-RTL-005,2025-08-05,2025-08-05,2025-08-05T15:19:29,DR,3707.08,270810.7,Card,,Card DR Reliance Trends,CP-C3-SHOP,Reliance Trends,Supplier,Card spend,Retail purchase,N,,,N,N,N,NA,,CBS_SYNTH,0.98,None,
TXN-C3-20250806-0160,ACC-CTB-005-SB1,CTB-RTL-005,2025-08-06,2025-08-06,2025-08-06T18:32:07,DR,1579.69,269231.01,Card,,Card DR Zomato,CP-C3-FOOD,Zomato,Supplier,Card spend,Retail purchase,N,,,N,N,N,NA,,CBS_SYNTH,0.98,None,
TXN-C3-20250807-0161,ACC-CTB-005-SB1,CTB-RTL-005,2025-08-07,2025-08-07,2025-08-07T12:55:15,DR,447.84,268783.17,Card,,Card DR Zomato,CP-C3-FOOD,Zomato,Supplier,Card spend,Retail purchase,N,,,N,N,N,NA,,CBS_SYNTH,0.93,None,
TXN-C3-20250807-0162,ACC-CTB-005-SB1,CTB-RTL-005,2025-08-07,2025-08-07,2025-08-07T17:32:47,DR,18900.0,249883.17,AutoDebit,,AutoDebit DR Contoso Bank (Loan EMI),CP-C3-BANK,Contoso Bank (Loan EMI),Bank,EMI,Loan EMI,N,,,N,N,N,NA,FAC-C3-PL-001,CBS_SYNTH,0.97,None,
TXN-C3-20250808-0163,ACC-CTB-005-SB1,CTB-RTL-005,2025-08-08,2025-08-08,2025-08-08T16:53:19,DR,740.1,249143.07,Card,,Card DR GlobalMart Online,CP-C3-GM,GlobalMart Online,Supplier,Card spend,Retail purchase,N,,,N,N,N,NA,,CBS_SYNTH,0.92,None,
TXN-C3-20250809-0164,ACC-CTB-005-SB1,CTB-RTL-005,2025-08-09,2025-08-09,2025-08-09T19:18:57,DR,1351.5,247791.57,Card,,Card DR Indian Oil Fuel,CP-C3-FUEL,Indian Oil Fuel,Supplier,Card spend,Retail purchase,N,,,N,N,N,NA,,CBS_SYNTH,0.98,None,
TXN-C3-20250810-0165,ACC-CTB-005-SB1,CTB-RTL-005,2025-08-10,2025-08-10,2025-08-10T14:20:07,DR,1138.08,246653.49,Card,,Card DR Indian Oil Fuel,CP-C3-FUEL,Indian Oil Fuel,Supplier,Card spend,Retail purchase,N,,,N,N,N,NA,,CBS_SYNTH,0.93,None,
TXN-C3-20250811-0166,ACC-CTB-005-SB1,CTB-RTL-005,2025-08-11,2025-08-11,2025-08-11T16:14:56,DR,1872.33,244781.16,Card,,Card DR MSEDCL / Utilities,CP-C3-UTIL,MSEDCL / Utilities,Supplier,Card spend,Retail purchase,N,,,N,N,N,NA,,CBS_SYNTH,0.9,None,
TXN-C3-20250812-0167,ACC-CTB-005-SB1,CTB-RTL-005,2025-08-12,2025-08-12,2025-08-12T11:46:07,DR,1737.36,243043.8,Card,,Card DR Zomato,CP-C3-FOOD,Zomato,Supplier,Card spend,Retail purchase,N,,,N,N,N,NA,,CBS_SYNTH,0.88,None,
TXN-C3-20250813-0168,ACC-CTB-005-SB1,CTB-RTL-005,2025-08-13,2025-08-13,2025-08-13T12:22:54,DR,1281.52,241762.28,ATM,,ATM DR ATM cash withdrawal,CP-C3-ATM,ATM cash withdrawal,Supplier,Cash,ATM withdrawal,N,,,Y,N,N,NA,,CBS_SYNTH,0.96,None,
TXN-C3-20250814-0169,ACC-CTB-005-SB1,CTB-RTL-005,2025-08-14,2025-08-14,2025-08-14T19:12:14,DR,3414.42,238347.86,ATM,,ATM DR ATM cash withdrawal,CP-C3-ATM,ATM cash withdrawal,Supplier,Cash,ATM withdrawal,N,,,Y,N,N,NA,,CBS_SYNTH,0.95,None,
TXN-C3-20250815-0170,ACC-CTB-005-SB1,CTB-RTL-005,2025-08-15,2025-08-15,2025-08-15T19:22:15,DR,1056.74,237291.12,Card,,Card DR MSEDCL / Utilities,CP-C3-UTIL,MSEDCL / Utilities,Supplier,Card spend,Retail purchase,N,,,N,N,N,NA,,CBS_SYNTH,0.94,None,
TXN-C3-20250816-0171,ACC-CTB-005-SB1,CTB-RTL-005,2025-08-16,2025-08-16,2025-08-16T11:34:46,CR,55720.96,293012.08,NEFT,,NEFT CR Monthly salary credit,CP-C3-INC,Monthly salary credit,Buyer,Income,Salary credit,N,,,N,N,N,NA,,CBS_SYNTH,0.91,None,
TXN-C3-20250816-0172,ACC-CTB-005-SB1,CTB-RTL-005,2025-08-16,2025-08-16,2025-08-16T16:36:44,DR,2192.57,290819.51,Card,,Card DR Indian Oil Fuel,CP-C3-FUEL,Indian Oil Fuel,Supplier,Card spend,Retail purchase,N,,,N,N,N,NA,,CBS_SYNTH,0.95,None,
TXN-C3-20250816-0173,ACC-CTB-005-SB1,CTB-RTL-005,2025-08-16,2025-08-16,2025-08-16T18:10:49,DR,1177.11,289642.4,Card,,Card DR Indian Oil Fuel,CP-C3-FUEL,Indian Oil Fuel,Supplier,Card spend,Retail purchase,N,,,N,N,N,NA,,CBS_SYNTH,0.93,None,
TXN-C3-20250817-0174,ACC-CTB-005-SB1,CTB-RTL-005,2025-08-17,2025-08-17,2025-08-17T19:08:35,DR,2045.0,287597.4,Card,,Card DR Indian Oil Fuel,CP-C3-FUEL,Indian Oil Fuel,Supplier,Card spend,Retail purchase,N,,,N,N,N,NA,,CBS_SYNTH,0.9,None,
TXN-C3-20250818-0175,ACC-CTB-005-SB1,CTB-RTL-005,2025-08-18,2025-08-18,2025-08-18T13:16:46,DR,2377.13,285220.27,Card,,Card DR Indian Oil Fuel,CP-C3-FUEL,Indian Oil Fuel,Supplier,Card spend,Retail purchase,N,,,N,N,N,NA,,CBS_SYNTH,0.9,None,
TXN-C3-20250819-0176,ACC-CTB-005-SB1,CTB-RTL-005,2025-08-19,2025-08-19,2025-08-19T11:31:07,DR,3464.33,281755.94,Card,,Card DR GlobalMart Online,CP-C3-GM,GlobalMart Online,Supplier,Card spend,Retail purchase,N,,,N,N,N,NA,,CBS_SYNTH,0.94,None,
TXN-C3-20250820-0177,ACC-CTB-005-SB1,CTB-RTL-005,2025-08-20,2025-08-20,2025-08-20T12:10:58,DR,548.08,281207.86,Card,,Card DR MSEDCL / Utilities,CP-C3-UTIL,MSEDCL / Utilities,Supplier,Card spend,Retail purchase,N,,,N,N,N,NA,,CBS_SYNTH,0.91,None,
TXN-C3-20250821-0178,ACC-CTB-005-SB1,CTB-RTL-005,2025-08-21,2025-08-21,2025-08-21T14:19:07,DR,2465.95,278741.91,Card,,Card DR MSEDCL / Utilities,CP-C3-UTIL,MSEDCL / Utilities,Supplier,Card spend,Retail purchase,N,,,N,N,N,NA,,CBS_SYNTH,0.89,None,
TXN-C3-20250822-0179,ACC-CTB-005-SB1,CTB-RTL-005,2025-08-22,2025-08-22,2025-08-22T15:40:04,DR,911.42,277830.49,Card,,Card DR MSEDCL / Utilities,CP-C3-UTIL,MSEDCL / Utilities,Supplier,Card spend,Retail purchase,N,,,N,N,N,NA,,CBS_SYNTH,0.98,None,
TXN-C3-20250823-0180,ACC-CTB-005-SB1,CTB-RTL-005,2025-08-23,2025-08-23,2025-08-23T15:22:04,DR,2764.78,275065.71,Card,,Card DR Indian Oil Fuel,CP-C3-FUEL,Indian Oil Fuel,Supplier,Card spend,Retail purchase,N,,,N,N,N,NA,,CBS_SYNTH,0.97,None,
TXN-C3-20250824-0181,ACC-CTB-005-SB1,CTB-RTL-005,2025-08-24,2025-08-24,2025-08-24T12:07:13,DR,1382.23,273683.48,Card,,Card DR MSEDCL / Utilities,CP-C3-UTIL,MSEDCL / Utilities,Supplier,Card spend,Retail purchase,N,,,N,N,N,NA,,CBS_SYNTH,0.91,None,
TXN-C3-20250825-0182,ACC-CTB-005-SB1,CTB-RTL-005,2025-08-25,2025-08-25,2025-08-25T17:15:17,DR,1696.17,271987.31,Card,,Card DR Reliance Trends,CP-C3-SHOP,Reliance Trends,Supplier,Card spend,Retail purchase,N,,,N,N,N,NA,,CBS_SYNTH,0.91,None,
TXN-C3-20250826-0183,ACC-CTB-005-SB1,CTB-RTL-005,2025-08-26,2025-08-26,2025-08-26T19:22:25,DR,1776.06,270211.25,Card,,Card DR Reliance Trends,CP-C3-SHOP,Reliance Trends,Supplier,Card spend,Retail purchase,N,,,N,N,N,NA,,CBS_SYNTH,0.9,None,
TXN-C3-20250827-0184,ACC-CTB-005-SB1,CTB-RTL-005,2025-08-27,2025-08-27,2025-08-27T11:45:24,DR,542.89,269668.36,Card,,Card DR Zomato,CP-C3-FOOD,Zomato,Supplier,Card spend,Retail purchase,N,,,N,N,N,NA,,CBS_SYNTH,0.99,None,
TXN-C3-20250828-0185,ACC-CTB-005-SB1,CTB-RTL-005,2025-08-28,2025-08-28,2025-08-28T18:46:53,DR,1042.15,268626.21,Card,,Card DR GlobalMart Online,CP-C3-GM,GlobalMart Online,Supplier,Card spend,Retail purchase,N,,,N,N,N,NA,,CBS_SYNTH,0.91,None,
TXN-C3-20250829-0186,ACC-CTB-005-SB1,CTB-RTL-005,2025-08-29,2025-08-29,2025-08-29T16:55:58,DR,3203.0,265423.21,ATM,,ATM DR ATM cash withdrawal,CP-C3-ATM,ATM cash withdrawal,Supplier,Cash,ATM withdrawal,N,,,Y,N,N,NA,,CBS_SYNTH,0.92,None,
TXN-C3-20250830-0187,ACC-CTB-005-SB1,CTB-RTL-005,2025-08-30,2025-08-30,2025-08-30T17:59:41,DR,1007.29,264415.92,Card,,Card DR Indian Oil Fuel,CP-C3-FUEL,Indian Oil Fuel,Supplier,Card spend,Retail purchase,N,,,N,N,N,NA,,CBS_SYNTH,0.9,None,
TXN-C3-20250901-0188,ACC-CTB-005-SB1,CTB-RTL-005,2025-09-01,2025-09-01,2025-09-01T10:25:24,DR,554.53,263861.39,Card,,Card DR Zomato,CP-C3-FOOD,Zomato,Supplier,Card spend,Retail purchase,N,,,N,N,N,NA,,CBS_SYNTH,0.95,None,
TXN-C3-20250901-0189,ACC-CTB-005-SB1,CTB-RTL-005,2025-09-01,2025-09-01,2025-09-01T16:23:50,DR,1584.95,262276.44,Card,,Card DR MSEDCL / Utilities,CP-C3-UTIL,MSEDCL / Utilities,Supplier,Card spend,Retail purchase,N,,,N,N,N,NA,,CBS_SYNTH,0.96,None,
TXN-C3-20250902-0190,ACC-CTB-005-SB1,CTB-RTL-005,2025-09-02,2025-09-02,2025-09-02T10:28:22,CR,61076.16,323352.6,NEFT,,NEFT CR Monthly salary credit,CP-C3-INC,Monthly salary credit,Buyer,Income,Salary credit,N,,,N,N,N,NA,,CBS_SYNTH,0.91,None,
TXN-C3-20250902-0191,ACC-CTB-005-SB1,CTB-RTL-005,2025-09-02,2025-09-02,2025-09-02T15:22:44,DR,1451.66,321900.94,Card,,Card DR Indian Oil Fuel,CP-C3-FUEL,Indian Oil Fuel,Supplier,Card spend,Retail purchase,N,,,N,N,N,NA,,CBS_SYNTH,0.98,None,
TXN-C3-20250902-0192,ACC-CTB-005-SB1,CTB-RTL-005,2025-09-02,2025-09-02,2025-09-02T19:16:12,DR,7150.53,314750.41,ATM,,ATM DR ATM cash withdrawal,CP-C3-ATM,ATM cash withdrawal,Supplier,Cash,ATM withdrawal,N,,,Y,N,N,NA,,CBS_SYNTH,0.96,None,
TXN-C3-20250903-0193,ACC-CTB-005-SB1,CTB-RTL-005,2025-09-03,2025-09-03,2025-09-03T13:30:53,DR,1377.67,313372.74,Card,,Card DR Indian Oil Fuel,CP-C3-FUEL,Indian Oil Fuel,Supplier,Card spend,Retail purchase,N,,,N,N,N,NA,,CBS_SYNTH,0.99,None,
TXN-C3-20250903-0194,ACC-CTB-005-SB1,CTB-RTL-005,2025-09-03,2025-09-03,2025-09-03T19:31:41,DR,5942.58,307430.16,Card,,Card DR Reliance Trends,CP-C3-SHOP,Reliance Trends,Supplier,Card spend,Retail purchase,N,,,N,N,N,NA,,CBS_SYNTH,0.93,None,
TXN-C3-20250904-0195,ACC-CTB-005-SB1,CTB-RTL-005,2025-09-04,2025-09-04,2025-09-04T13:08:39,DR,1244.75,306185.41,Card,,Card DR Zomato,CP-C3-FOOD,Zomato,Supplier,Card spend,Retail purchase,N,,,N,N,N,NA,,CBS_SYNTH,0.99,None,
TXN-C3-20250904-0196,ACC-CTB-005-SB1,CTB-RTL-005,2025-09-04,2025-09-04,2025-09-04T19:22:56,DR,1479.91,304705.5,Card,,Card DR Zomato,CP-C3-FOOD,Zomato,Supplier,Card spend,Retail purchase,N,,,N,N,N,NA,,CBS_SYNTH,0.96,None,
TXN-C3-20250905-0197,ACC-CTB-005-SB1,CTB-RTL-005,2025-09-05,2025-09-05,2025-09-05T11:59:49,DR,1692.26,303013.24,Card,,Card DR MSEDCL / Utilities,CP-C3-UTIL,MSEDCL / Utilities,Supplier,Card spend,Retail purchase,N,,,N,N,N,NA,,CBS_SYNTH,0.9,None,
TXN-C3-20250905-0198,ACC-CTB-005-SB1,CTB-RTL-005,2025-09-05,2025-09-05,2025-09-05T20:03:31,DR,864.16,302149.08,Card,,Card DR Zomato,CP-C3-FOOD,Zomato,Supplier,Card spend,Retail purchase,N,,,N,N,N,NA,,CBS_SYNTH,0.91,None,
TXN-C3-20250906-0199,ACC-CTB-005-SB1,CTB-RTL-005,2025-09-06,2025-09-06,2025-09-06T17:49:49,DR,1739.7,300409.38,Card,,Card DR GlobalMart Online,CP-C3-GM,GlobalMart Online,Supplier,Card spend,Retail purchase,N,,,N,N,N,NA,,CBS_SYNTH,0.89,None,
TXN-C3-20250907-0200,ACC-CTB-005-SB1,CTB-RTL-005,2025-09-07,2025-09-07,2025-09-07T13:31:12,DR,18900.0,281509.38,AutoDebit,,AutoDebit DR Contoso Bank (Loan EMI),CP-C3-BANK,Contoso Bank (Loan EMI),Bank,EMI,Loan EMI,N,,,N,N,N,NA,FAC-C3-PL-001,CBS_SYNTH,0.97,None,
TXN-C3-20250907-0201,ACC-CTB-005-SB1,CTB-RTL-005,2025-09-07,2025-09-07,2025-09-07T17:58:09,DR,1932.04,279577.34,Card,,Card DR MSEDCL / Utilities,CP-C3-UTIL,MSEDCL / Utilities,Supplier,Card spend,Retail purchase,N,,,N,N,N,NA,,CBS_SYNTH,0.9,None,
TXN-C3-20250908-0202,ACC-CTB-005-SB1,CTB-RTL-005,2025-09-08,2025-09-08,2025-09-08T11:16:53,DR,1421.44,278155.9,Card,,Card DR Indian Oil Fuel,CP-C3-FUEL,Indian Oil Fuel,Supplier,Card spend,Retail purchase,N,,,N,N,N,NA,,CBS_SYNTH,0.89,None,
TXN-C3-20250909-0203,ACC-CTB-005-SB1,CTB-RTL-005,2025-09-09,2025-09-09,2025-09-09T17:39:24,DR,4755.96,273399.94,Card,,Card DR GlobalMart Online,CP-C3-GM,GlobalMart Online,Supplier,Card spend,Retail purchase,N,,,N,N,N,NA,,CBS_SYNTH,0.97,None,
TXN-C3-20250910-0204,ACC-CTB-005-SB1,CTB-RTL-005,2025-09-10,2025-09-10,2025-09-10T16:07:26,DR,1736.92,271663.02,Card,,Card DR Zomato,CP-C3-FOOD,Zomato,Supplier,Card spend,Retail purchase,N,,,N,N,N,NA,,CBS_SYNTH,0.91,None,
TXN-C3-20250911-0205,ACC-CTB-005-SB1,CTB-RTL-005,2025-09-11,2025-09-11,2025-09-11T19:10:06,DR,527.74,271135.28,Card,,Card DR Zomato,CP-C3-FOOD,Zomato,Supplier,Card spend,Retail purchase,N,,,N,N,N,NA,,CBS_SYNTH,0.95,None,
TXN-C3-20250912-0206,ACC-CTB-005-SB1,CTB-RTL-005,2025-09-12,2025-09-12,2025-09-12T18:04:44,DR,577.52,270557.76,Card,,Card DR Zomato,CP-C3-FOOD,Zomato,Supplier,Card spend,Retail purchase,N,,,N,N,N,NA,,CBS_SYNTH,0.9,None,
TXN-C3-20250913-0207,ACC-CTB-005-SB1,CTB-RTL-005,2025-09-13,2025-09-13,2025-09-13T18:03:13,DR,6546.24,264011.52,Card,,Card DR Reliance Trends,CP-C3-SHOP,Reliance Trends,Supplier,Card spend,Retail purchase,N,,,N,N,N,NA,,CBS_SYNTH,0.89,None,
TXN-C3-20250914-0208,ACC-CTB-005-SB1,CTB-RTL-005,2025-09-14,2025-09-14,2025-09-14T13:27:11,DR,3681.37,260330.15,ATM,,ATM DR ATM cash withdrawal,CP-C3-ATM,ATM cash withdrawal,Supplier,Cash,ATM withdrawal,N,,,Y,N,N,NA,,CBS_SYNTH,0.97,None,
TXN-C3-20250915-0209,ACC-CTB-005-SB1,CTB-RTL-005,2025-09-15,2025-09-15,2025-09-15T14:58:55,DR,456.98,259873.17,Card,,Card DR Zomato,CP-C3-FOOD,Zomato,Supplier,Card spend,Retail purchase,N,,,N,N,N,NA,,CBS_SYNTH,0.93,None,
TXN-C3-20250916-0210,ACC-CTB-005-SB1,CTB-RTL-005,2025-09-16,2025-09-16,2025-09-16T12:37:55,DR,3551.58,256321.59,Card,,Card DR GlobalMart Online,CP-C3-GM,GlobalMart Online,Supplier,Card spend,Retail purchase,N,,,N,N,N,NA,,CBS_SYNTH,0.94,None,
TXN-C3-20250916-0211,ACC-CTB-005-SB1,CTB-RTL-005,2025-09-16,2025-09-16,2025-09-16T17:12:17,DR,2687.19,253634.4,Card,,Card DR Indian Oil Fuel,CP-C3-FUEL,Indian Oil Fuel,Supplier,Card spend,Retail purchase,N,,,N,N,N,NA,,CBS_SYNTH,0.97,None,
TXN-C3-20250917-0212,ACC-CTB-005-SB1,CTB-RTL-005,2025-09-17,2025-09-17,2025-09-17T11:16:49,CR,55883.86,309518.26,NEFT,,NEFT CR Monthly salary credit,CP-C3-INC,Monthly salary credit,Buyer,Income,Salary credit,N,,,N,N,N,NA,,CBS_SYNTH,0.95,None,
TXN-C3-20250917-0213,ACC-CTB-005-SB1,CTB-RTL-005,2025-09-17,2025-09-17,2025-09-17T14:54:52,DR,1489.84,308028.42,Card,,Card DR Indian Oil Fuel,CP-C3-FUEL,Indian Oil Fuel,Supplier,Card spend,Retail purchase,N,,,N,N,N,NA,,CBS_SYNTH,0.96,None,
TXN-C3-20250917-0214,ACC-CTB-005-SB1,CTB-RTL-005,2025-09-17,2025-09-17,2025-09-17T18:27:41,DR,1497.8,306530.62,Card,,Card DR Zomato,CP-C3-FOOD,Zomato,Supplier,Card spend,Retail purchase,N,,,N,N,N,NA,,CBS_SYNTH,0.95,None,
TXN-C3-20250918-0215,ACC-CTB-005-SB1,CTB-RTL-005,2025-09-18,2025-09-18,2025-09-18T12:31:28,DR,1280.79,305249.83,Card,,Card DR Zomato,CP-C3-FOOD,Zomato,Supplier,Card spend,Retail purchase,N,,,N,N,N,NA,,CBS_SYNTH,0.99,None,
TXN-C3-20250918-0216,ACC-CTB-005-SB1,CTB-RTL-005,2025-09-18,2025-09-18,2025-09-18T19:32:28,DR,1524.1,303725.73,Card,,Card DR Indian Oil Fuel,CP-C3-FUEL,Indian Oil Fuel,Supplier,Card spend,Retail purchase,N,,,N,N,N,NA,,CBS_SYNTH,0.94,None,
TXN-C3-20250919-0217,ACC-CTB-005-SB1,CTB-RTL-005,2025-09-19,2025-09-19,2025-09-19T14:05:13,DR,1145.91,302579.82,Card,,Card DR Zomato,CP-C3-FOOD,Zomato,Supplier,Card spend,Retail purchase,N,,,N,N,N,NA,,CBS_SYNTH,0.97,None,
TXN-C3-20250919-0218,ACC-CTB-005-SB1,CTB-RTL-005,2025-09-19,2025-09-19,2025-09-19T16:32:24,DR,1750.0,300829.82,Card,,Card DR Zomato,CP-C3-FOOD,Zomato,Supplier,Card spend,Retail purchase,N,,,N,N,N,NA,,CBS_SYNTH,0.95,None,
TXN-C3-20250920-0219,ACC-CTB-005-SB1,CTB-RTL-005,2025-09-20,2025-09-20,2025-09-20T12:17:40,DR,5953.94,294875.88,Card,,Card DR GlobalMart Online,CP-C3-GM,GlobalMart Online,Supplier,Card spend,Retail purchase,N,,,N,N,N,NA,,CBS_SYNTH,0.97,None,
TXN-C3-20250921-0220,ACC-CTB-005-SB1,CTB-RTL-005,2025-09-21,2025-09-21,2025-09-21T18:06:08,DR,3014.95,291860.93,Card,,Card DR GlobalMart Online,CP-C3-GM,GlobalMart Online,Supplier,Card spend,Retail purchase,N,,,N,N,N,NA,,CBS_SYNTH,0.97,None,
TXN-C3-20250922-0221,ACC-CTB-005-SB1,CTB-RTL-005,2025-09-22,2025-09-22,2025-09-22T15:00:39,DR,2312.56,289548.37,Card,,Card DR Indian Oil Fuel,CP-C3-FUEL,Indian Oil Fuel,Supplier,Card spend,Retail purchase,N,,,N,N,N,NA,,CBS_SYNTH,0.89,None,
TXN-C3-20250923-0222,ACC-CTB-005-SB1,CTB-RTL-005,2025-09-23,2025-09-23,2025-09-23T16:03:34,DR,5891.84,283656.53,Card,,Card DR GlobalMart Online,CP-C3-GM,GlobalMart Online,Supplier,Card spend,Retail purchase,N,,,N,N,N,NA,,CBS_SYNTH,0.96,None,
TXN-C3-20250924-0223,ACC-CTB-005-SB1,CTB-RTL-005,2025-09-24,2025-09-24,2025-09-24T11:56:10,DR,6759.07,276897.46,Card,,Card DR Reliance Trends,CP-C3-SHOP,Reliance Trends,Supplier,Card spend,Retail purchase,N,,,N,N,N,NA,,CBS_SYNTH,0.95,None,
TXN-C3-20250925-0224,ACC-CTB-005-SB1,CTB-RTL-005,2025-09-25,2025-09-25,2025-09-25T12:46:05,DR,2580.71,274316.75,Card,,Card DR MSEDCL / Utilities,CP-C3-UTIL,MSEDCL / Utilities,Supplier,Card spend,Retail purchase,N,,,N,N,N,NA,,CBS_SYNTH,0.95,None,
TXN-C3-20250926-0225,ACC-CTB-005-SB1,CTB-RTL-005,2025-09-26,2025-09-26,2025-09-26T15:44:29,DR,6504.66,267812.09,Card,,Card DR GlobalMart Online,CP-C3-GM,GlobalMart Online,Supplier,Card spend,Retail purchase,N,,,N,N,N,NA,,CBS_SYNTH,0.94,None,
TXN-C3-20250927-0226,ACC-CTB-005-SB1,CTB-RTL-005,2025-09-27,2025-09-27,2025-09-27T12:58:31,DR,1614.41,266197.68,Card,,Card DR MSEDCL / Utilities,CP-C3-UTIL,MSEDCL / Utilities,Supplier,Card spend,Retail purchase,N,,,N,N,N,NA,,CBS_SYNTH,0.98,None,
TXN-C3-20250928-0227,ACC-CTB-005-SB1,CTB-RTL-005,2025-09-28,2025-09-28,2025-09-28T11:44:02,DR,3778.21,262419.47,Card,,Card DR GlobalMart Online,CP-C3-GM,GlobalMart Online,Supplier,Card spend,Retail purchase,N,,,N,N,N,NA,,CBS_SYNTH,0.99,None,
TXN-C3-20250929-0228,ACC-CTB-005-SB1,CTB-RTL-005,2025-09-29,2025-09-29,2025-09-29T12:24:25,DR,4499.41,257920.06,Card,,Card DR GlobalMart Online,CP-C3-GM,GlobalMart Online,Supplier,Card spend,Retail purchase,N,,,N,N,N,NA,,CBS_SYNTH,0.91,None,
TXN-C3-20250930-0229,ACC-CTB-005-SB1,CTB-RTL-005,2025-09-30,2025-09-30,2025-09-30T13:44:51,CR,1073.93,258993.99,Internal,,Internal CR Contoso Bank,CP-C3-BANK,Contoso Bank,Bank,Income,Savings interest,N,,,N,N,N,NA,,CBS_SYNTH,0.93,None,
TXN-C3-20250930-0230,ACC-CTB-005-SB1,CTB-RTL-005,2025-09-30,2025-09-30,2025-09-30T18:08:08,DR,1283.71,257710.28,Card,,Card DR Zomato,CP-C3-FOOD,Zomato,Supplier,Card spend,Retail purchase,N,,,N,N,N,NA,,CBS_SYNTH,0.89,None,
TXN-C3-20251001-0231,ACC-CTB-005-SB1,CTB-RTL-005,2025-10-01,2025-10-01,2025-10-01T11:36:19,DR,7663.28,250047.0,Card,,Card DR Reliance Trends,CP-C3-SHOP,Reliance Trends,Supplier,Card spend,Retail purchase,N,,,N,N,N,NA,,CBS_SYNTH,0.94,None,
TXN-C3-20251001-0232,ACC-CTB-005-SB1,CTB-RTL-005,2025-10-01,2025-10-01,2025-10-01T14:38:40,DR,942.17,249104.83,Card,,Card DR Indian Oil Fuel,CP-C3-FUEL,Indian Oil Fuel,Supplier,Card spend,Retail purchase,N,,,N,N,N,NA,,CBS_SYNTH,0.9,None,
TXN-C3-20251001-0233,ACC-CTB-005-SB1,CTB-RTL-005,2025-10-01,2025-10-01,2025-10-01T20:38:11,DR,349.32,248755.51,Card,,Card DR Zomato,CP-C3-FOOD,Zomato,Supplier,Card spend,Retail purchase,N,,,N,N,N,NA,,CBS_SYNTH,0.94,None,
TXN-C3-20251002-0234,ACC-CTB-005-SB1,CTB-RTL-005,2025-10-02,2025-10-02,2025-10-02T11:23:02,CR,54782.63,303538.14,NEFT,,NEFT CR Monthly salary credit,CP-C3-INC,Monthly salary credit,Buyer,Income,Salary credit,N,,,N,N,N,NA,,CBS_SYNTH,0.93,None,
TXN-C3-20251002-0235,ACC-CTB-005-SB1,CTB-RTL-005,2025-10-02,2025-10-02,2025-10-02T13:23:55,DR,6948.33,296589.81,Card,,Card DR Reliance Trends,CP-C3-SHOP,Reliance Trends,Supplier,Card spend,Retail purchase,N,,,N,N,N,NA,,CBS_SYNTH,0.93,None,
TXN-C3-20251002-0236,ACC-CTB-005-SB1,CTB-RTL-005,2025-10-02,2025-10-02,2025-10-02T16:43:55,DR,779.23,295810.58,Card,,Card DR Zomato,CP-C3-FOOD,Zomato,Supplier,Card spend,Retail purchase,N,,,N,N,N,NA,,CBS_SYNTH,0.98,None,
TXN-C3-20251002-0237,ACC-CTB-005-SB1,CTB-RTL-005,2025-10-02,2025-10-02,2025-10-02T20:28:43,DR,5740.74,290069.84,Card,,Card DR GlobalMart Online,CP-C3-GM,GlobalMart Online,Supplier,Card spend,Retail purchase,N,,,N,N,N,NA,,CBS_SYNTH,0.95,None,
TXN-C3-20251003-0238,ACC-CTB-005-SB1,CTB-RTL-005,2025-10-03,2025-10-03,2025-10-03T10:27:45,DR,2349.65,287720.19,Card,,Card DR MSEDCL / Utilities,CP-C3-UTIL,MSEDCL / Utilities,Supplier,Card spend,Retail purchase,N,,,N,N,N,NA,,CBS_SYNTH,0.93,None,
TXN-C3-20251003-0239,ACC-CTB-005-SB1,CTB-RTL-005,2025-10-03,2025-10-03,2025-10-03T15:39:54,DR,2293.89,285426.3,ATM,,ATM DR ATM cash withdrawal,CP-C3-ATM,ATM cash withdrawal,Supplier,Cash,ATM withdrawal,N,,,Y,N,N,NA,,CBS_SYNTH,0.91,None,
TXN-C3-20251003-0240,ACC-CTB-005-SB1,CTB-RTL-005,2025-10-03,2025-10-03,2025-10-03T19:45:21,DR,1449.06,283977.24,Card,,Card DR Indian Oil Fuel,CP-C3-FUEL,Indian Oil Fuel,Supplier,Card spend,Retail purchase,N,,,N,N,N,NA,,CBS_SYNTH,0.97,None,
TXN-C3-20251004-0241,ACC-CTB-005-SB1,CTB-RTL-005,2025-10-04,2025-10-04,2025-10-04T13:32:31,DR,2023.98,281953.26,Card,,Card DR MSEDCL / Utilities,CP-C3-UTIL,MSEDCL / Utilities,Supplier,Card spend,Retail purchase,N,,,N,N,N,NA,,CBS_SYNTH,0.95,None,
TXN-C3-20251004-0242,ACC-CTB-005-SB1,CTB-RTL-005,2025-10-04,2025-10-04,2025-10-04T19:29:50,DR,929.31,281023.95,Card,,Card DR Zomato,CP-C3-FOOD,Zomato,Supplier,Card spend,Retail purchase,N,,,N,N,N,NA,,CBS_SYNTH,0.96,None,
TXN-C3-20251005-0243,ACC-CTB-005-SB1,CTB-RTL-005,2025-10-05,2025-10-05,2025-10-05T15:52:30,DR,673.83,280350.12,Card,,Card DR Indian Oil Fuel,CP-C3-FUEL,Indian Oil Fuel,Supplier,Card spend,Retail purchase,N,,,N,N,N,NA,,CBS_SYNTH,0.91,None,
TXN-C3-20251006-0244,ACC-CTB-005-SB1,CTB-RTL-005,2025-10-06,2025-10-06,2025-10-06T13:59:28,DR,4760.56,275589.56,Card,,Card DR GlobalMart Online,CP-C3-GM,GlobalMart Online,Supplier,Card spend,Retail purchase,N,,,N,N,N,NA,,CBS_SYNTH,0.93,None,
TXN-C3-20251006-0245,ACC-CTB-005-SB1,CTB-RTL-005,2025-10-06,2025-10-06,2025-10-06T19:08:03,DR,3877.04,271712.52,Card,,Card DR GlobalMart Online,CP-C3-GM,GlobalMart Online,Supplier,Card spend,Retail purchase,N,,,N,N,N,NA,,CBS_SYNTH,0.96,None,
TXN-C3-20251007-0246,ACC-CTB-005-SB1,CTB-RTL-005,2025-10-07,2025-10-07,2025-10-07T09:52:59,DR,3013.01,268699.51,Card,,Card DR GlobalMart Online,CP-C3-GM,GlobalMart Online,Supplier,Card spend,Retail purchase,N,,,N,N,N,NA,,CBS_SYNTH,0.93,None,
TXN-C3-20251007-0247,ACC-CTB-005-SB1,CTB-RTL-005,2025-10-07,2025-10-07,2025-10-07T14:21:00,DR,2564.74,266134.77,Card,,Card DR Indian Oil Fuel,CP-C3-FUEL,Indian Oil Fuel,Supplier,Card spend,Retail purchase,N,,,N,N,N,NA,,CBS_SYNTH,0.89,None,
TXN-C3-20251007-0248,ACC-CTB-005-SB1,CTB-RTL-005,2025-10-07,2025-10-07,2025-10-07T19:42:40,DR,18900.0,247234.77,AutoDebit,,AutoDebit DR Contoso Bank (Loan EMI),CP-C3-BANK,Contoso Bank (Loan EMI),Bank,EMI,Loan EMI,N,,,N,N,N,NA,FAC-C3-PL-001,CBS_SYNTH,0.97,None,
TXN-C3-20251008-0249,ACC-CTB-005-SB1,CTB-RTL-005,2025-10-08,2025-10-08,2025-10-08T13:59:03,DR,2666.02,244568.75,Card,,Card DR Indian Oil Fuel,CP-C3-FUEL,Indian Oil Fuel,Supplier,Card spend,Retail purchase,N,,,N,N,N,NA,,CBS_SYNTH,0.95,None,
TXN-C3-20251008-0250,ACC-CTB-005-SB1,CTB-RTL-005,2025-10-08,2025-10-08,2025-10-08T18:44:58,DR,7676.43,236892.32,Card,,Card DR Reliance Trends,CP-C3-SHOP,Reliance Trends,Supplier,Card spend,Retail purchase,N,,,N,N,N,NA,,CBS_SYNTH,0.96,None,
TXN-C3-20251009-0251,ACC-CTB-005-SB1,CTB-RTL-005,2025-10-09,2025-10-09,2025-10-09T12:48:11,DR,1019.0,235873.32,Card,,Card DR Reliance Trends,CP-C3-SHOP,Reliance Trends,Supplier,Card spend,Retail purchase,N,,,N,N,N,NA,,CBS_SYNTH,0.97,None,
TXN-C3-20251009-0252,ACC-CTB-005-SB1,CTB-RTL-005,2025-10-09,2025-10-09,2025-10-09T18:39:43,DR,2381.76,233491.56,Card,,Card DR GlobalMart Online,CP-C3-GM,GlobalMart Online,Supplier,Card spend,Retail purchase,N,,,N,N,N,NA,,CBS_SYNTH,0.89,None,
TXN-C3-20251010-0253,ACC-CTB-005-SB1,CTB-RTL-005,2025-10-10,2025-10-10,2025-10-10T10:29:25,DR,4989.59,228501.97,Card,,Card DR Reliance Trends,CP-C3-SHOP,Reliance Trends,Supplier,Card spend,Retail purchase,N,,,N,N,N,NA,,CBS_SYNTH,0.94,None,
TXN-C3-20251010-0254,ACC-CTB-005-SB1,CTB-RTL-005,2025-10-10,2025-10-10,2025-10-10T19:42:19,DR,6213.67,222288.3,Card,,Card DR Reliance Trends,CP-C3-SHOP,Reliance Trends,Supplier,Card spend,Retail purchase,N,,,N,N,N,NA,,CBS_SYNTH,0.94,None,
TXN-C3-20251011-0255,ACC-CTB-005-SB1,CTB-RTL-005,2025-10-11,2025-10-11,2025-10-11T10:30:17,DR,672.32,221615.98,Card,,Card DR MSEDCL / Utilities,CP-C3-UTIL,MSEDCL / Utilities,Supplier,Card spend,Retail purchase,N,,,N,N,N,NA,,CBS_SYNTH,0.92,None,
TXN-C3-20251011-0256,ACC-CTB-005-SB1,CTB-RTL-005,2025-10-11,2025-10-11,2025-10-11T16:33:26,DR,1828.38,219787.6,Card,,Card DR Indian Oil Fuel,CP-C3-FUEL,Indian Oil Fuel,Supplier,Card spend,Retail purchase,N,,,N,N,N,NA,,CBS_SYNTH,0.9,None,
TXN-C3-20251012-0257,ACC-CTB-005-SB1,CTB-RTL-005,2025-10-12,2025-10-12,2025-10-12T13:17:48,DR,4257.15,215530.45,Card,,Card DR GlobalMart Online,CP-C3-GM,GlobalMart Online,Supplier,Card spend,Retail purchase,N,,,N,N,N,NA,,CBS_SYNTH,0.94,None,
TXN-C3-20251013-0258,ACC-CTB-005-SB1,CTB-RTL-005,2025-10-13,2025-10-13,2025-10-13T11:40:54,DR,3203.28,212327.17,Card,,Card DR Reliance Trends,CP-C3-SHOP,Reliance Trends,Supplier,Card spend,Retail purchase,N,,,N,N,N,NA,,CBS_SYNTH,0.92,None,
TXN-C3-20251013-0259,ACC-CTB-005-SB1,CTB-RTL-005,2025-10-13,2025-10-13,2025-10-13T16:29:56,DR,6742.23,205584.94,Card,,Card DR Reliance Trends,CP-C3-SHOP,Reliance Trends,Supplier,Card spend,Retail purchase,N,,,N,N,N,NA,,CBS_SYNTH,0.89,None,
TXN-C3-20251014-0260,ACC-CTB-005-SB1,CTB-RTL-005,2025-10-14,2025-10-14,2025-10-14T13:35:42,DR,4728.43,200856.51,Card,,Card DR GlobalMart Online,CP-C3-GM,GlobalMart Online,Supplier,Card spend,Retail purchase,N,,,N,N,N,NA,,CBS_SYNTH,0.99,None,
TXN-C3-20251014-0261,ACC-CTB-005-SB1,CTB-RTL-005,2025-10-14,2025-10-14,2025-10-14T17:22:54,DR,6131.26,194725.25,ATM,,ATM DR ATM cash withdrawal,CP-C3-ATM,ATM cash withdrawal,Supplier,Cash,ATM withdrawal,N,,,Y,N,N,NA,,CBS_SYNTH,0.9,None,
TXN-C3-20251015-0262,ACC-CTB-005-SB1,CTB-RTL-005,2025-10-15,2025-10-15,2025-10-15T13:00:01,DR,988.33,193736.92,Card,,Card DR Zomato,CP-C3-FOOD,Zomato,Supplier,Card spend,Retail purchase,N,,,N,N,N,NA,,CBS_SYNTH,0.98,None,
TXN-C3-20251015-0263,ACC-CTB-005-SB1,CTB-RTL-005,2025-10-15,2025-10-15,2025-10-15T16:19:14,DR,1137.46,192599.46,Card,,Card DR Zomato,CP-C3-FOOD,Zomato,Supplier,Card spend,Retail purchase,N,,,N,N,N,NA,,CBS_SYNTH,0.89,None,
TXN-C3-20251016-0264,ACC-CTB-005-SB1,CTB-RTL-005,2025-10-16,2025-10-16,2025-10-16T10:14:18,CR,73731.15,266330.61,NEFT,,NEFT CR Monthly salary credit,CP-C3-INC,Monthly salary credit,Buyer,Income,Salary credit,N,,,N,N,N,NA,,CBS_SYNTH,0.94,None,
TXN-C3-20251016-0265,ACC-CTB-005-SB1,CTB-RTL-005,2025-10-16,2025-10-16,2025-10-16T14:20:26,DR,727.4,265603.21,Card,,Card DR Zomato,CP-C3-FOOD,Zomato,Supplier,Card spend,Retail purchase,N,,,N,N,N,NA,,CBS_SYNTH,0.95,None,
TXN-C3-20251016-0266,ACC-CTB-005-SB1,CTB-RTL-005,2025-10-16,2025-10-16,2025-10-16T17:41:19,DR,424.23,265178.98,Card,,Card DR Zomato,CP-C3-FOOD,Zomato,Supplier,Card spend,Retail purchase,N,,,N,N,N,NA,,CBS_SYNTH,0.97,None,
TXN-C3-20251016-0267,ACC-CTB-005-SB1,CTB-RTL-005,2025-10-16,2025-10-16,2025-10-16T20:51:22,DR,1665.97,263513.01,Card,,Card DR Indian Oil Fuel,CP-C3-FUEL,Indian Oil Fuel,Supplier,Card spend,Retail purchase,N,,,N,N,N,NA,,CBS_SYNTH,0.99,None,
TXN-C3-20251017-0268,ACC-CTB-005-SB1,CTB-RTL-005,2025-10-17,2025-10-17,2025-10-17T12:13:47,DR,1087.42,262425.59,Card,,Card DR Zomato,CP-C3-FOOD,Zomato,Supplier,Card spend,Retail purchase,N,,,N,N,N,NA,,CBS_SYNTH,0.92,None,
TXN-C3-20251017-0269,ACC-CTB-005-SB1,CTB-RTL-005,2025-10-17,2025-10-17,2025-10-17T16:29:57,DR,1248.16,261177.43,Card,,Card DR Zomato,CP-C3-FOOD,Zomato,Supplier,Card spend,Retail purchase,N,,,N,N,N,NA,,CBS_SYNTH,0.95,None,
TXN-C3-20251017-0270,ACC-CTB-005-SB1,CTB-RTL-005,2025-10-17,2025-10-17,2025-10-17T20:14:17,DR,1687.58,259489.85,Card,,Card DR MSEDCL / Utilities,CP-C3-UTIL,MSEDCL / Utilities,Supplier,Card spend,Retail purchase,N,,,N,N,N,NA,,CBS_SYNTH,0.98,None,
TXN-C3-20251018-0271,ACC-CTB-005-SB1,CTB-RTL-005,2025-10-18,2025-10-18,2025-10-18T13:03:26,DR,509.18,258980.67,Card,,Card DR Indian Oil Fuel,CP-C3-FUEL,Indian Oil Fuel,Supplier,Card spend,Retail purchase,N,,,N,N,N,NA,,CBS_SYNTH,0.92,None,
TXN-C3-20251018-0272,ACC-CTB-005-SB1,CTB-RTL-005,2025-10-18,2025-10-18,2025-10-18T19:32:57,DR,5932.6,253048.07,ATM,,ATM DR ATM cash withdrawal,CP-C3-ATM,ATM cash withdrawal,Supplier,Cash,ATM withdrawal,N,,,Y,N,N,NA,,CBS_SYNTH,0.88,None,
TXN-C3-20251019-0273,ACC-CTB-005-SB1,CTB-RTL-005,2025-10-19,2025-10-19,2025-10-19T12:31:22,DR,1019.04,252029.03,Card,,Card DR MSEDCL / Utilities,CP-C3-UTIL,MSEDCL / Utilities,Supplier,Card spend,Retail purchase,N,,,N,N,N,NA,,CBS_SYNTH,0.89,None,
TXN-C3-20251020-0274,ACC-CTB-005-SB1,CTB-RTL-005,2025-10-20,2025-10-20,2025-10-20T12:13:33,DR,3877.98,248151.05,Card,,Card DR Reliance Trends,CP-C3-SHOP,Reliance Trends,Supplier,Card spend,Retail purchase,N,,,N,N,N,NA,,CBS_SYNTH,0.92,None,
TXN-C3-20251020-0275,ACC-CTB-005-SB1,CTB-RTL-005,2025-10-20,2025-10-20,2025-10-20T19:39:05,DR,975.15,247175.9,Card,,Card DR GlobalMart Online,CP-C3-GM,GlobalMart Online,Supplier,Card spend,Retail purchase,N,,,N,N,N,NA,,CBS_SYNTH,0.91,None,
TXN-C3-20251021-0276,ACC-CTB-005-SB1,CTB-RTL-005,2025-10-21,2025-10-21,2025-10-21T12:14:41,DR,1209.66,245966.24,Card,,Card DR Indian Oil Fuel,CP-C3-FUEL,Indian Oil Fuel,Supplier,Card spend,Retail purchase,N,,,N,N,N,NA,,CBS_SYNTH,0.92,None,
TXN-C3-20251021-0277,ACC-CTB-005-SB1,CTB-RTL-005,2025-10-21,2025-10-21,2025-10-21T19:01:55,DR,5253.61,240712.63,Card,,Card DR GlobalMart Online,CP-C3-GM,GlobalMart Online,Supplier,Card spend,Retail purchase,N,,,N,N,N,NA,,CBS_SYNTH,0.91,None,
TXN-C3-20251022-0278,ACC-CTB-005-SB1,CTB-RTL-005,2025-10-22,2025-10-22,2025-10-22T14:05:27,DR,304.08,240408.55,Card,,Card DR Zomato,CP-C3-FOOD,Zomato,Supplier,Card spend,Retail purchase,N,,,N,N,N,NA,,CBS_SYNTH,0.89,None,
TXN-C3-20251022-0279,ACC-CTB-005-SB1,CTB-RTL-005,2025-10-22,2025-10-22,2025-10-22T19:45:28,DR,1068.56,239339.99,Card,,Card DR Zomato,CP-C3-FOOD,Zomato,Supplier,Card spend,Retail purchase,N,,,N,N,N,NA,,CBS_SYNTH,0.94,None,
TXN-C3-20251023-0280,ACC-CTB-005-SB1,CTB-RTL-005,2025-10-23,2025-10-23,2025-10-23T10:35:43,DR,582.96,238757.03,Card,,Card DR Zomato,CP-C3-FOOD,Zomato,Supplier,Card spend,Retail purchase,N,,,N,N,N,NA,,CBS_SYNTH,0.95,None,
TXN-C3-20251023-0281,ACC-CTB-005-SB1,CTB-RTL-005,2025-10-23,2025-10-23,2025-10-23T17:55:59,DR,1185.42,237571.61,Card,,Card DR Zomato,CP-C3-FOOD,Zomato,Supplier,Card spend,Retail purchase,N,,,N,N,N,NA,,CBS_SYNTH,0.97,None,
TXN-C3-20251024-0282,ACC-CTB-005-SB1,CTB-RTL-005,2025-10-24,2025-10-24,2025-10-24T12:55:23,DR,2735.4,234836.21,Card,,Card DR Indian Oil Fuel,CP-C3-FUEL,Indian Oil Fuel,Supplier,Card spend,Retail purchase,N,,,N,N,N,NA,,CBS_SYNTH,0.99,None,
TXN-C3-20251024-0283,ACC-CTB-005-SB1,CTB-RTL-005,2025-10-24,2025-10-24,2025-10-24T19:34:59,DR,7167.09,227669.12,ATM,,ATM DR ATM cash withdrawal,CP-C3-ATM,ATM cash withdrawal,Supplier,Cash,ATM withdrawal,N,,,Y,N,N,NA,,CBS_SYNTH,0.92,None,
TXN-C3-20251025-0284,ACC-CTB-005-SB1,CTB-RTL-005,2025-10-25,2025-10-25,2025-10-25T10:20:57,DR,3633.45,224035.67,Card,,Card DR GlobalMart Online,CP-C3-GM,GlobalMart Online,Supplier,Card spend,Retail purchase,N,,,N,N,N,NA,,CBS_SYNTH,0.94,None,
TXN-C3-20251025-0285,ACC-CTB-005-SB1,CTB-RTL-005,2025-10-25,2025-10-25,2025-10-25T18:02:30,DR,3547.55,220488.12,Card,,Card DR GlobalMart Online,CP-C3-GM,GlobalMart Online,Supplier,Card spend,Retail purchase,N,,,N,N,N,NA,,CBS_SYNTH,0.94,None,
TXN-C3-20251026-0286,ACC-CTB-005-SB1,CTB-RTL-005,2025-10-26,2025-10-26,2025-10-26T11:38:42,DR,1710.41,218777.71,Card,,Card DR Indian Oil Fuel,CP-C3-FUEL,Indian Oil Fuel,Supplier,Card spend,Retail purchase,N,,,N,N,N,NA,,CBS_SYNTH,0.96,None,
TXN-C3-20251027-0287,ACC-CTB-005-SB1,CTB-RTL-005,2025-10-27,2025-10-27,2025-10-27T14:24:18,DR,5098.01,213679.7,Card,,Card DR GlobalMart Online,CP-C3-GM,GlobalMart Online,Supplier,Card spend,Retail purchase,N,,,N,N,N,NA,,CBS_SYNTH,0.9,None,
TXN-C3-20251028-0288,ACC-CTB-005-SB1,CTB-RTL-005,2025-10-28,2025-10-28,2025-10-28T14:58:10,DR,270.23,213409.47,Card,,Card DR Zomato,CP-C3-FOOD,Zomato,Supplier,Card spend,Retail purchase,N,,,N,N,N,NA,,CBS_SYNTH,0.98,None,
TXN-C3-20251029-0289,ACC-CTB-005-SB1,CTB-RTL-005,2025-10-29,2025-10-29,2025-10-29T13:41:19,DR,562.38,212847.09,Card,,Card DR Zomato,CP-C3-FOOD,Zomato,Supplier,Card spend,Retail purchase,N,,,N,N,N,NA,,CBS_SYNTH,0.96,None,
TXN-C3-20251030-0290,ACC-CTB-005-SB1,CTB-RTL-005,2025-10-30,2025-10-30,2025-10-30T13:36:41,DR,5633.4,207213.69,Card,,Card DR GlobalMart Online,CP-C3-GM,GlobalMart Online,Supplier,Card spend,Retail purchase,N,,,N,N,N,NA,,CBS_SYNTH,0.97,None,
TXN-C3-20251031-0291,ACC-CTB-005-SB1,CTB-RTL-005,2025-10-31,2025-10-31,2025-10-31T12:13:02,DR,3639.07,203574.62,Card,,Card DR Reliance Trends,CP-C3-SHOP,Reliance Trends,Supplier,Card spend,Retail purchase,N,,,N,N,N,NA,,CBS_SYNTH,0.91,None,
TXN-C3-20251101-0292,ACC-CTB-005-SB1,CTB-RTL-005,2025-11-01,2025-11-01,2025-11-01T11:43:58,DR,847.67,202726.95,Card,,Card DR Zomato,CP-C3-FOOD,Zomato,Supplier,Card spend,Retail purchase,N,,,N,N,N,NA,,CBS_SYNTH,0.89,None,
TXN-C3-20251101-0293,ACC-CTB-005-SB1,CTB-RTL-005,2025-11-01,2025-11-01,2025-11-01T16:52:54,DR,1743.49,200983.46,Card,,Card DR Zomato,CP-C3-FOOD,Zomato,Supplier,Card spend,Retail purchase,N,,,N,N,N,NA,,CBS_SYNTH,0.93,None,
TXN-C3-20251102-0294,ACC-CTB-005-SB1,CTB-RTL-005,2025-11-02,2025-11-02,2025-11-02T12:27:00,CR,54941.52,255924.98,NEFT,,NEFT CR Monthly salary credit,CP-C3-INC,Monthly salary credit,Buyer,Income,Salary credit,N,,,N,N,N,NA,,CBS_SYNTH,0.96,None,
TXN-C3-20251102-0295,ACC-CTB-005-SB1,CTB-RTL-005,2025-11-02,2025-11-02,2025-11-02T19:23:20,DR,3369.07,252555.91,Card,,Card DR GlobalMart Online,CP-C3-GM,GlobalMart Online,Supplier,Card spend,Retail purchase,N,,,N,N,N,NA,,CBS_SYNTH,0.96,None,
TXN-C3-20251103-0296,ACC-CTB-005-SB1,CTB-RTL-005,2025-11-03,2025-11-03,2025-11-03T11:16:58,DR,1957.84,250598.07,Card,,Card DR GlobalMart Online,CP-C3-GM,GlobalMart Online,Supplier,Card spend,Retail purchase,N,,,N,N,N,NA,,CBS_SYNTH,0.91,None,
TXN-C3-20251103-0297,ACC-CTB-005-SB1,CTB-RTL-005,2025-11-03,2025-11-03,2025-11-03T17:09:48,DR,2342.97,248255.1,Card,,Card DR Indian Oil Fuel,CP-C3-FUEL,Indian Oil Fuel,Supplier,Card spend,Retail purchase,N,,,N,N,N,NA,,CBS_SYNTH,0.92,None,
TXN-C3-20251104-0298,ACC-CTB-005-SB1,CTB-RTL-005,2025-11-04,2025-11-04,2025-11-04T10:28:09,DR,4552.45,243702.65,ATM,,ATM DR ATM cash withdrawal,CP-C3-ATM,ATM cash withdrawal,Supplier,Cash,ATM withdrawal,N,,,Y,N,N,NA,,CBS_SYNTH,0.89,None,
TXN-C3-20251104-0299,ACC-CTB-005-SB1,CTB-RTL-005,2025-11-04,2025-11-04,2025-11-04T19:07:26,DR,4480.1,239222.55,Card,,Card DR GlobalMart Online,CP-C3-GM,GlobalMart Online,Supplier,Card spend,Retail purchase,N,,,N,N,N,NA,,CBS_SYNTH,0.89,None,
TXN-C3-20251105-0300,ACC-CTB-005-SB1,CTB-RTL-005,2025-11-05,2025-11-05,2025-11-05T13:53:34,DR,1776.23,237446.32,Card,,Card DR Zomato,CP-C3-FOOD,Zomato,Supplier,Card spend,Retail purchase,N,,,N,N,N,NA,,CBS_SYNTH,0.89,None,
TXN-C3-20251105-0301,ACC-CTB-005-SB1,CTB-RTL-005,2025-11-05,2025-11-05,2025-11-05T18:02:42,DR,766.16,236680.16,Card,,Card DR Indian Oil Fuel,CP-C3-FUEL,Indian Oil Fuel,Supplier,Card spend,Retail purchase,N,,,N,N,N,NA,,CBS_SYNTH,0.98,None,
TXN-C3-20251106-0302,ACC-CTB-005-SB1,CTB-RTL-005,2025-11-06,2025-11-06,2025-11-06T17:08:51,DR,2591.21,234088.95,Card,,Card DR MSEDCL / Utilities,CP-C3-UTIL,MSEDCL / Utilities,Supplier,Card spend,Retail purchase,N,,,N,N,N,NA,,CBS_SYNTH,0.92,None,
TXN-C3-20251107-0303,ACC-CTB-005-SB1,CTB-RTL-005,2025-11-07,2025-11-07,2025-11-07T12:09:29,DR,2641.61,231447.34,Card,,Card DR Indian Oil Fuel,CP-C3-FUEL,Indian Oil Fuel,Supplier,Card spend,Retail purchase,N,,,N,N,N,NA,,CBS_SYNTH,0.96,None,
TXN-C3-20251107-0304,ACC-CTB-005-SB1,CTB-RTL-005,2025-11-07,2025-11-07,2025-11-07T17:00:13,DR,18900.0,212547.34,AutoDebit,,AutoDebit DR Contoso Bank (Loan EMI),CP-C3-BANK,Contoso Bank (Loan EMI),Bank,EMI,Loan EMI,N,,,N,N,N,NA,FAC-C3-PL-001,CBS_SYNTH,0.97,None,
TXN-C3-20251108-0305,ACC-CTB-005-SB1,CTB-RTL-005,2025-11-08,2025-11-08,2025-11-08T17:12:55,DR,940.78,211606.56,Card,,Card DR Zomato,CP-C3-FOOD,Zomato,Supplier,Card spend,Retail purchase,N,,,N,N,N,NA,,CBS_SYNTH,0.95,None,
TXN-C3-20251109-0306,ACC-CTB-005-SB1,CTB-RTL-005,2025-11-09,2025-11-09,2025-11-09T16:49:29,DR,3732.02,207874.54,ATM,,ATM DR ATM cash withdrawal,CP-C3-ATM,ATM cash withdrawal,Supplier,Cash,ATM withdrawal,N,,,Y,N,N,NA,,CBS_SYNTH,0.89,None,
TXN-C3-20251110-0307,ACC-CTB-005-SB1,CTB-RTL-005,2025-11-10,2025-11-10,2025-11-10T17:59:22,DR,6609.51,201265.03,Card,,Card DR Reliance Trends,CP-C3-SHOP,Reliance Trends,Supplier,Card spend,Retail purchase,N,,,N,N,N,NA,,CBS_SYNTH,0.93,None,
TXN-C3-20251111-0308,ACC-CTB-005-SB1,CTB-RTL-005,2025-11-11,2025-11-11,2025-11-11T17:24:05,DR,3860.28,197404.75,ATM,,ATM DR ATM cash withdrawal,CP-C3-ATM,ATM cash withdrawal,Supplier,Cash,ATM withdrawal,N,,,Y,N,N,NA,,CBS_SYNTH,0.97,None,
TXN-C3-20251112-0309,ACC-CTB-005-SB1,CTB-RTL-005,2025-11-12,2025-11-12,2025-11-12T14:27:40,DR,546.75,196858.0,Card,,Card DR Zomato,CP-C3-FOOD,Zomato,Supplier,Card spend,Retail purchase,N,,,N,N,N,NA,,CBS_SYNTH,0.91,None,
TXN-C3-20251113-0310,ACC-CTB-005-SB1,CTB-RTL-005,2025-11-13,2025-11-13,2025-11-13T13:16:27,DR,1750.05,195107.95,Card,,Card DR Indian Oil Fuel,CP-C3-FUEL,Indian Oil Fuel,Supplier,Card spend,Retail purchase,N,,,N,N,N,NA,,CBS_SYNTH,0.93,None,
TXN-C3-20251114-0311,ACC-CTB-005-SB1,CTB-RTL-005,2025-11-14,2025-11-14,2025-11-14T13:41:10,DR,272.43,194835.52,Card,,Card DR Zomato,CP-C3-FOOD,Zomato,Supplier,Card spend,Retail purchase,N,,,N,N,N,NA,,CBS_SYNTH,0.99,None,
TXN-C3-20251115-0312,ACC-CTB-005-SB1,CTB-RTL-005,2025-11-15,2025-11-15,2025-11-15T14:52:15,DR,6154.51,188681.01,Card,,Card DR Reliance Trends,CP-C3-SHOP,Reliance Trends,Supplier,Card spend,Retail purchase,N,,,N,N,N,NA,,CBS_SYNTH,0.93,None,
TXN-C3-20251116-0313,ACC-CTB-005-SB1,CTB-RTL-005,2025-11-16,2025-11-16,2025-11-16T13:32:17,CR,74680.6,263361.61,NEFT,,NEFT CR Monthly salary credit,CP-C3-INC,Monthly salary credit,Buyer,Income,Salary credit,N,,,N,N,N,NA,,CBS_SYNTH,0.94,None,
TXN-C3-20251116-0314,ACC-CTB-005-SB1,CTB-RTL-005,2025-11-16,2025-11-16,2025-11-16T18:11:12,DR,1814.08,261547.53,ATM,,ATM DR ATM cash withdrawal,CP-C3-ATM,ATM cash withdrawal,Supplier,Cash,ATM withdrawal,N,,,Y,N,N,NA,,CBS_SYNTH,0.97,None,
TXN-C3-20251117-0315,ACC-CTB-005-SB1,CTB-RTL-005,2025-11-17,2025-11-17,2025-11-17T10:08:49,DR,687.04,260860.49,Card,,Card DR Zomato,CP-C3-FOOD,Zomato,Supplier,Card spend,Retail purchase,N,,,N,N,N,NA,,CBS_SYNTH,0.92,None,
TXN-C3-20251117-0316,ACC-CTB-005-SB1,CTB-RTL-005,2025-11-17,2025-11-17,2025-11-17T17:15:15,DR,290.98,260569.51,Card,,Card DR Zomato,CP-C3-FOOD,Zomato,Supplier,Card spend,Retail purchase,N,,,N,N,N,NA,,CBS_SYNTH,0.96,None,
TXN-C3-20251118-0317,ACC-CTB-005-SB1,CTB-RTL-005,2025-11-18,2025-11-18,2025-11-18T10:06:40,DR,719.82,259849.69,Card,,Card DR Zomato,CP-C3-FOOD,Zomato,Supplier,Card spend,Retail purchase,N,,,N,N,N,NA,,CBS_SYNTH,0.96,None,
TXN-C3-20251118-0318,ACC-CTB-005-SB1,CTB-RTL-005,2025-11-18,2025-11-18,2025-11-18T17:40:04,DR,1470.5,258379.19,Card,,Card DR Zomato,CP-C3-FOOD,Zomato,Supplier,Card spend,Retail purchase,N,,,N,N,N,NA,,CBS_SYNTH,0.93,None,
TXN-C3-20251119-0319,ACC-CTB-005-SB1,CTB-RTL-005,2025-11-19,2025-11-19,2025-11-19T11:05:42,DR,1770.3,256608.89,Card,,Card DR Zomato,CP-C3-FOOD,Zomato,Supplier,Card spend,Retail purchase,N,,,N,N,N,NA,,CBS_SYNTH,0.97,None,
TXN-C3-20251119-0320,ACC-CTB-005-SB1,CTB-RTL-005,2025-11-19,2025-11-19,2025-11-19T20:03:45,DR,905.59,255703.3,Card,,Card DR Indian Oil Fuel,CP-C3-FUEL,Indian Oil Fuel,Supplier,Card spend,Retail purchase,N,,,N,N,N,NA,,CBS_SYNTH,0.9,None,
TXN-C3-20251120-0321,ACC-CTB-005-SB1,CTB-RTL-005,2025-11-20,2025-11-20,2025-11-20T15:58:53,DR,1224.24,254479.06,ATM,,ATM DR ATM cash withdrawal,CP-C3-ATM,ATM cash withdrawal,Supplier,Cash,ATM withdrawal,N,,,Y,N,N,NA,,CBS_SYNTH,0.95,None,
TXN-C3-20251121-0322,ACC-CTB-005-SB1,CTB-RTL-005,2025-11-21,2025-11-21,2025-11-21T17:55:44,DR,735.71,253743.35,Card,,Card DR Zomato,CP-C3-FOOD,Zomato,Supplier,Card spend,Retail purchase,N,,,N,N,N,NA,,CBS_SYNTH,0.89,None,
TXN-C3-20251122-0323,ACC-CTB-005-SB1,CTB-RTL-005,2025-11-22,2025-11-22,2025-11-22T18:57:26,DR,5040.83,248702.52,Card,,Card DR GlobalMart Online,CP-C3-GM,GlobalMart Online,Supplier,Card spend,Retail purchase,N,,,N,N,N,NA,,CBS_SYNTH,0.94,None,
TXN-C3-20251123-0324,ACC-CTB-005-SB1,CTB-RTL-005,2025-11-23,2025-11-23,2025-11-23T11:29:13,DR,2400.32,246302.2,Card,,Card DR Indian Oil Fuel,CP-C3-FUEL,Indian Oil Fuel,Supplier,Card spend,Retail purchase,N,,,N,N,N,NA,,CBS_SYNTH,0.96,None,
TXN-C3-20251124-0325,ACC-CTB-005-SB1,CTB-RTL-005,2025-11-24,2025-11-24,2025-11-24T16:24:33,DR,5038.32,241263.88,ATM,,ATM DR ATM cash withdrawal,CP-C3-ATM,ATM cash withdrawal,Supplier,Cash,ATM withdrawal,N,,,Y,N,N,NA,,CBS_SYNTH,0.95,None,
TXN-C3-20251125-0326,ACC-CTB-005-SB1,CTB-RTL-005,2025-11-25,2025-11-25,2025-11-25T13:28:27,DR,3604.02,237659.86,ATM,,ATM DR ATM cash withdrawal,CP-C3-ATM,ATM cash withdrawal,Supplier,Cash,ATM withdrawal,N,,,Y,N,N,NA,,CBS_SYNTH,0.9,None,
TXN-C3-20251126-0327,ACC-CTB-005-SB1,CTB-RTL-005,2025-11-26,2025-11-26,2025-11-26T18:08:41,DR,5119.45,232540.41,Card,,Card DR Reliance Trends,CP-C3-SHOP,Reliance Trends,Supplier,Card spend,Retail purchase,N,,,N,N,N,NA,,CBS_SYNTH,0.93,None,
TXN-C3-20251127-0328,ACC-CTB-005-SB1,CTB-RTL-005,2025-11-27,2025-11-27,2025-11-27T11:31:54,DR,2717.85,229822.56,Card,,Card DR Indian Oil Fuel,CP-C3-FUEL,Indian Oil Fuel,Supplier,Card spend,Retail purchase,N,,,N,N,N,NA,,CBS_SYNTH,0.95,None,
TXN-C3-20251128-0329,ACC-CTB-005-SB1,CTB-RTL-005,2025-11-28,2025-11-28,2025-11-28T11:36:24,DR,1119.29,228703.27,Card,,Card DR MSEDCL / Utilities,CP-C3-UTIL,MSEDCL / Utilities,Supplier,Card spend,Retail purchase,N,,,N,N,N,NA,,CBS_SYNTH,0.99,None,
TXN-C3-20251129-0330,ACC-CTB-005-SB1,CTB-RTL-005,2025-11-29,2025-11-29,2025-11-29T11:37:36,DR,590.29,228112.98,Card,,Card DR MSEDCL / Utilities,CP-C3-UTIL,MSEDCL / Utilities,Supplier,Card spend,Retail purchase,N,,,N,N,N,NA,,CBS_SYNTH,0.92,None,
TXN-C3-20251130-0331,ACC-CTB-005-SB1,CTB-RTL-005,2025-11-30,2025-11-30,2025-11-30T18:15:52,DR,2621.97,225491.01,Card,,Card DR Indian Oil Fuel,CP-C3-FUEL,Indian Oil Fuel,Supplier,Card spend,Retail purchase,N,,,N,N,N,NA,,CBS_SYNTH,0.96,None,
TXN-C3-20251201-0332,ACC-CTB-005-SB1,CTB-RTL-005,2025-12-01,2025-12-01,2025-12-01T11:35:43,CR,61292.87,286783.88,NEFT,,NEFT CR Monthly salary credit,CP-C3-INC,Monthly salary credit,Buyer,Income,Salary credit,N,,,N,N,N,NA,,CBS_SYNTH,0.93,None,
TXN-C3-20251201-0333,ACC-CTB-005-SB1,CTB-RTL-005,2025-12-01,2025-12-01,2025-12-01T15:42:21,DR,6677.65,280106.23,ATM,,ATM DR ATM cash withdrawal,CP-C3-ATM,ATM cash withdrawal,Supplier,Cash,ATM withdrawal,N,,,Y,N,N,NA,,CBS_SYNTH,0.98,None,
TXN-C3-20251201-0334,ACC-CTB-005-SB1,CTB-RTL-005,2025-12-01,2025-12-01,2025-12-01T20:39:36,DR,5537.97,274568.26,Card,,Card DR GlobalMart Online,CP-C3-GM,GlobalMart Online,Supplier,Card spend,Retail purchase,N,,,N,N,N,NA,,CBS_SYNTH,0.88,None,
TXN-C3-20251202-0335,ACC-CTB-005-SB1,CTB-RTL-005,2025-12-02,2025-12-02,2025-12-02T11:12:39,DR,1274.87,273293.39,Card,,Card DR Indian Oil Fuel,CP-C3-FUEL,Indian Oil Fuel,Supplier,Card spend,Retail purchase,N,,,N,N,N,NA,,CBS_SYNTH,0.92,None,
TXN-C3-20251202-0336,ACC-CTB-005-SB1,CTB-RTL-005,2025-12-02,2025-12-02,2025-12-02T20:08:49,DR,1253.4,272039.99,Card,,Card DR Reliance Trends,CP-C3-SHOP,Reliance Trends,Supplier,Card spend,Retail purchase,N,,,N,N,N,NA,,CBS_SYNTH,0.91,None,
TXN-C3-20251203-0337,ACC-CTB-005-SB1,CTB-RTL-005,2025-12-03,2025-12-03,2025-12-03T10:59:10,DR,1397.51,270642.48,Card,,Card DR Indian Oil Fuel,CP-C3-FUEL,Indian Oil Fuel,Supplier,Card spend,Retail purchase,N,,,N,N,N,NA,,CBS_SYNTH,0.9,None,
TXN-C3-20251203-0338,ACC-CTB-005-SB1,CTB-RTL-005,2025-12-03,2025-12-03,2025-12-03T20:23:44,DR,2042.82,268599.66,Card,,Card DR Indian Oil Fuel,CP-C3-FUEL,Indian Oil Fuel,Supplier,Card spend,Retail purchase,N,,,N,N,N,NA,,CBS_SYNTH,0.95,None,
TXN-C3-20251204-0339,ACC-CTB-005-SB1,CTB-RTL-005,2025-12-04,2025-12-04,2025-12-04T11:10:58,DR,905.45,267694.21,Card,,Card DR Indian Oil Fuel,CP-C3-FUEL,Indian Oil Fuel,Supplier,Card spend,Retail purchase,N,,,N,N,N,NA,,CBS_SYNTH,0.91,None,
TXN-C3-20251204-0340,ACC-CTB-005-SB1,CTB-RTL-005,2025-12-04,2025-12-04,2025-12-04T16:38:35,DR,4502.65,263191.56,Card,,Card DR GlobalMart Online,CP-C3-GM,GlobalMart Online,Supplier,Card spend,Retail purchase,N,,,N,N,N,NA,,CBS_SYNTH,0.95,None,
TXN-C3-20251205-0341,ACC-CTB-005-SB1,CTB-RTL-005,2025-12-05,2025-12-05,2025-12-05T10:43:32,DR,2090.19,261101.37,Card,,Card DR Reliance Trends,CP-C3-SHOP,Reliance Trends,Supplier,Card spend,Retail purchase,N,,,N,N,N,NA,,CBS_SYNTH,0.92,None,
TXN-C3-20251205-0342,ACC-CTB-005-SB1,CTB-RTL-005,2025-12-05,2025-12-05,2025-12-05T17:18:31,DR,1091.14,260010.23,Card,,Card DR Zomato,CP-C3-FOOD,Zomato,Supplier,Card spend,Retail purchase,N,,,N,N,N,NA,,CBS_SYNTH,0.96,None,
TXN-C3-20251206-0343,ACC-CTB-005-SB1,CTB-RTL-005,2025-12-06,2025-12-06,2025-12-06T14:05:35,DR,1141.14,258869.09,Card,,Card DR GlobalMart Online,CP-C3-GM,GlobalMart Online,Supplier,Card spend,Retail purchase,N,,,N,N,N,NA,,CBS_SYNTH,0.94,None,
TXN-C3-20251207-0344,ACC-CTB-005-SB1,CTB-RTL-005,2025-12-07,2025-12-07,2025-12-07T11:50:25,DR,18900.0,239969.09,AutoDebit,,AutoDebit DR Contoso Bank (Loan EMI),CP-C3-BANK,Contoso Bank (Loan EMI),Bank,EMI,Loan EMI,N,,,N,N,N,NA,FAC-C3-PL-001,CBS_SYNTH,0.97,None,
TXN-C3-20251207-0345,ACC-CTB-005-SB1,CTB-RTL-005,2025-12-07,2025-12-07,2025-12-07T16:36:17,DR,3864.67,236104.42,Card,,Card DR GlobalMart Online,CP-C3-GM,GlobalMart Online,Supplier,Card spend,Retail purchase,N,,,N,N,N,NA,,CBS_SYNTH,0.94,None,
TXN-C3-20251208-0346,ACC-CTB-005-SB1,CTB-RTL-005,2025-12-08,2025-12-08,2025-12-08T11:46:24,DR,1119.55,234984.87,Card,,Card DR Indian Oil Fuel,CP-C3-FUEL,Indian Oil Fuel,Supplier,Card spend,Retail purchase,N,,,N,N,N,NA,,CBS_SYNTH,0.94,None,
TXN-C3-20251209-0347,ACC-CTB-005-SB1,CTB-RTL-005,2025-12-09,2025-12-09,2025-12-09T18:13:05,DR,4478.37,230506.5,Card,,Card DR GlobalMart Online,CP-C3-GM,GlobalMart Online,Supplier,Card spend,Retail purchase,N,,,N,N,N,NA,,CBS_SYNTH,0.95,None,
TXN-C3-20251210-0348,ACC-CTB-005-SB1,CTB-RTL-005,2025-12-10,2025-12-10,2025-12-10T12:09:02,DR,1160.1,229346.4,Card,,Card DR Indian Oil Fuel,CP-C3-FUEL,Indian Oil Fuel,Supplier,Card spend,Retail purchase,N,,,N,N,N,NA,,CBS_SYNTH,0.92,None,
TXN-C3-20251211-0349,ACC-CTB-005-SB1,CTB-RTL-005,2025-12-11,2025-12-11,2025-12-11T17:57:29,DR,7623.51,221722.89,Card,,Card DR Reliance Trends,CP-C3-SHOP,Reliance Trends,Supplier,Card spend,Retail purchase,N,,,N,N,N,NA,,CBS_SYNTH,0.89,None,
TXN-C3-20251212-0350,ACC-CTB-005-SB1,CTB-RTL-005,2025-12-12,2025-12-12,2025-12-12T15:05:53,DR,450.59,221272.3,Card,,Card DR Zomato,CP-C3-FOOD,Zomato,Supplier,Card spend,Retail purchase,N,,,N,N,N,NA,,CBS_SYNTH,0.9,None,
TXN-C3-20251213-0351,ACC-CTB-005-SB1,CTB-RTL-005,2025-12-13,2025-12-13,2025-12-13T13:56:19,DR,6764.69,214507.61,Card,,Card DR Reliance Trends,CP-C3-SHOP,Reliance Trends,Supplier,Card spend,Retail purchase,N,,,N,N,N,NA,,CBS_SYNTH,0.92,None,
TXN-C3-20251214-0352,ACC-CTB-005-SB1,CTB-RTL-005,2025-12-14,2025-12-14,2025-12-14T14:20:47,DR,4580.37,209927.24,Card,,Card DR GlobalMart Online,CP-C3-GM,GlobalMart Online,Supplier,Card spend,Retail purchase,N,,,N,N,N,NA,,CBS_SYNTH,0.91,None,
TXN-C3-20251215-0353,ACC-CTB-005-SB1,CTB-RTL-005,2025-12-15,2025-12-15,2025-12-15T15:31:17,DR,798.9,209128.34,Card,,Card DR Zomato,CP-C3-FOOD,Zomato,Supplier,Card spend,Retail purchase,N,,,N,N,N,NA,,CBS_SYNTH,0.93,None,
TXN-C3-20251216-0354,ACC-CTB-005-SB1,CTB-RTL-005,2025-12-16,2025-12-16,2025-12-16T13:20:06,DR,962.66,208165.68,Card,,Card DR Indian Oil Fuel,CP-C3-FUEL,Indian Oil Fuel,Supplier,Card spend,Retail purchase,N,,,N,N,N,NA,,CBS_SYNTH,0.89,None,
TXN-C3-20251216-0355,ACC-CTB-005-SB1,CTB-RTL-005,2025-12-16,2025-12-16,2025-12-16T19:05:09,DR,3996.3,204169.38,Card,,Card DR Reliance Trends,CP-C3-SHOP,Reliance Trends,Supplier,Card spend,Retail purchase,N,,,N,N,N,NA,,CBS_SYNTH,0.91,None,
TXN-C3-20251217-0356,ACC-CTB-005-SB1,CTB-RTL-005,2025-12-17,2025-12-17,2025-12-17T10:45:58,CR,75420.53,279589.91,NEFT,,NEFT CR Monthly salary credit,CP-C3-INC,Monthly salary credit,Buyer,Income,Salary credit,N,,,N,N,N,NA,,CBS_SYNTH,0.97,None,
TXN-C3-20251217-0357,ACC-CTB-005-SB1,CTB-RTL-005,2025-12-17,2025-12-17,2025-12-17T15:41:00,DR,2506.81,277083.1,Card,,Card DR Indian Oil Fuel,CP-C3-FUEL,Indian Oil Fuel,Supplier,Card spend,Retail purchase,N,,,N,N,N,NA,,CBS_SYNTH,0.88,None,
TXN-C3-20251217-0358,ACC-CTB-005-SB1,CTB-RTL-005,2025-12-17,2025-12-17,2025-12-17T19:29:31,DR,5636.1,271447.0,Card,,Card DR GlobalMart Online,CP-C3-GM,GlobalMart Online,Supplier,Card spend,Retail purchase,N,,,N,N,N,NA,,CBS_SYNTH,0.95,None,
TXN-C3-20251218-0359,ACC-CTB-005-SB1,CTB-RTL-005,2025-12-18,2025-12-18,2025-12-18T13:51:55,DR,897.94,270549.06,Card,,Card DR Zomato,CP-C3-FOOD,Zomato,Supplier,Card spend,Retail purchase,N,,,N,N,N,NA,,CBS_SYNTH,0.89,None,
TXN-C3-20251218-0360,ACC-CTB-005-SB1,CTB-RTL-005,2025-12-18,2025-12-18,2025-12-18T17:58:34,DR,871.67,269677.39,Card,,Card DR Zomato,CP-C3-FOOD,Zomato,Supplier,Card spend,Retail purchase,N,,,N,N,N,NA,,CBS_SYNTH,0.92,None,
TXN-C3-20251219-0361,ACC-CTB-005-SB1,CTB-RTL-005,2025-12-19,2025-12-19,2025-12-19T11:40:13,DR,811.13,268866.26,Card,,Card DR Zomato,CP-C3-FOOD,Zomato,Supplier,Card spend,Retail purchase,N,,,N,N,N,NA,,CBS_SYNTH,0.92,None,
TXN-C3-20251219-0362,ACC-CTB-005-SB1,CTB-RTL-005,2025-12-19,2025-12-19,2025-12-19T18:32:38,DR,5663.56,263202.7,Card,,Card DR GlobalMart Online,CP-C3-GM,GlobalMart Online,Supplier,Card spend,Retail purchase,N,,,N,N,N,NA,,CBS_SYNTH,0.93,None,
TXN-C3-20251220-0363,ACC-CTB-005-SB1,CTB-RTL-005,2025-12-20,2025-12-20,2025-12-20T13:42:16,DR,1344.98,261857.72,Card,,Card DR Indian Oil Fuel,CP-C3-FUEL,Indian Oil Fuel,Supplier,Card spend,Retail purchase,N,,,N,N,N,NA,,CBS_SYNTH,0.96,None,
TXN-C3-20251221-0364,ACC-CTB-005-SB1,CTB-RTL-005,2025-12-21,2025-12-21,2025-12-21T16:25:59,DR,6291.49,255566.23,Card,,Card DR GlobalMart Online,CP-C3-GM,GlobalMart Online,Supplier,Card spend,Retail purchase,N,,,N,N,N,NA,,CBS_SYNTH,0.98,None,
TXN-C3-20251222-0365,ACC-CTB-005-SB1,CTB-RTL-005,2025-12-22,2025-12-22,2025-12-22T15:40:54,DR,553.7,255012.53,Card,,Card DR Zomato,CP-C3-FOOD,Zomato,Supplier,Card spend,Retail purchase,N,,,N,N,N,NA,,CBS_SYNTH,0.95,None,
TXN-C3-20251223-0366,ACC-CTB-005-SB1,CTB-RTL-005,2025-12-23,2025-12-23,2025-12-23T11:25:37,DR,2533.99,252478.54,Card,,Card DR GlobalMart Online,CP-C3-GM,GlobalMart Online,Supplier,Card spend,Retail purchase,N,,,N,N,N,NA,,CBS_SYNTH,0.91,None,
TXN-C3-20251224-0367,ACC-CTB-005-SB1,CTB-RTL-005,2025-12-24,2025-12-24,2025-12-24T16:44:25,DR,746.34,251732.2,Card,,Card DR Zomato,CP-C3-FOOD,Zomato,Supplier,Card spend,Retail purchase,N,,,N,N,N,NA,,CBS_SYNTH,0.91,None,
TXN-C3-20251225-0368,ACC-CTB-005-SB1,CTB-RTL-005,2025-12-25,2025-12-25,2025-12-25T14:27:16,DR,6682.87,245049.33,Card,,Card DR Reliance Trends,CP-C3-SHOP,Reliance Trends,Supplier,Card spend,Retail purchase,N,,,N,N,N,NA,,CBS_SYNTH,0.97,None,
TXN-C3-20251226-0369,ACC-CTB-005-SB1,CTB-RTL-005,2025-12-26,2025-12-26,2025-12-26T15:32:15,DR,3522.4,241526.93,Card,,Card DR GlobalMart Online,CP-C3-GM,GlobalMart Online,Supplier,Card spend,Retail purchase,N,,,N,N,N,NA,,CBS_SYNTH,0.95,None,
TXN-C3-20251227-0370,ACC-CTB-005-SB1,CTB-RTL-005,2025-12-27,2025-12-27,2025-12-27T15:56:03,DR,4246.31,237280.62,Card,,Card DR GlobalMart Online,CP-C3-GM,GlobalMart Online,Supplier,Card spend,Retail purchase,N,,,N,N,N,NA,,CBS_SYNTH,0.94,None,
TXN-C3-20251229-0371,ACC-CTB-005-SB1,CTB-RTL-005,2025-12-29,2025-12-29,2025-12-29T12:42:53,DR,5061.59,232219.03,Card,,Card DR GlobalMart Online,CP-C3-GM,GlobalMart Online,Supplier,Card spend,Retail purchase,N,,,N,N,N,NA,,CBS_SYNTH,0.92,None,
TXN-C3-20251230-0372,ACC-CTB-005-SB1,CTB-RTL-005,2025-12-30,2025-12-30,2025-12-30T16:09:13,DR,225.22,231993.81,Card,,Card DR Zomato,CP-C3-FOOD,Zomato,Supplier,Card spend,Retail purchase,N,,,N,N,N,NA,,CBS_SYNTH,0.92,None,
TXN-C3-20251231-0373,ACC-CTB-005-SB1,CTB-RTL-005,2025-12-31,2025-12-31,2025-12-31T13:56:36,CR,909.09,232902.9,Internal,,Internal CR Contoso Bank,CP-C3-BANK,Contoso Bank,Bank,Income,Savings interest,N,,,N,N,N,NA,,CBS_SYNTH,0.93,None,
TXN-C3-20251231-0374,ACC-CTB-005-SB1,CTB-RTL-005,2025-12-31,2025-12-31,2025-12-31T17:15:15,DR,385.39,232517.51,Card,,Card DR Zomato,CP-C3-FOOD,Zomato,Supplier,Card spend,Retail purchase,N,,,N,N,N,NA,,CBS_SYNTH,0.96,None,
TXN-C3-20260101-0375,ACC-CTB-005-SB1,CTB-RTL-005,2026-01-01,2026-01-01,2026-01-01T12:05:56,CR,72297.0,304814.51,NEFT,,NEFT CR Monthly salary credit,CP-C3-INC,Monthly salary credit,Buyer,Income,Salary credit,N,,,N,N,N,NA,,CBS_SYNTH,0.93,None,
TXN-C3-20260101-0376,ACC-CTB-005-SB1,CTB-RTL-005,2026-01-01,2026-01-01,2026-01-01T19:01:44,DR,836.91,303977.6,Card,,Card DR Zomato,CP-C3-FOOD,Zomato,Supplier,Card spend,Retail purchase,N,,,N,N,N,NA,,CBS_SYNTH,0.98,None,
TXN-C3-20260102-0377,ACC-CTB-005-SB1,CTB-RTL-005,2026-01-02,2026-01-02,2026-01-02T15:19:35,DR,3219.88,300757.72,Card,,Card DR GlobalMart Online,CP-C3-GM,GlobalMart Online,Supplier,Card spend,Retail purchase,N,,,N,N,N,NA,,CBS_SYNTH,0.96,None,
TXN-C3-20260103-0378,ACC-CTB-005-SB1,CTB-RTL-005,2026-01-03,2026-01-03,2026-01-03T11:14:38,DR,1344.8,299412.92,Card,,Card DR GlobalMart Online,CP-C3-GM,GlobalMart Online,Supplier,Card spend,Retail purchase,N,,,N,N,N,NA,,CBS_SYNTH,0.94,None,
TXN-C3-20260104-0379,ACC-CTB-005-SB1,CTB-RTL-005,2026-01-04,2026-01-04,2026-01-04T13:29:25,DR,4271.14,295141.78,Card,,Card DR Reliance Trends,CP-C3-SHOP,Reliance Trends,Supplier,Card spend,Retail purchase,N,,,N,N,N,NA,,CBS_SYNTH,0.92,None,
TXN-C3-20260105-0380,ACC-CTB-005-SB1,CTB-RTL-005,2026-01-05,2026-01-05,2026-01-05T18:01:08,DR,262.23,294879.55,Card,,Card DR Zomato,CP-C3-FOOD,Zomato,Supplier,Card spend,Retail purchase,N,,,N,N,N,NA,,CBS_SYNTH,0.91,None,
TXN-C3-20260106-0381,ACC-CTB-005-SB1,CTB-RTL-005,2026-01-06,2026-01-06,2026-01-06T13:42:52,DR,1788.56,293090.99,Card,,Card DR Reliance Trends,CP-C3-SHOP,Reliance Trends,Supplier,Card spend,Retail purchase,N,,,N,N,N,NA,,CBS_SYNTH,0.92,None,
TXN-C3-20260107-0382,ACC-CTB-005-SB1,CTB-RTL-005,2026-01-07,2026-01-07,2026-01-07T10:42:17,DR,4259.34,288831.65,Card,,Card DR GlobalMart Online,CP-C3-GM,GlobalMart Online,Supplier,Card spend,Retail purchase,N,,,N,N,N,NA,,CBS_SYNTH,0.92,None,
TXN-C3-20260107-0383,ACC-CTB-005-SB1,CTB-RTL-005,2026-01-07,2026-01-07,2026-01-07T18:08:38,DR,18900.0,269931.65,AutoDebit,,AutoDebit DR Contoso Bank (Loan EMI),CP-C3-BANK,Contoso Bank (Loan EMI),Bank,EMI,Loan EMI,N,,,N,N,N,NA,FAC-C3-PL-001,CBS_SYNTH,0.97,None,
TXN-C3-20260108-0384,ACC-CTB-005-SB1,CTB-RTL-005,2026-01-08,2026-01-08,2026-01-08T14:44:49,DR,2462.14,267469.51,Card,,Card DR Indian Oil Fuel,CP-C3-FUEL,Indian Oil Fuel,Supplier,Card spend,Retail purchase,N,,,N,N,N,NA,,CBS_SYNTH,0.92,None,
TXN-C3-20260109-0385,ACC-CTB-005-SB1,CTB-RTL-005,2026-01-09,2026-01-09,2026-01-09T11:05:18,DR,682.15,266787.36,Card,,Card DR Zomato,CP-C3-FOOD,Zomato,Supplier,Card spend,Retail purchase,N,,,N,N,N,NA,,CBS_SYNTH,0.98,None,
TXN-C3-20260110-0386,ACC-CTB-005-SB1,CTB-RTL-005,2026-01-10,2026-01-10,2026-01-10T12:10:08,DR,4460.69,262326.67,Card,,Card DR GlobalMart Online,CP-C3-GM,GlobalMart Online,Supplier,Card spend,Retail purchase,N,,,N,N,N,NA,,CBS_SYNTH,0.97,None,
TXN-C3-20260112-0387,ACC-CTB-005-SB1,CTB-RTL-005,2026-01-12,2026-01-12,2026-01-12T11:09:17,DR,4537.13,257789.54,Card,,Card DR GlobalMart Online,CP-C3-GM,GlobalMart Online,Supplier,Card spend,Retail purchase,N,,,N,N,N,NA,,CBS_SYNTH,0.93,None,
TXN-C3-20260113-0388,ACC-CTB-005-SB1,CTB-RTL-005,2026-01-13,2026-01-13,2026-01-13T14:48:34,DR,614.13,257175.41,Card,,Card DR Zomato,CP-C3-FOOD,Zomato,Supplier,Card spend,Retail purchase,N,,,N,N,N,NA,,CBS_SYNTH,0.94,None,
TXN-C3-20260114-0389,ACC-CTB-005-SB1,CTB-RTL-005,2026-01-14,2026-01-14,2026-01-14T15:59:55,DR,876.41,256299.0,Card,,Card DR Reliance Trends,CP-C3-SHOP,Reliance Trends,Supplier,Card spend,Retail purchase,N,,,N,N,N,NA,,CBS_SYNTH,0.97,None,
TXN-C3-20260115-0390,ACC-CTB-005-SB1,CTB-RTL-005,2026-01-15,2026-01-15,2026-01-15T13:19:22,DR,1059.33,255239.67,Card,,Card DR Indian Oil Fuel,CP-C3-FUEL,Indian Oil Fuel,Supplier,Card spend,Retail purchase,N,,,N,N,N,NA,,CBS_SYNTH,0.92,None,
TXN-C3-20260116-0391,ACC-CTB-005-SB1,CTB-RTL-005,2026-01-16,2026-01-16,2026-01-16T12:55:34,CR,58525.17,313764.84,NEFT,,NEFT CR Monthly salary credit,CP-C3-INC,Monthly salary credit,Buyer,Income,Salary credit,N,,,N,N,N,NA,,CBS_SYNTH,0.91,None,
TXN-C3-20260116-0392,ACC-CTB-005-SB1,CTB-RTL-005,2026-01-16,2026-01-16,2026-01-16T18:41:56,DR,940.15,312824.69,Card,,Card DR Zomato,CP-C3-FOOD,Zomato,Supplier,Card spend,Retail purchase,N,,,N,N,N,NA,,CBS_SYNTH,0.91,None,
TXN-C3-20260117-0393,ACC-CTB-005-SB1,CTB-RTL-005,2026-01-17,2026-01-17,2026-01-17T12:30:41,DR,820.83,312003.86,Card,,Card DR Zomato,CP-C3-FOOD,Zomato,Supplier,Card spend,Retail purchase,N,,,N,N,N,NA,,CBS_SYNTH,0.93,None,
TXN-C3-20260118-0394,ACC-CTB-005-SB1,CTB-RTL-005,2026-01-18,2026-01-18,2026-01-18T19:04:06,DR,2831.21,309172.65,Card,,Card DR GlobalMart Online,CP-C3-GM,GlobalMart Online,Supplier,Card spend,Retail purchase,N,,,N,N,N,NA,,CBS_SYNTH,0.93,None,
TXN-C3-20260119-0395,ACC-CTB-005-SB1,CTB-RTL-005,2026-01-19,2026-01-19,2026-01-19T11:36:43,DR,1346.84,307825.81,Card,,Card DR Zomato,CP-C3-FOOD,Zomato,Supplier,Card spend,Retail purchase,N,,,N,N,N,NA,,CBS_SYNTH,0.99,None,
TXN-C3-20260120-0396,ACC-CTB-005-SB1,CTB-RTL-005,2026-01-20,2026-01-20,2026-01-20T16:33:15,DR,1986.0,305839.81,Card,,Card DR Reliance Trends,CP-C3-SHOP,Reliance Trends,Supplier,Card spend,Retail purchase,N,,,N,N,N,NA,,CBS_SYNTH,0.97,None,
TXN-C3-20260121-0397,ACC-CTB-005-SB1,CTB-RTL-005,2026-01-21,2026-01-21,2026-01-21T13:41:01,DR,1144.05,304695.76,Card,,Card DR GlobalMart Online,CP-C3-GM,GlobalMart Online,Supplier,Card spend,Retail purchase,N,,,N,N,N,NA,,CBS_SYNTH,0.96,None,
TXN-C3-20260122-0398,ACC-CTB-005-SB1,CTB-RTL-005,2026-01-22,2026-01-22,2026-01-22T17:25:01,DR,943.71,303752.05,Card,,Card DR Zomato,CP-C3-FOOD,Zomato,Supplier,Card spend,Retail purchase,N,,,N,N,N,NA,,CBS_SYNTH,0.98,None,
TXN-C3-20260123-0399,ACC-CTB-005-SB1,CTB-RTL-005,2026-01-23,2026-01-23,2026-01-23T11:38:51,DR,1554.48,302197.57,Card,,Card DR Indian Oil Fuel,CP-C3-FUEL,Indian Oil Fuel,Supplier,Card spend,Retail purchase,N,,,N,N,N,NA,,CBS_SYNTH,0.9,None,
TXN-C3-20260124-0400,ACC-CTB-005-SB1,CTB-RTL-005,2026-01-24,2026-01-24,2026-01-24T17:34:48,DR,1138.27,301059.3,Card,,Card DR Zomato,CP-C3-FOOD,Zomato,Supplier,Card spend,Retail purchase,N,,,N,N,N,NA,,CBS_SYNTH,0.9,None,
TXN-C3-20260126-0401,ACC-CTB-005-SB1,CTB-RTL-005,2026-01-26,2026-01-26,2026-01-26T16:09:30,DR,874.72,300184.58,Card,,Card DR Indian Oil Fuel,CP-C3-FUEL,Indian Oil Fuel,Supplier,Card spend,Retail purchase,N,,,N,N,N,NA,,CBS_SYNTH,0.91,None,
TXN-C3-20260127-0402,ACC-CTB-005-SB1,CTB-RTL-005,2026-01-27,2026-01-27,2026-01-27T17:21:31,DR,2380.25,297804.33,Card,,Card DR Reliance Trends,CP-C3-SHOP,Reliance Trends,Supplier,Card spend,Retail purchase,N,,,N,N,N,NA,,CBS_SYNTH,0.88,None,
TXN-C3-20260128-0403,ACC-CTB-005-SB1,CTB-RTL-005,2026-01-28,2026-01-28,2026-01-28T18:33:38,DR,6345.24,291459.09,ATM,,ATM DR ATM cash withdrawal,CP-C3-ATM,ATM cash withdrawal,Supplier,Cash,ATM withdrawal,N,,,Y,N,N,NA,,CBS_SYNTH,0.9,None,
TXN-C3-20260129-0404,ACC-CTB-005-SB1,CTB-RTL-005,2026-01-29,2026-01-29,2026-01-29T15:05:28,DR,1081.83,290377.26,ATM,,ATM DR ATM cash withdrawal,CP-C3-ATM,ATM cash withdrawal,Supplier,Cash,ATM withdrawal,N,,,Y,N,N,NA,,CBS_SYNTH,0.9,None,
TXN-C3-20260130-0405,ACC-CTB-005-SB1,CTB-RTL-005,2026-01-30,2026-01-30,2026-01-30T12:17:11,DR,4807.03,285570.23,Card,,Card DR GlobalMart Online,CP-C3-GM,GlobalMart Online,Supplier,Card spend,Retail purchase,N,,,N,N,N,NA,,CBS_SYNTH,0.9,None,
TXN-C3-20260131-0406,ACC-CTB-005-SB1,CTB-RTL-005,2026-01-31,2026-01-31,2026-01-31T18:36:18,DR,776.87,284793.36,Card,,Card DR GlobalMart Online,CP-C3-GM,GlobalMart Online,Supplier,Card spend,Retail purchase,N,,,N,N,N,NA,,CBS_SYNTH,0.97,None,
TXN-C3-20260201-0407,ACC-CTB-005-SB1,CTB-RTL-005,2026-02-01,2026-02-01,2026-02-01T18:12:35,DR,5697.33,279096.03,Card,,Card DR Reliance Trends,CP-C3-SHOP,Reliance Trends,Supplier,Card spend,Retail purchase,N,,,N,N,N,NA,,CBS_SYNTH,0.9,None,
TXN-C3-20260202-0408,ACC-CTB-005-SB1,CTB-RTL-005,2026-02-02,2026-02-02,2026-02-02T12:23:36,CR,76937.01,356033.04,NEFT,,NEFT CR Monthly salary credit,CP-C3-INC,Monthly salary credit,Buyer,Income,Salary credit,N,,,N,N,N,NA,,CBS_SYNTH,0.91,None,
TXN-C3-20260202-0409,ACC-CTB-005-SB1,CTB-RTL-005,2026-02-02,2026-02-02,2026-02-02T16:40:16,DR,3292.27,352740.77,Card,,Card DR Reliance Trends,CP-C3-SHOP,Reliance Trends,Supplier,Card spend,Retail purchase,N,,,N,N,N,NA,,CBS_SYNTH,0.97,None,
TXN-C3-20260203-0410,ACC-CTB-005-SB1,CTB-RTL-005,2026-02-03,2026-02-03,2026-02-03T18:02:13,DR,390.88,352349.89,Card,,Card DR Zomato,CP-C3-FOOD,Zomato,Supplier,Card spend,Retail purchase,N,,,N,N,N,NA,,CBS_SYNTH,0.93,None,
TXN-C3-20260204-0411,ACC-CTB-005-SB1,CTB-RTL-005,2026-02-04,2026-02-04,2026-02-04T17:32:15,DR,4972.68,347377.21,Card,,Card DR GlobalMart Online,CP-C3-GM,GlobalMart Online,Supplier,Card spend,Retail purchase,N,,,N,N,N,NA,,CBS_SYNTH,0.88,None,
TXN-C3-20260205-0412,ACC-CTB-005-SB1,CTB-RTL-005,2026-02-05,2026-02-05,2026-02-05T11:07:24,DR,1534.36,345842.85,Card,,Card DR Reliance Trends,CP-C3-SHOP,Reliance Trends,Supplier,Card spend,Retail purchase,N,,,N,N,N,NA,,CBS_SYNTH,0.96,None,
TXN-C3-20260206-0413,ACC-CTB-005-SB1,CTB-RTL-005,2026-02-06,2026-02-06,2026-02-06T19:02:11,DR,2223.67,343619.18,Card,,Card DR MSEDCL / Utilities,CP-C3-UTIL,MSEDCL / Utilities,Supplier,Card spend,Retail purchase,N,,,N,N,N,NA,,CBS_SYNTH,0.98,None,
TXN-C3-20260207-0414,ACC-CTB-005-SB1,CTB-RTL-005,2026-02-07,2026-02-07,2026-02-07T13:03:33,DR,974.08,342645.1,Card,,Card DR Zomato,CP-C3-FOOD,Zomato,Supplier,Card spend,Retail purchase,N,,,N,N,N,NA,,CBS_SYNTH,0.89,None,
TXN-C3-20260207-0415,ACC-CTB-005-SB1,CTB-RTL-005,2026-02-07,2026-02-07,2026-02-07T16:52:15,DR,18900.0,323745.1,AutoDebit,,AutoDebit DR Contoso Bank (Loan EMI),CP-C3-BANK,Contoso Bank (Loan EMI),Bank,EMI,Loan EMI,N,,,N,N,N,NA,FAC-C3-PL-001,CBS_SYNTH,0.97,None,
TXN-C3-20260209-0416,ACC-CTB-005-SB1,CTB-RTL-005,2026-02-09,2026-02-09,2026-02-09T12:06:35,DR,1476.74,322268.36,Card,,Card DR GlobalMart Online,CP-C3-GM,GlobalMart Online,Supplier,Card spend,Retail purchase,N,,,N,N,N,NA,,CBS_SYNTH,0.91,None,
TXN-C3-20260210-0417,ACC-CTB-005-SB1,CTB-RTL-005,2026-02-10,2026-02-10,2026-02-10T18:05:54,DR,1152.8,321115.56,Card,,Card DR Indian Oil Fuel,CP-C3-FUEL,Indian Oil Fuel,Supplier,Card spend,Retail purchase,N,,,N,N,N,NA,,CBS_SYNTH,0.91,None,
TXN-C3-20260211-0418,ACC-CTB-005-SB1,CTB-RTL-005,2026-02-11,2026-02-11,2026-02-11T16:12:50,DR,3257.29,317858.27,Card,,Card DR GlobalMart Online,CP-C3-GM,GlobalMart Online,Supplier,Card spend,Retail purchase,N,,,N,N,N,NA,,CBS_SYNTH,0.94,None,
TXN-C3-20260212-0419,ACC-CTB-005-SB1,CTB-RTL-005,2026-02-12,2026-02-12,2026-02-12T17:41:53,DR,2839.43,315018.84,Card,,Card DR Indian Oil Fuel,CP-C3-FUEL,Indian Oil Fuel,Supplier,Card spend,Retail purchase,N,,,N,N,N,NA,,CBS_SYNTH,0.92,None,
TXN-C3-20260213-0420,ACC-CTB-005-SB1,CTB-RTL-005,2026-02-13,2026-02-13,2026-02-13T14:43:15,DR,1867.42,313151.42,Card,,Card DR GlobalMart Online,CP-C3-GM,GlobalMart Online,Supplier,Card spend,Retail purchase,N,,,N,N,N,NA,,CBS_SYNTH,0.91,None,
TXN-C3-20260214-0421,ACC-CTB-005-SB1,CTB-RTL-005,2026-02-14,2026-02-14,2026-02-14T16:18:43,DR,2154.9,310996.52,Card,,Card DR MSEDCL / Utilities,CP-C3-UTIL,MSEDCL / Utilities,Supplier,Card spend,Retail purchase,N,,,N,N,N,NA,,CBS_SYNTH,0.97,None,
TXN-C3-20260216-0422,ACC-CTB-005-SB1,CTB-RTL-005,2026-02-16,2026-02-16,2026-02-16T18:56:28,DR,1313.02,309683.5,Card,,Card DR Zomato,CP-C3-FOOD,Zomato,Supplier,Card spend,Retail purchase,N,,,N,N,N,NA,,CBS_SYNTH,0.92,None,
TXN-C3-20260217-0423,ACC-CTB-005-SB1,CTB-RTL-005,2026-02-17,2026-02-17,2026-02-17T12:39:37,CR,76640.3,386323.8,NEFT,,NEFT CR Monthly salary credit,CP-C3-INC,Monthly salary credit,Buyer,Income,Salary credit,N,,,N,N,N,NA,,CBS_SYNTH,0.93,None,
TXN-C3-20260217-0424,ACC-CTB-005-SB1,CTB-RTL-005,2026-02-17,2026-02-17,2026-02-17T16:29:16,DR,984.47,385339.33,Card,,Card DR Zomato,CP-C3-FOOD,Zomato,Supplier,Card spend,Retail purchase,N,,,N,N,N,NA,,CBS_SYNTH,0.98,None,
TXN-C3-20260218-0425,ACC-CTB-005-SB1,CTB-RTL-005,2026-02-18,2026-02-18,2026-02-18T18:45:53,DR,2853.09,382486.24,Card,,Card DR Indian Oil Fuel,CP-C3-FUEL,Indian Oil Fuel,Supplier,Card spend,Retail purchase,N,,,N,N,N,NA,,CBS_SYNTH,0.91,None,
TXN-C3-20260219-0426,ACC-CTB-005-SB1,CTB-RTL-005,2026-02-19,2026-02-19,2026-02-19T14:04:08,DR,1489.86,380996.38,Card,,Card DR Zomato,CP-C3-FOOD,Zomato,Supplier,Card spend,Retail purchase,N,,,N,N,N,NA,,CBS_SYNTH,0.96,None,
TXN-C3-20260220-0427,ACC-CTB-005-SB1,CTB-RTL-005,2026-02-20,2026-02-20,2026-02-20T19:04:57,DR,3358.81,377637.57,Card,,Card DR GlobalMart Online,CP-C3-GM,GlobalMart Online,Supplier,Card spend,Retail purchase,N,,,N,N,N,NA,,CBS_SYNTH,0.9,None,
TXN-C3-20260221-0428,ACC-CTB-005-SB1,CTB-RTL-005,2026-02-21,2026-02-21,2026-02-21T16:02:19,DR,4493.4,373144.17,Card,,Card DR Reliance Trends,CP-C3-SHOP,Reliance Trends,Supplier,Card spend,Retail purchase,N,,,N,N,N,NA,,CBS_SYNTH,0.94,None,
TXN-C3-20260223-0429,ACC-CTB-005-SB1,CTB-RTL-005,2026-02-23,2026-02-23,2026-02-23T17:54:10,DR,751.23,372392.94,Card,,Card DR Zomato,CP-C3-FOOD,Zomato,Supplier,Card spend,Retail purchase,N,,,N,N,N,NA,,CBS_SYNTH,0.89,None,
TXN-C3-20260224-0430,ACC-CTB-005-SB1,CTB-RTL-005,2026-02-24,2026-02-24,2026-02-24T13:01:13,DR,1837.87,370555.07,Card,,Card DR Indian Oil Fuel,CP-C3-FUEL,Indian Oil Fuel,Supplier,Card spend,Retail purchase,N,,,N,N,N,NA,,CBS_SYNTH,0.94,None,
TXN-C3-20260225-0431,ACC-CTB-005-SB1,CTB-RTL-005,2026-02-25,2026-02-25,2026-02-25T15:57:48,DR,775.78,369779.29,Card,,Card DR Indian Oil Fuel,CP-C3-FUEL,Indian Oil Fuel,Supplier,Card spend,Retail purchase,N,,,N,N,N,NA,,CBS_SYNTH,0.93,None,
TXN-C3-20260301-0432,ACC-CTB-005-SB1,CTB-RTL-005,2026-03-01,2026-03-01,2026-03-01T10:06:32,CR,78886.55,448665.84,NEFT,,NEFT CR Monthly salary credit,CP-C3-INC,Monthly salary credit,Buyer,Income,Salary credit,N,,,N,N,N,NA,,CBS_SYNTH,0.93,None,
TXN-C3-20260301-0433,ACC-CTB-005-SB1,CTB-RTL-005,2026-03-01,2026-03-01,2026-03-01T17:36:05,DR,2201.33,446464.51,Card,,Card DR MSEDCL / Utilities,CP-C3-UTIL,MSEDCL / Utilities,Supplier,Card spend,Retail purchase,N,,,N,N,N,NA,,CBS_SYNTH,0.94,None,
TXN-C3-20260302-0434,ACC-CTB-005-SB1,CTB-RTL-005,2026-03-02,2026-03-02,2026-03-02T12:38:53,DR,2769.17,443695.34,Card,,Card DR GlobalMart Online,CP-C3-GM,GlobalMart Online,Supplier,Card spend,Retail purchase,N,,,N,N,N,NA,,CBS_SYNTH,0.95,None,
TXN-C3-20260303-0435,ACC-CTB-005-SB1,CTB-RTL-005,2026-03-03,2026-03-03,2026-03-03T17:10:38,DR,3409.5,440285.84,ATM,,ATM DR ATM cash withdrawal,CP-C3-ATM,ATM cash withdrawal,Supplier,Cash,ATM withdrawal,N,,,Y,N,N,NA,,CBS_SYNTH,0.95,None,
TXN-C3-20260304-0436,ACC-CTB-005-SB1,CTB-RTL-005,2026-03-04,2026-03-04,2026-03-04T16:50:12,DR,864.27,439421.57,Card,,Card DR Zomato,CP-C3-FOOD,Zomato,Supplier,Card spend,Retail purchase,N,,,N,N,N,NA,,CBS_SYNTH,0.97,None,
TXN-C3-20260305-0437,ACC-CTB-005-SB1,CTB-RTL-005,2026-03-05,2026-03-05,2026-03-05T11:55:16,DR,1704.47,437717.1,Card,,Card DR Zomato,CP-C3-FOOD,Zomato,Supplier,Card spend,Retail purchase,N,,,N,N,N,NA,,CBS_SYNTH,0.93,None,
TXN-C3-20260306-0438,ACC-CTB-005-SB1,CTB-RTL-005,2026-03-06,2026-03-06,2026-03-06T17:49:39,DR,1287.06,436430.04,Card,,Card DR Reliance Trends,CP-C3-SHOP,Reliance Trends,Supplier,Card spend,Retail purchase,N,,,N,N,N,NA,,CBS_SYNTH,0.97,None,
TXN-C3-20260307-0439,ACC-CTB-005-SB1,CTB-RTL-005,2026-03-07,2026-03-07,2026-03-07T13:46:59,DR,1204.49,435225.55,Card,,Card DR Indian Oil Fuel,CP-C3-FUEL,Indian Oil Fuel,Supplier,Card spend,Retail purchase,N,,,N,N,N,NA,,CBS_SYNTH,0.94,None,
TXN-C3-20260307-0440,ACC-CTB-005-SB1,CTB-RTL-005,2026-03-07,2026-03-07,2026-03-07T20:10:42,DR,18900.0,416325.55,AutoDebit,,AutoDebit DR Contoso Bank (Loan EMI),CP-C3-BANK,Contoso Bank (Loan EMI),Bank,EMI,Loan EMI,N,,,N,N,N,NA,FAC-C3-PL-001,CBS_SYNTH,0.97,None,
TXN-C3-20260309-0441,ACC-CTB-005-SB1,CTB-RTL-005,2026-03-09,2026-03-09,2026-03-09T12:03:45,DR,1183.0,415142.55,Card,,Card DR Zomato,CP-C3-FOOD,Zomato,Supplier,Card spend,Retail purchase,N,,,N,N,N,NA,,CBS_SYNTH,0.93,None,
TXN-C3-20260310-0442,ACC-CTB-005-SB1,CTB-RTL-005,2026-03-10,2026-03-10,2026-03-10T12:44:57,DR,1348.68,413793.87,Card,,Card DR Indian Oil Fuel,CP-C3-FUEL,Indian Oil Fuel,Supplier,Card spend,Retail purchase,N,,,N,N,N,NA,,CBS_SYNTH,0.93,None,
TXN-C3-20260311-0443,ACC-CTB-005-SB1,CTB-RTL-005,2026-03-11,2026-03-11,2026-03-11T16:15:22,DR,6261.33,407532.54,Card,,Card DR Reliance Trends,CP-C3-SHOP,Reliance Trends,Supplier,Card spend,Retail purchase,N,,,N,N,N,NA,,CBS_SYNTH,0.96,None,
TXN-C3-20260312-0444,ACC-CTB-005-SB1,CTB-RTL-005,2026-03-12,2026-03-12,2026-03-12T18:01:33,DR,2271.16,405261.38,Card,,Card DR Indian Oil Fuel,CP-C3-FUEL,Indian Oil Fuel,Supplier,Card spend,Retail purchase,N,,,N,N,N,NA,,CBS_SYNTH,0.98,None,
TXN-C3-20260313-0445,ACC-CTB-005-SB1,CTB-RTL-005,2026-03-13,2026-03-13,2026-03-13T18:35:04,DR,833.61,404427.77,Card,,Card DR Indian Oil Fuel,CP-C3-FUEL,Indian Oil Fuel,Supplier,Card spend,Retail purchase,N,,,N,N,N,NA,,CBS_SYNTH,0.94,None,
TXN-C3-20260314-0446,ACC-CTB-005-SB1,CTB-RTL-005,2026-03-14,2026-03-14,2026-03-14T18:53:10,DR,5226.06,399201.71,Card,,Card DR GlobalMart Online,CP-C3-GM,GlobalMart Online,Supplier,Card spend,Retail purchase,N,,,N,N,N,NA,,CBS_SYNTH,0.9,None,
TXN-C3-20260316-0447,ACC-CTB-005-SB1,CTB-RTL-005,2026-03-16,2026-03-16,2026-03-16T15:05:19,DR,3885.12,395316.59,Card,,Card DR GlobalMart Online,CP-C3-GM,GlobalMart Online,Supplier,Card spend,Retail purchase,N,,,N,N,N,NA,,CBS_SYNTH,0.97,None,
TXN-C3-20260317-0448,ACC-CTB-005-SB1,CTB-RTL-005,2026-03-17,2026-03-17,2026-03-17T11:09:02,CR,67474.34,462790.93,NEFT,,NEFT CR Monthly salary credit,CP-C3-INC,Monthly salary credit,Buyer,Income,Salary credit,N,,,N,N,N,NA,,CBS_SYNTH,0.96,None,
TXN-C3-20260317-0449,ACC-CTB-005-SB1,CTB-RTL-005,2026-03-17,2026-03-17,2026-03-17T20:00:52,DR,1433.52,461357.41,Card,,Card DR Indian Oil Fuel,CP-C3-FUEL,Indian Oil Fuel,Supplier,Card spend,Retail purchase,N,,,N,N,N,NA,,CBS_SYNTH,0.95,None,
TXN-C3-20260318-0450,ACC-CTB-005-SB1,CTB-RTL-005,2026-03-18,2026-03-18,2026-03-18T12:09:42,DR,1656.8,459700.61,Card,,Card DR GlobalMart Online,CP-C3-GM,GlobalMart Online,Supplier,Card spend,Retail purchase,N,,,N,N,N,NA,,CBS_SYNTH,0.88,None,
TXN-C3-20260319-0451,ACC-CTB-005-SB1,CTB-RTL-005,2026-03-19,2026-03-19,2026-03-19T14:43:22,DR,859.42,458841.19,Card,,Card DR MSEDCL / Utilities,CP-C3-UTIL,MSEDCL / Utilities,Supplier,Card spend,Retail purchase,N,,,N,N,N,NA,,CBS_SYNTH,0.89,None,
TXN-C3-20260320-0452,ACC-CTB-005-SB1,CTB-RTL-005,2026-03-20,2026-03-20,2026-03-20T19:21:18,DR,860.01,457981.18,Card,,Card DR Reliance Trends,CP-C3-SHOP,Reliance Trends,Supplier,Card spend,Retail purchase,N,,,N,N,N,NA,,CBS_SYNTH,0.89,None,
TXN-C3-20260321-0453,ACC-CTB-005-SB1,CTB-RTL-005,2026-03-21,2026-03-21,2026-03-21T18:00:37,DR,2454.37,455526.81,Card,,Card DR Indian Oil Fuel,CP-C3-FUEL,Indian Oil Fuel,Supplier,Card spend,Retail purchase,N,,,N,N,N,NA,,CBS_SYNTH,0.89,None,
TXN-C3-20260323-0454,ACC-CTB-005-SB1,CTB-RTL-005,2026-03-23,2026-03-23,2026-03-23T18:00:10,DR,6099.1,449427.71,Card,,Card DR Reliance Trends,CP-C3-SHOP,Reliance Trends,Supplier,Card spend,Retail purchase,N,,,N,N,N,NA,,CBS_SYNTH,0.98,None,
TXN-C3-20260324-0455,ACC-CTB-005-SB1,CTB-RTL-005,2026-03-24,2026-03-24,2026-03-24T12:20:28,DR,4542.03,444885.68,Card,,Card DR GlobalMart Online,CP-C3-GM,GlobalMart Online,Supplier,Card spend,Retail purchase,N,,,N,N,N,NA,,CBS_SYNTH,0.95,None,
TXN-C3-20260325-0456,ACC-CTB-005-SB1,CTB-RTL-005,2026-03-25,2026-03-25,2026-03-25T19:08:43,DR,1091.15,443794.53,Card,,Card DR Indian Oil Fuel,CP-C3-FUEL,Indian Oil Fuel,Supplier,Card spend,Retail purchase,N,,,N,N,N,NA,,CBS_SYNTH,0.96,None,
TXN-C3-20260326-0457,ACC-CTB-005-SB1,CTB-RTL-005,2026-03-26,2026-03-26,2026-03-26T14:59:32,DR,1685.24,442109.29,Card,,Card DR Zomato,CP-C3-FOOD,Zomato,Supplier,Card spend,Retail purchase,N,,,N,N,N,NA,,CBS_SYNTH,0.93,None,
TXN-C3-20260327-0458,ACC-CTB-005-SB1,CTB-RTL-005,2026-03-27,2026-03-27,2026-03-27T14:43:20,DR,4482.43,437626.86,ATM,,ATM DR ATM cash withdrawal,CP-C3-ATM,ATM cash withdrawal,Supplier,Cash,ATM withdrawal,N,,,Y,N,N,NA,,CBS_SYNTH,0.96,None,
TXN-C3-20260328-0459,ACC-CTB-005-SB1,CTB-RTL-005,2026-03-28,2026-03-28,2026-03-28T18:32:57,DR,1148.36,436478.5,Card,,Card DR Zomato,CP-C3-FOOD,Zomato,Supplier,Card spend,Retail purchase,N,,,N,N,N,NA,,CBS_SYNTH,0.95,None,
TXN-C3-20260330-0460,ACC-CTB-005-SB1,CTB-RTL-005,2026-03-30,2026-03-30,2026-03-30T16:06:02,DR,2570.47,433908.03,Card,,Card DR MSEDCL / Utilities,CP-C3-UTIL,MSEDCL / Utilities,Supplier,Card spend,Retail purchase,N,,,N,N,N,NA,,CBS_SYNTH,0.96,None,
TXN-C3-20260331-0461,ACC-CTB-005-SB1,CTB-RTL-005,2026-03-31,2026-03-31,2026-03-31T11:57:07,CR,1035.52,434943.55,Internal,,Internal CR Contoso Bank,CP-C3-BANK,Contoso Bank,Bank,Income,Savings interest,N,,,N,N,N,NA,,CBS_SYNTH,0.93,None,
TXN-C3-20260331-0462,ACC-CTB-005-SB1,CTB-RTL-005,2026-03-31,2026-03-31,2026-03-31T16:35:35,DR,3932.06,431011.49,Card,,Card DR Reliance Trends,CP-C3-SHOP,Reliance Trends,Supplier,Card spend,Retail purchase,N,,,N,N,N,NA,,CBS_SYNTH,0.88,None,
